"wSom","date","year","type"
4.62,2000-01-01,2000,"Imputed"
4.62,2000-01-08,2000,"Imputed"
4.77,2000-01-15,2000,"Imputed"
4.75,2000-01-22,2000,"Imputed"
4.855,2000-01-29,2000,"Imputed"
4.96,2000-02-05,2000,"Imputed"
5.05,2000-02-12,2000,"Imputed"
5.14,2000-02-19,2000,"Imputed"
5.23,2000-02-26,2000,"Imputed"
5.73,2000-03-04,2000,"Imputed"
6.23,2000-03-11,2000,"Imputed"
6.73,2000-03-18,2000,"Imputed"
7.555,2000-03-25,2000,"Imputed"
8.38,2000-04-01,2000,"Imputed"
10.57,2000-04-08,2000,"Imputed"
10.3,2000-04-15,2000,"Imputed"
8.87,2000-04-22,2000,"Imputed"
10.2866666666667,2000-04-29,2000,"Imputed"
11.7033333333333,2000-05-06,2000,"Imputed"
13.12,2000-05-13,2000,"Imputed"
13.8,2000-05-20,2000,"Imputed"
14.39,2000-05-27,2000,"Imputed"
15.0716666666667,2000-06-03,2000,"Imputed"
15.7533333333333,2000-06-10,2000,"Imputed"
16.435,2000-06-17,2000,"Imputed"
17.1166666666667,2000-06-24,2000,"Imputed"
17.7983333333333,2000-07-01,2000,"Imputed"
18.48,2000-07-08,2000,"Imputed"
19.56,2000-07-15,2000,"Imputed"
20.02,2000-07-22,2000,"Imputed"
20.48,2000-07-29,2000,"Imputed"
20.92,2000-08-05,2000,"Imputed"
18.93,2000-08-12,2000,"Imputed"
19.75,2000-08-19,2000,"Imputed"
18.6,2000-08-26,2000,"Imputed"
17,2000-09-02,2000,"Imputed"
17.4,2000-09-09,2000,"Imputed"
18.26,2000-09-16,2000,"Imputed"
16.27,2000-09-23,2000,"Imputed"
14.9,2000-09-30,2000,"Imputed"
13.9614285714286,2000-10-07,2000,"Imputed"
13.0228571428571,2000-10-14,2000,"Imputed"
12.0842857142857,2000-10-21,2000,"Imputed"
11.1457142857143,2000-10-28,2000,"Imputed"
10.2071428571429,2000-11-04,2000,"Imputed"
9.26857142857143,2000-11-11,2000,"Imputed"
8.33,2000-11-18,2000,"Imputed"
7.63,2000-11-25,2000,"Imputed"
7.39,2000-12-02,2000,"Imputed"
7.09,2000-12-09,2000,"Imputed"
6.79,2000-12-16,2000,"Imputed"
6.49,2000-12-23,2000,"Imputed"
6.19,2000-12-30,2000,"Imputed"
5.89,2001-01-01,2001,"Imputed"
5.59,2001-01-08,2001,"Imputed"
5.36,2001-01-15,2001,"Imputed"
5.11,2001-01-22,2001,"Imputed"
4.86,2001-01-29,2001,"Observed"
4.68,2001-02-05,2001,"Imputed"
5.325,2001-02-12,2001,"Imputed"
5.97,2001-02-19,2001,"Imputed"
4.85,2001-02-26,2001,"Observed"
7.29,2001-03-05,2001,"Imputed"
7.59,2001-03-12,2001,"Imputed"
7.89,2001-03-19,2001,"Imputed"
7.52,2001-03-26,2001,"Imputed"
8.38,2001-04-02,2001,"Imputed"
8.81,2001-04-09,2001,"Imputed"
9.99,2001-04-16,2001,"Imputed"
10.08,2001-04-23,2001,"Imputed"
10.41,2001-04-30,2001,"Imputed"
10.74,2001-05-07,2001,"Observed"
12.47,2001-05-14,2001,"Imputed"
14.76,2001-05-21,2001,"Imputed"
14.625,2001-05-28,2001,"Imputed"
14.49,2001-06-04,2001,"Observed"
14.86,2001-06-11,2001,"Imputed"
17.99,2001-06-18,2001,"Imputed"
16.92,2001-06-25,2001,"Observed"
19.02,2001-07-02,2001,"Imputed"
19.51,2001-07-09,2001,"Observed"
18.21,2001-07-16,2001,"Imputed"
18.91,2001-07-23,2001,"Imputed"
17.05,2001-07-30,2001,"Imputed"
18.35,2001-08-06,2001,"Imputed"
19.29,2001-08-13,2001,"Imputed"
18.9314285714286,2001-08-20,2001,"Imputed"
18.5728571428571,2001-08-27,2001,"Imputed"
18.2142857142857,2001-09-03,2001,"Imputed"
17.8557142857143,2001-09-10,2001,"Imputed"
17.4971428571429,2001-09-17,2001,"Imputed"
17.1385714285714,2001-09-24,2001,"Imputed"
16.78,2001-10-01,2001,"Observed"
15.4433333333333,2001-10-08,2001,"Imputed"
14.1066666666667,2001-10-15,2001,"Imputed"
12.77,2001-10-22,2001,"Observed"
11.69,2001-10-29,2001,"Imputed"
11.13,2001-11-05,2001,"Imputed"
11.15,2001-11-12,2001,"Imputed"
9.955,2001-11-19,2001,"Imputed"
8.76,2001-11-26,2001,"Observed"
6.67,2001-12-03,2001,"Imputed"
6.37,2001-12-10,2001,"Imputed"
6.0925,2001-12-17,2001,"Imputed"
5.815,2001-12-24,2001,"Imputed"
5.5375,2001-12-31,2001,"Imputed"
5.26,2002-01-01,2002,"Imputed"
5.28,2002-01-08,2002,"Imputed"
5.3,2002-01-15,2002,"Imputed"
5.13,2002-01-22,2002,"Imputed"
4.95,2002-01-29,2002,"Imputed"
4.58,2002-02-05,2002,"Imputed"
4.77,2002-02-12,2002,"Imputed"
4.89,2002-02-19,2002,"Imputed"
5.23,2002-02-26,2002,"Imputed"
4.73,2002-03-05,2002,"Imputed"
5.35,2002-03-12,2002,"Imputed"
4.95,2002-03-19,2002,"Imputed"
6.385,2002-03-26,2002,"Imputed"
7.82,2002-04-02,2002,"Imputed"
8.34666666666667,2002-04-09,2002,"Imputed"
8.87333333333333,2002-04-16,2002,"Imputed"
9.4,2002-04-23,2002,"Imputed"
10.51,2002-04-30,2002,"Imputed"
11.62,2002-05-07,2002,"Imputed"
12.92,2002-05-14,2002,"Imputed"
13.6066666666667,2002-05-21,2002,"Imputed"
14.2933333333333,2002-05-28,2002,"Imputed"
14.98,2002-06-04,2002,"Imputed"
10.68,2002-06-11,2002,"Observed"
15.15,2002-06-18,2002,"Imputed"
19.62,2002-06-25,2002,"Imputed"
17.7,2002-07-02,2002,"Imputed"
20.76,2002-07-09,2002,"Imputed"
21.13,2002-07-16,2002,"Imputed"
21.5,2002-07-23,2002,"Imputed"
18.8,2002-07-30,2002,"Imputed"
19.19,2002-08-06,2002,"Imputed"
20.94,2002-08-13,2002,"Imputed"
20.18,2002-08-20,2002,"Imputed"
21.45,2002-08-27,2002,"Imputed"
17.96,2002-09-03,2002,"Imputed"
17.8333333333333,2002-09-10,2002,"Imputed"
17.7066666666667,2002-09-17,2002,"Imputed"
17.58,2002-09-24,2002,"Imputed"
16.86,2002-10-01,2002,"Imputed"
16.14,2002-10-08,2002,"Imputed"
13.76,2002-10-15,2002,"Imputed"
13.26,2002-10-22,2002,"Imputed"
12.5325,2002-10-29,2002,"Imputed"
11.805,2002-11-05,2002,"Imputed"
11.0775,2002-11-12,2002,"Imputed"
10.35,2002-11-19,2002,"Imputed"
9.52,2002-11-26,2002,"Imputed"
8.99,2002-12-03,2002,"Imputed"
7.94,2002-12-10,2002,"Imputed"
7.05,2002-12-17,2002,"Observed"
6.7775,2002-12-24,2002,"Imputed"
6.505,2002-12-31,2002,"Imputed"
6.2325,2003-01-01,2003,"Imputed"
5.96,2003-01-08,2003,"Imputed"
6.02,2003-01-15,2003,"Imputed"
5.995,2003-01-22,2003,"Imputed"
5.97,2003-01-29,2003,"Observed"
5.93,2003-02-05,2003,"Observed"
5.96,2003-02-12,2003,"Imputed"
5.5,2003-02-19,2003,"Imputed"
5.772,2003-02-26,2003,"Imputed"
6.044,2003-03-05,2003,"Imputed"
6.316,2003-03-12,2003,"Imputed"
6.588,2003-03-19,2003,"Imputed"
6.86,2003-03-26,2003,"Imputed"
6.9,2003-04-02,2003,"Imputed"
6.92,2003-04-09,2003,"Imputed"
7.94,2003-04-16,2003,"Imputed"
8.78,2003-04-23,2003,"Imputed"
12.17,2003-04-30,2003,"Imputed"
12.88,2003-05-07,2003,"Imputed"
13.135,2003-05-14,2003,"Imputed"
13.39,2003-05-21,2003,"Observed"
15.14,2003-05-28,2003,"Imputed"
15.76,2003-06-04,2003,"Observed"
17.26,2003-06-11,2003,"Imputed"
18.76,2003-06-18,2003,"Observed"
18.38,2003-06-25,2003,"Observed"
18.74,2003-07-02,2003,"Imputed"
19.1,2003-07-09,2003,"Observed"
19.755,2003-07-16,2003,"Imputed"
20.41,2003-07-23,2003,"Observed"
20.825,2003-07-30,2003,"Imputed"
21.24,2003-08-06,2003,"Observed"
20.83,2003-08-13,2003,"Observed"
20.29,2003-08-20,2003,"Observed"
20.075,2003-08-27,2003,"Imputed"
19.86,2003-09-03,2003,"Observed"
18.225,2003-09-10,2003,"Imputed"
16.59,2003-09-17,2003,"Observed"
17.045,2003-09-24,2003,"Imputed"
17.5,2003-10-01,2003,"Observed"
16.05,2003-10-08,2003,"Imputed"
14.56,2003-10-15,2003,"Imputed"
13.07,2003-10-22,2003,"Imputed"
11.62,2003-10-29,2003,"Imputed"
8.43,2003-11-05,2003,"Imputed"
8.75,2003-11-12,2003,"Imputed"
7.88,2003-11-19,2003,"Observed"
7.245,2003-11-26,2003,"Imputed"
6.61,2003-12-03,2003,"Imputed"
6.19083333333333,2003-12-10,2003,"Imputed"
5.77166666666667,2003-12-17,2003,"Imputed"
5.3525,2003-12-24,2003,"Imputed"
4.93333333333333,2003-12-31,2003,"Imputed"
4.51416666666667,2004-01-01,2004,"Imputed"
4.095,2004-01-08,2004,"Imputed"
4.6,2004-01-15,2004,"Imputed"
5.105,2004-01-22,2004,"Imputed"
4.705,2004-01-29,2004,"Imputed"
4.305,2004-02-05,2004,"Imputed"
4.7575,2004-02-12,2004,"Imputed"
5.21,2004-02-19,2004,"Imputed"
5.8,2004-02-26,2004,"Imputed"
6.39,2004-03-04,2004,"Imputed"
6.58,2004-03-11,2004,"Imputed"
6.77,2004-03-18,2004,"Imputed"
6.74,2004-03-25,2004,"Observed"
8.765,2004-04-01,2004,"Imputed"
9.3325,2004-04-08,2004,"Imputed"
9.9,2004-04-15,2004,"Imputed"
11.225,2004-04-22,2004,"Imputed"
12.55,2004-04-29,2004,"Observed"
13.345,2004-05-06,2004,"Imputed"
14.14,2004-05-13,2004,"Imputed"
15.62,2004-05-20,2004,"Imputed"
16.505,2004-05-27,2004,"Imputed"
17.39,2004-06-03,2004,"Imputed"
15.47,2004-06-10,2004,"Imputed"
16.95,2004-06-17,2004,"Imputed"
18.43,2004-06-24,2004,"Imputed"
18.635,2004-07-01,2004,"Imputed"
18.84,2004-07-08,2004,"Imputed"
20.51,2004-07-15,2004,"Imputed"
20.8633333333333,2004-07-22,2004,"Imputed"
21.2166666666667,2004-07-29,2004,"Imputed"
21.57,2004-08-05,2004,"Imputed"
21.86,2004-08-12,2004,"Imputed"
22.15,2004-08-19,2004,"Imputed"
20.28,2004-08-26,2004,"Imputed"
18.41,2004-09-02,2004,"Imputed"
17.45,2004-09-09,2004,"Imputed"
17,2004-09-16,2004,"Imputed"
16.55,2004-09-23,2004,"Imputed"
15.36,2004-09-30,2004,"Imputed"
16.09,2004-10-07,2004,"Imputed"
14.6333333333333,2004-10-14,2004,"Imputed"
13.1766666666667,2004-10-21,2004,"Imputed"
11.72,2004-10-28,2004,"Imputed"
11.0925,2004-11-04,2004,"Imputed"
10.465,2004-11-11,2004,"Imputed"
9.8375,2004-11-18,2004,"Imputed"
9.21,2004-11-25,2004,"Imputed"
8.315,2004-12-02,2004,"Imputed"
7.42,2004-12-09,2004,"Observed"
7.21,2004-12-16,2004,"Imputed"
6.55666666666667,2004-12-23,2004,"Imputed"
5.90333333333333,2004-12-30,2004,"Imputed"
5.25,2005-01-01,2005,"Imputed"
4.32,2005-01-08,2005,"Imputed"
4.87,2005-01-15,2005,"Imputed"
5.42,2005-01-22,2005,"Imputed"
5.78,2005-01-29,2005,"Imputed"
5.67,2005-02-05,2005,"Imputed"
5.56,2005-02-12,2005,"Imputed"
5.45,2005-02-19,2005,"Imputed"
6.53,2005-02-26,2005,"Imputed"
6.80333333333333,2005-03-05,2005,"Imputed"
7.07666666666667,2005-03-12,2005,"Imputed"
7.35,2005-03-19,2005,"Imputed"
7.125,2005-03-26,2005,"Imputed"
6.9,2005-04-02,2005,"Imputed"
7.64,2005-04-09,2005,"Imputed"
9.905,2005-04-16,2005,"Imputed"
12.17,2005-04-23,2005,"Imputed"
13.49,2005-04-30,2005,"Imputed"
13.35,2005-05-07,2005,"Imputed"
13.21,2005-05-14,2005,"Imputed"
13.07,2005-05-21,2005,"Imputed"
12.93,2005-05-28,2005,"Imputed"
15.31,2005-06-04,2005,"Imputed"
15.12,2005-06-11,2005,"Imputed"
17.26,2005-06-18,2005,"Imputed"
17.15,2005-06-25,2005,"Imputed"
17.04,2005-07-02,2005,"Imputed"
18.18,2005-07-09,2005,"Imputed"
19.32,2005-07-16,2005,"Imputed"
20.46,2005-07-23,2005,"Imputed"
21.11,2005-07-30,2005,"Imputed"
21.15,2005-08-06,2005,"Imputed"
21.32,2005-08-13,2005,"Imputed"
19.97,2005-08-20,2005,"Imputed"
19.1433333333333,2005-08-27,2005,"Imputed"
18.3166666666667,2005-09-03,2005,"Imputed"
17.49,2005-09-10,2005,"Imputed"
16.88,2005-09-17,2005,"Imputed"
15.64,2005-09-24,2005,"Imputed"
14.86,2005-10-01,2005,"Imputed"
14.485,2005-10-08,2005,"Imputed"
14.11,2005-10-15,2005,"Imputed"
11.98,2005-10-22,2005,"Imputed"
11.0775,2005-10-29,2005,"Imputed"
10.175,2005-11-05,2005,"Imputed"
9.2725,2005-11-12,2005,"Imputed"
8.37,2005-11-19,2005,"Imputed"
7.64,2005-11-26,2005,"Imputed"
6.91,2005-12-03,2005,"Imputed"
6.738,2005-12-10,2005,"Imputed"
6.566,2005-12-17,2005,"Imputed"
6.394,2005-12-24,2005,"Imputed"
6.222,2005-12-31,2005,"Imputed"
6.05,2006-01-01,2006,"Imputed"
5.66,2006-01-08,2006,"Imputed"
5.48,2006-01-15,2006,"Imputed"
5.32,2006-01-22,2006,"Imputed"
5.04,2006-01-29,2006,"Imputed"
5.55,2006-02-05,2006,"Imputed"
5.65166666666667,2006-02-12,2006,"Imputed"
5.75333333333333,2006-02-19,2006,"Imputed"
5.855,2006-02-26,2006,"Imputed"
5.95666666666667,2006-03-05,2006,"Imputed"
6.05833333333333,2006-03-12,2006,"Imputed"
6.16,2006-03-19,2006,"Imputed"
6.79,2006-03-26,2006,"Imputed"
8.33,2006-04-02,2006,"Imputed"
8.73,2006-04-09,2006,"Imputed"
7.62,2006-04-16,2006,"Imputed"
9.45,2006-04-23,2006,"Imputed"
12.13,2006-04-30,2006,"Imputed"
12.62,2006-05-07,2006,"Imputed"
15.62,2006-05-14,2006,"Imputed"
13.01,2006-05-21,2006,"Imputed"
13.82,2006-05-28,2006,"Imputed"
14.63,2006-06-04,2006,"Imputed"
15.2,2006-06-11,2006,"Imputed"
16.97,2006-06-18,2006,"Imputed"
16.86,2006-06-25,2006,"Imputed"
17.12,2006-07-02,2006,"Imputed"
18.37,2006-07-09,2006,"Imputed"
18.72,2006-07-16,2006,"Imputed"
19.07,2006-07-23,2006,"Imputed"
20.28,2006-07-30,2006,"Imputed"
20.89,2006-08-06,2006,"Imputed"
19.91,2006-08-13,2006,"Imputed"
19.53,2006-08-20,2006,"Imputed"
18.43,2006-08-27,2006,"Imputed"
19.77,2006-09-03,2006,"Imputed"
19.06,2006-09-10,2006,"Imputed"
16,2006-09-17,2006,"Imputed"
17.29,2006-09-24,2006,"Imputed"
14.68,2006-10-01,2006,"Imputed"
13.68,2006-10-08,2006,"Imputed"
13.64,2006-10-15,2006,"Imputed"
11.77,2006-10-22,2006,"Imputed"
11.555,2006-10-29,2006,"Imputed"
11.34,2006-11-05,2006,"Imputed"
9.775,2006-11-12,2006,"Imputed"
8.21,2006-11-19,2006,"Imputed"
6.32,2006-11-26,2006,"Imputed"
6.18,2006-12-03,2006,"Imputed"
5.25,2006-12-10,2006,"Imputed"
5.22796610169492,2006-12-17,2006,"Imputed"
5.20593220338983,2006-12-24,2006,"Imputed"
5.18389830508475,2006-12-31,2006,"Imputed"
5.16186440677966,2007-01-01,2007,"Imputed"
5.13983050847458,2007-01-08,2007,"Imputed"
5.11779661016949,2007-01-15,2007,"Imputed"
5.09576271186441,2007-01-22,2007,"Imputed"
5.07372881355932,2007-01-29,2007,"Imputed"
5.05169491525424,2007-02-05,2007,"Imputed"
5.02966101694915,2007-02-12,2007,"Imputed"
5.00762711864407,2007-02-19,2007,"Imputed"
4.98559322033898,2007-02-26,2007,"Imputed"
4.9635593220339,2007-03-05,2007,"Imputed"
4.94152542372881,2007-03-12,2007,"Imputed"
4.91949152542373,2007-03-19,2007,"Imputed"
4.89745762711864,2007-03-26,2007,"Imputed"
4.87542372881356,2007-04-02,2007,"Imputed"
4.85338983050847,2007-04-09,2007,"Imputed"
4.83135593220339,2007-04-16,2007,"Imputed"
4.80932203389831,2007-04-23,2007,"Imputed"
4.78728813559322,2007-04-30,2007,"Imputed"
4.76525423728814,2007-05-07,2007,"Imputed"
4.74322033898305,2007-05-14,2007,"Imputed"
4.72118644067797,2007-05-21,2007,"Imputed"
4.69915254237288,2007-05-28,2007,"Imputed"
4.6771186440678,2007-06-04,2007,"Imputed"
4.65508474576271,2007-06-11,2007,"Imputed"
4.63305084745763,2007-06-18,2007,"Imputed"
4.61101694915254,2007-06-25,2007,"Imputed"
4.58898305084746,2007-07-02,2007,"Imputed"
4.56694915254237,2007-07-09,2007,"Imputed"
4.54491525423729,2007-07-16,2007,"Imputed"
4.5228813559322,2007-07-23,2007,"Imputed"
4.50084745762712,2007-07-30,2007,"Imputed"
4.47881355932203,2007-08-06,2007,"Imputed"
4.45677966101695,2007-08-13,2007,"Imputed"
4.43474576271186,2007-08-20,2007,"Imputed"
4.41271186440678,2007-08-27,2007,"Imputed"
4.39067796610169,2007-09-03,2007,"Imputed"
4.36864406779661,2007-09-10,2007,"Imputed"
4.34661016949153,2007-09-17,2007,"Imputed"
4.32457627118644,2007-09-24,2007,"Imputed"
4.30254237288136,2007-10-01,2007,"Imputed"
4.28050847457627,2007-10-08,2007,"Imputed"
4.25847457627119,2007-10-15,2007,"Imputed"
4.2364406779661,2007-10-22,2007,"Imputed"
4.21440677966102,2007-10-29,2007,"Imputed"
4.19237288135593,2007-11-05,2007,"Imputed"
4.17033898305085,2007-11-12,2007,"Imputed"
4.14830508474576,2007-11-19,2007,"Imputed"
4.12627118644068,2007-11-26,2007,"Imputed"
4.10423728813559,2007-12-03,2007,"Imputed"
4.08220338983051,2007-12-10,2007,"Imputed"
4.06016949152542,2007-12-17,2007,"Imputed"
4.03813559322034,2007-12-24,2007,"Imputed"
4.01610169491525,2007-12-31,2007,"Imputed"
3.99406779661017,2008-01-01,2008,"Imputed"
3.97203389830509,2008-01-08,2008,"Imputed"
3.95,2008-01-15,2008,"Imputed"
3.51,2008-01-22,2008,"Imputed"
3.52,2008-01-29,2008,"Imputed"
3.53,2008-02-05,2008,"Imputed"
3.77,2008-02-12,2008,"Imputed"
5.04,2008-02-19,2008,"Imputed"
5.35,2008-02-26,2008,"Imputed"
5.66,2008-03-04,2008,"Imputed"
5.39,2008-03-11,2008,"Imputed"
6.24,2008-03-18,2008,"Imputed"
6.64,2008-03-25,2008,"Imputed"
7.04,2008-04-01,2008,"Imputed"
6.86,2008-04-08,2008,"Imputed"
9.71,2008-04-15,2008,"Imputed"
10.2366666666667,2008-04-22,2008,"Imputed"
10.7633333333333,2008-04-29,2008,"Imputed"
11.29,2008-05-06,2008,"Imputed"
11.6,2008-05-13,2008,"Imputed"
13.23,2008-05-20,2008,"Imputed"
13.315,2008-05-27,2008,"Imputed"
13.4,2008-06-03,2008,"Imputed"
13.58,2008-06-10,2008,"Imputed"
14.6,2008-06-17,2008,"Imputed"
16.53,2008-06-24,2008,"Imputed"
16.77,2008-07-01,2008,"Imputed"
20.46,2008-07-08,2008,"Imputed"
19.39,2008-07-15,2008,"Imputed"
19.64,2008-07-22,2008,"Imputed"
18.44,2008-07-29,2008,"Imputed"
19.3,2008-08-05,2008,"Imputed"
19.71,2008-08-12,2008,"Imputed"
18.6,2008-08-19,2008,"Imputed"
18.69,2008-08-26,2008,"Imputed"
17.88,2008-09-02,2008,"Imputed"
18.12,2008-09-09,2008,"Imputed"
18.3,2008-09-16,2008,"Imputed"
15.86,2008-09-23,2008,"Imputed"
16.31,2008-09-30,2008,"Imputed"
14.73,2008-10-07,2008,"Imputed"
13.415,2008-10-14,2008,"Imputed"
12.1,2008-10-21,2008,"Imputed"
11.56,2008-10-28,2008,"Imputed"
10.94,2008-11-04,2008,"Imputed"
10.32,2008-11-11,2008,"Imputed"
9.57,2008-11-18,2008,"Imputed"
8.46,2008-11-25,2008,"Imputed"
8.78,2008-12-02,2008,"Imputed"
7.4,2008-12-09,2008,"Imputed"
4.88,2008-12-16,2008,"Imputed"
4.67,2008-12-23,2008,"Imputed"
4.46,2008-12-30,2008,"Imputed"
4.25,2009-01-01,2009,"Imputed"
4.04,2009-01-08,2009,"Imputed"
3.87,2009-01-15,2009,"Imputed"
3.95,2009-01-22,2009,"Imputed"
4,2009-01-29,2009,"Imputed"
3.82,2009-02-05,2009,"Imputed"
3.57,2009-02-12,2009,"Imputed"
4.49,2009-02-19,2009,"Imputed"
4.44666666666667,2009-02-26,2009,"Imputed"
4.40333333333333,2009-03-05,2009,"Imputed"
4.36,2009-03-12,2009,"Observed"
4.78,2009-03-19,2009,"Imputed"
5.145,2009-03-26,2009,"Imputed"
5.51,2009-04-02,2009,"Imputed"
7.1075,2009-04-09,2009,"Imputed"
8.705,2009-04-16,2009,"Imputed"
10.0675,2009-04-23,2009,"Imputed"
11.43,2009-04-30,2009,"Imputed"
10.64,2009-05-07,2009,"Imputed"
12.93,2009-05-14,2009,"Imputed"
14.7833333333333,2009-05-21,2009,"Imputed"
16.6366666666667,2009-05-28,2009,"Imputed"
18.49,2009-06-04,2009,"Imputed"
19.15,2009-06-11,2009,"Imputed"
18.61,2009-06-18,2009,"Imputed"
18.655,2009-06-25,2009,"Imputed"
18.7,2009-07-02,2009,"Imputed"
19.81,2009-07-09,2009,"Imputed"
21.03,2009-07-16,2009,"Imputed"
25.01,2009-07-23,2009,"Imputed"
21.37,2009-07-30,2009,"Imputed"
20.9,2009-08-06,2009,"Imputed"
20.43,2009-08-13,2009,"Imputed"
19.2,2009-08-20,2009,"Imputed"
18.925,2009-08-27,2009,"Imputed"
18.65,2009-09-03,2009,"Imputed"
18.38,2009-09-10,2009,"Imputed"
17.36,2009-09-17,2009,"Imputed"
15.81,2009-09-24,2009,"Imputed"
14.7975,2009-10-01,2009,"Imputed"
13.785,2009-10-08,2009,"Imputed"
13.7425,2009-10-15,2009,"Imputed"
13.7,2009-10-22,2009,"Imputed"
12.05,2009-10-29,2009,"Imputed"
10.77,2009-11-05,2009,"Imputed"
9.49,2009-11-12,2009,"Imputed"
7.335,2009-11-19,2009,"Imputed"
7.04142857142857,2009-11-26,2009,"Imputed"
6.74785714285714,2009-12-03,2009,"Imputed"
6.45428571428571,2009-12-10,2009,"Imputed"
6.16071428571429,2009-12-17,2009,"Imputed"
5.86714285714286,2009-12-24,2009,"Imputed"
5.57357142857143,2009-12-31,2009,"Imputed"
5.28,2010-01-01,2010,"Imputed"
5.08,2010-01-08,2010,"Imputed"
5.29,2010-01-15,2010,"Imputed"
5.31666666666667,2010-01-22,2010,"Imputed"
5.34333333333333,2010-01-29,2010,"Imputed"
5.37,2010-02-05,2010,"Imputed"
5.4925,2010-02-12,2010,"Imputed"
5.615,2010-02-19,2010,"Observed"
6.02,2010-02-26,2010,"Imputed"
6.08,2010-03-05,2010,"Imputed"
5.96,2010-03-12,2010,"Imputed"
6.24333333333333,2010-03-19,2010,"Imputed"
6.52666666666667,2010-03-26,2010,"Imputed"
6.81,2010-04-02,2010,"Imputed"
9.07,2010-04-09,2010,"Imputed"
9.68,2010-04-16,2010,"Imputed"
9.7,2010-04-23,2010,"Imputed"
9.72,2010-04-30,2010,"Imputed"
12.33,2010-05-07,2010,"Imputed"
12.35,2010-05-14,2010,"Imputed"
12.615,2010-05-21,2010,"Imputed"
12.88,2010-05-28,2010,"Imputed"
13.145,2010-06-04,2010,"Observed"
16.75,2010-06-11,2010,"Imputed"
17.42,2010-06-18,2010,"Imputed"
16.87,2010-06-25,2010,"Imputed"
18.37,2010-07-02,2010,"Imputed"
19.87,2010-07-09,2010,"Observed"
19.85,2010-07-16,2010,"Imputed"
19.98,2010-07-23,2010,"Imputed"
20,2010-07-30,2010,"Imputed"
19.27,2010-08-06,2010,"Imputed"
19.3825,2010-08-13,2010,"Imputed"
19.495,2010-08-20,2010,"Observed"
19.26,2010-08-27,2010,"Imputed"
18.03,2010-09-03,2010,"Imputed"
17.78,2010-09-10,2010,"Imputed"
16.98,2010-09-17,2010,"Imputed"
17.45,2010-09-24,2010,"Imputed"
16.21,2010-10-01,2010,"Imputed"
15.31,2010-10-08,2010,"Imputed"
14.06,2010-10-15,2010,"Imputed"
13.26,2010-10-22,2010,"Imputed"
12.46,2010-10-29,2010,"Observed"
11.45,2010-11-05,2010,"Observed"
9.5,2010-11-12,2010,"Imputed"
6.74,2010-11-19,2010,"Imputed"
6.22,2010-11-26,2010,"Imputed"
6.11,2010-12-03,2010,"Imputed"
5.98,2010-12-10,2010,"Imputed"
5.96068965517241,2010-12-17,2010,"Imputed"
5.94137931034483,2010-12-24,2010,"Imputed"
5.92206896551724,2010-12-31,2010,"Imputed"
5.90275862068966,2011-01-01,2011,"Imputed"
5.88344827586207,2011-01-08,2011,"Imputed"
5.86413793103448,2011-01-15,2011,"Imputed"
5.8448275862069,2011-01-22,2011,"Imputed"
5.82551724137931,2011-01-29,2011,"Imputed"
5.80620689655172,2011-02-05,2011,"Imputed"
5.78689655172414,2011-02-12,2011,"Imputed"
5.76758620689655,2011-02-19,2011,"Imputed"
5.74827586206897,2011-02-26,2011,"Imputed"
5.72896551724138,2011-03-05,2011,"Imputed"
5.70965517241379,2011-03-12,2011,"Imputed"
5.69034482758621,2011-03-19,2011,"Imputed"
5.67103448275862,2011-03-26,2011,"Imputed"
5.65172413793104,2011-04-02,2011,"Imputed"
5.63241379310345,2011-04-09,2011,"Imputed"
5.61310344827586,2011-04-16,2011,"Imputed"
5.59379310344828,2011-04-23,2011,"Imputed"
5.57448275862069,2011-04-30,2011,"Imputed"
5.5551724137931,2011-05-07,2011,"Imputed"
5.53586206896552,2011-05-14,2011,"Imputed"
5.51655172413793,2011-05-21,2011,"Imputed"
5.49724137931035,2011-05-28,2011,"Imputed"
5.47793103448276,2011-06-04,2011,"Imputed"
5.45862068965517,2011-06-11,2011,"Imputed"
5.43931034482759,2011-06-18,2011,"Imputed"
5.42,2011-06-25,2011,"Imputed"
5.40068965517241,2011-07-02,2011,"Imputed"
5.38137931034483,2011-07-09,2011,"Imputed"
5.36206896551724,2011-07-16,2011,"Imputed"
5.34275862068966,2011-07-23,2011,"Imputed"
5.32344827586207,2011-07-30,2011,"Imputed"
5.30413793103448,2011-08-06,2011,"Imputed"
5.2848275862069,2011-08-13,2011,"Imputed"
5.26551724137931,2011-08-20,2011,"Imputed"
5.24620689655172,2011-08-27,2011,"Imputed"
5.22689655172414,2011-09-03,2011,"Imputed"
5.20758620689655,2011-09-10,2011,"Imputed"
5.18827586206897,2011-09-17,2011,"Imputed"
5.16896551724138,2011-09-24,2011,"Imputed"
5.14965517241379,2011-10-01,2011,"Imputed"
5.13034482758621,2011-10-08,2011,"Imputed"
5.11103448275862,2011-10-15,2011,"Imputed"
5.09172413793103,2011-10-22,2011,"Imputed"
5.07241379310345,2011-10-29,2011,"Imputed"
5.05310344827586,2011-11-05,2011,"Imputed"
5.03379310344828,2011-11-12,2011,"Imputed"
5.01448275862069,2011-11-19,2011,"Imputed"
4.9951724137931,2011-11-26,2011,"Imputed"
4.97586206896552,2011-12-03,2011,"Imputed"
4.95655172413793,2011-12-10,2011,"Imputed"
4.93724137931035,2011-12-17,2011,"Imputed"
4.91793103448276,2011-12-24,2011,"Imputed"
4.89862068965517,2011-12-31,2011,"Imputed"
4.87931034482759,2012-01-01,2012,"Imputed"
4.86,2012-01-08,2012,"Imputed"
3.92,2012-01-15,2012,"Imputed"
4.08,2012-01-22,2012,"Imputed"
4.39,2012-01-29,2012,"Imputed"
4.44,2012-02-05,2012,"Imputed"
4.49,2012-02-12,2012,"Imputed"
4.83,2012-02-19,2012,"Imputed"
4.525,2012-02-26,2012,"Imputed"
4.22,2012-03-04,2012,"Imputed"
4.22,2012-03-11,2012,"Imputed"
4.22,2012-03-18,2012,"Imputed"
5.49,2012-03-25,2012,"Imputed"
4.85,2012-04-01,2012,"Imputed"
6.23,2012-04-08,2012,"Imputed"
7.61,2012-04-15,2012,"Imputed"
7.63,2012-04-22,2012,"Imputed"
8.57,2012-04-29,2012,"Imputed"
9.735,2012-05-06,2012,"Imputed"
10.9,2012-05-13,2012,"Imputed"
12.065,2012-05-20,2012,"Imputed"
13.23,2012-05-27,2012,"Imputed"
12.44,2012-06-03,2012,"Imputed"
12.46,2012-06-10,2012,"Imputed"
12.46,2012-06-17,2012,"Imputed"
15.05,2012-06-24,2012,"Imputed"
14.2,2012-07-01,2012,"Imputed"
17.27,2012-07-08,2012,"Imputed"
18.76,2012-07-15,2012,"Imputed"
19.17,2012-07-22,2012,"Imputed"
18.97,2012-07-29,2012,"Imputed"
18.82,2012-08-05,2012,"Imputed"
21.1,2012-08-12,2012,"Imputed"
19.08,2012-08-19,2012,"Imputed"
18.18,2012-08-26,2012,"Imputed"
18.79,2012-09-02,2012,"Imputed"
15.79,2012-09-09,2012,"Imputed"
18.46,2012-09-16,2012,"Imputed"
16.4,2012-09-23,2012,"Imputed"
14.39,2012-09-30,2012,"Imputed"
14.05,2012-10-07,2012,"Imputed"
14.04,2012-10-14,2012,"Imputed"
12.49,2012-10-21,2012,"Imputed"
11.375,2012-10-28,2012,"Imputed"
10.26,2012-11-04,2012,"Imputed"
9.385,2012-11-11,2012,"Imputed"
8.51,2012-11-18,2012,"Imputed"
8.06,2012-11-25,2012,"Imputed"
7.18,2012-12-02,2012,"Imputed"
6.93,2012-12-09,2012,"Imputed"
5.25,2012-12-16,2012,"Imputed"
4.9425,2012-12-23,2012,"Imputed"
4.635,2012-12-30,2012,"Imputed"
4.3275,2013-01-01,2013,"Imputed"
4.02,2013-01-08,2013,"Imputed"
4.02,2013-01-15,2013,"Imputed"
4.385,2013-01-22,2013,"Imputed"
4.75,2013-01-29,2013,"Imputed"
4.845,2013-02-05,2013,"Imputed"
4.94,2013-02-12,2013,"Imputed"
5.27,2013-02-19,2013,"Imputed"
4.9,2013-02-26,2013,"Imputed"
5.385,2013-03-05,2013,"Imputed"
5.87,2013-03-12,2013,"Imputed"
5.28,2013-03-19,2013,"Imputed"
7.15,2013-03-26,2013,"Imputed"
8.44,2013-04-02,2013,"Imputed"
8.26,2013-04-09,2013,"Imputed"
9.34,2013-04-16,2013,"Imputed"
10.76,2013-04-23,2013,"Imputed"
12.18,2013-04-30,2013,"Imputed"
12.79,2013-05-07,2013,"Imputed"
13.4,2013-05-14,2013,"Imputed"
12.52,2013-05-21,2013,"Imputed"
11.64,2013-05-28,2013,"Imputed"
15.76,2013-06-04,2013,"Imputed"
15.63,2013-06-11,2013,"Imputed"
16.18,2013-06-18,2013,"Imputed"
15.45,2013-06-25,2013,"Imputed"
19.96,2013-07-02,2013,"Imputed"
19.03,2013-07-09,2013,"Imputed"
20.15,2013-07-16,2013,"Imputed"
19.97,2013-07-23,2013,"Imputed"
20.86,2013-07-30,2013,"Imputed"
21.45,2013-08-06,2013,"Imputed"
19.745,2013-08-13,2013,"Imputed"
19.1025,2013-08-20,2013,"Imputed"
18.46,2013-08-27,2013,"Imputed"
19.52,2013-09-03,2013,"Imputed"
19.71,2013-09-10,2013,"Imputed"
18.47,2013-09-17,2013,"Imputed"
17.38,2013-09-24,2013,"Imputed"
14.59,2013-10-01,2013,"Imputed"
14.2,2013-10-08,2013,"Imputed"
13.53,2013-10-15,2013,"Imputed"
13.02,2013-10-22,2013,"Imputed"
10.9,2013-10-29,2013,"Imputed"
10.37,2013-11-05,2013,"Imputed"
9.45,2013-11-12,2013,"Imputed"
8.53,2013-11-19,2013,"Imputed"
8.11,2013-11-26,2013,"Imputed"
6.61,2013-12-03,2013,"Imputed"
5.635,2013-12-10,2013,"Imputed"
4.66,2013-12-17,2013,"Imputed"
4.916,2013-12-24,2013,"Imputed"
5.172,2013-12-31,2013,"Imputed"
5.428,2014-01-01,2014,"Imputed"
5.684,2014-01-08,2014,"Imputed"
5.94,2014-01-15,2014,"Observed"
5.56,2014-01-22,2014,"Imputed"
6,2014-01-29,2014,"Observed"
4.34,2014-02-05,2014,"Imputed"
2.68,2014-02-12,2014,"Observed"
3.53,2014-02-19,2014,"Observed"
4.03,2014-02-26,2014,"Observed"
4.5,2014-03-05,2014,"Imputed"
4.97,2014-03-12,2014,"Observed"
5.95,2014-03-19,2014,"Observed"
6.21,2014-03-26,2014,"Observed"
6.81,2014-04-02,2014,"Observed"
8.165,2014-04-09,2014,"Imputed"
9.52,2014-04-16,2014,"Observed"
8.79,2014-04-23,2014,"Observed"
10.43,2014-04-30,2014,"Imputed"
12.07,2014-05-07,2014,"Imputed"
13.71,2014-05-14,2014,"Observed"
14.3,2014-05-21,2014,"Observed"
14.07,2014-05-28,2014,"Observed"
16.74,2014-06-04,2014,"Observed"
16.4,2014-06-11,2014,"Observed"
17.08,2014-06-18,2014,"Observed"
18.15,2014-06-25,2014,"Observed"
19.52,2014-07-02,2014,"Observed"
20.93,2014-07-09,2014,"Observed"
21.83,2014-07-16,2014,"Observed"
20.08,2014-07-23,2014,"Observed"
21.48,2014-07-30,2014,"Observed"
22.19,2014-08-06,2014,"Observed"
21.1,2014-08-13,2014,"Observed"
21.27,2014-08-20,2014,"Observed"
21.1,2014-08-27,2014,"Observed"
18.47,2014-09-03,2014,"Observed"
18.68,2014-09-10,2014,"Observed"
18.05,2014-09-17,2014,"Observed"
17.34,2014-09-24,2014,"Observed"
16.66,2014-10-01,2014,"Imputed"
17.83,2014-10-08,2014,"Observed"
16.22,2014-10-15,2014,"Observed"
13.51,2014-10-22,2014,"Observed"
12.48,2014-10-29,2014,"Imputed"
12.32,2014-11-05,2014,"Observed"
10.555,2014-11-12,2014,"Imputed"
8.79,2014-11-19,2014,"Observed"
8.31,2014-11-26,2014,"Observed"
7.29,2014-12-03,2014,"Observed"
7.28,2014-12-10,2014,"Imputed"
7.27,2014-12-17,2014,"Observed"
5.38,2014-12-24,2014,"Imputed"
5.88,2014-12-31,2014,"Imputed"
6.38,2015-01-01,2015,"Imputed"
6.13,2015-01-08,2015,"Imputed"
5.84,2015-01-15,2015,"Imputed"
6.07,2015-01-22,2015,"Imputed"
6.3,2015-01-29,2015,"Imputed"
6.67,2015-02-05,2015,"Imputed"
7.04,2015-02-12,2015,"Imputed"
7.38,2015-02-19,2015,"Imputed"
7.60333333333333,2015-02-26,2015,"Imputed"
7.82666666666667,2015-03-05,2015,"Imputed"
8.05,2015-03-12,2015,"Imputed"
8.31,2015-03-19,2015,"Imputed"
8.725,2015-03-26,2015,"Imputed"
9.14,2015-04-02,2015,"Imputed"
10.21,2015-04-09,2015,"Imputed"
11.28,2015-04-16,2015,"Imputed"
11.8,2015-04-23,2015,"Imputed"
12.1,2015-04-30,2015,"Imputed"
14.45,2015-05-07,2015,"Imputed"
16.8,2015-05-14,2015,"Imputed"
17.94,2015-05-21,2015,"Imputed"
16.77,2015-05-28,2015,"Imputed"
18.235,2015-06-04,2015,"Imputed"
19.7,2015-06-11,2015,"Imputed"
20.25,2015-06-18,2015,"Imputed"
21.9,2015-06-25,2015,"Imputed"
21.33,2015-07-02,2015,"Imputed"
21.0775,2015-07-09,2015,"Imputed"
20.825,2015-07-16,2015,"Imputed"
21.24,2015-07-23,2015,"Imputed"
21.145,2015-07-30,2015,"Imputed"
21.05,2015-08-06,2015,"Imputed"
20.7625,2015-08-13,2015,"Imputed"
20.475,2015-08-20,2015,"Imputed"
19.1475,2015-08-27,2015,"Imputed"
17.82,2015-09-03,2015,"Imputed"
16.97,2015-09-10,2015,"Imputed"
17.23,2015-09-17,2015,"Imputed"
16.815,2015-09-24,2015,"Imputed"
16.4,2015-10-01,2015,"Imputed"
15.32,2015-10-08,2015,"Imputed"
14.7725,2015-10-15,2015,"Imputed"
14.225,2015-10-22,2015,"Imputed"
12.6,2015-10-29,2015,"Imputed"
11.6716666666667,2015-11-05,2015,"Imputed"
10.7433333333333,2015-11-12,2015,"Imputed"
9.815,2015-11-19,2015,"Imputed"
8.88666666666667,2015-11-26,2015,"Imputed"
7.95833333333333,2015-12-03,2015,"Imputed"
7.03,2015-12-10,2015,"Imputed"
6.325,2015-12-17,2015,"Imputed"
5.62,2015-12-24,2015,"Imputed"
5.18666666666667,2015-12-31,2015,"Imputed"
4.75333333333333,2016-01-01,2016,"Imputed"
4.32,2016-01-08,2016,"Imputed"
5.3,2016-01-15,2016,"Imputed"
5.26,2016-01-22,2016,"Imputed"
5.22,2016-01-29,2016,"Imputed"
5.435,2016-02-05,2016,"Imputed"
5.65,2016-02-12,2016,"Imputed"
5.49,2016-02-19,2016,"Imputed"
5.73,2016-02-26,2016,"Imputed"
5.97,2016-03-04,2016,"Imputed"
6.59,2016-03-11,2016,"Imputed"
7.21,2016-03-18,2016,"Imputed"
7.83,2016-03-25,2016,"Imputed"
8.665,2016-04-01,2016,"Imputed"
9.5,2016-04-08,2016,"Observed"
10.835,2016-04-15,2016,"Imputed"
12.17,2016-04-22,2016,"Observed"
13.47,2016-04-29,2016,"Imputed"
14.77,2016-05-06,2016,"Imputed"
14.22,2016-05-13,2016,"Imputed"
15.94,2016-05-20,2016,"Imputed"
17.2,2016-05-27,2016,"Imputed"
17.275,2016-06-03,2016,"Imputed"
17.35,2016-06-10,2016,"Observed"
17.37,2016-06-17,2016,"Imputed"
19.73,2016-06-24,2016,"Imputed"
18.32,2016-07-01,2016,"Imputed"
18.02,2016-07-08,2016,"Imputed"
18.61,2016-07-15,2016,"Imputed"
19.4825,2016-07-22,2016,"Imputed"
20.355,2016-07-29,2016,"Observed"
19.5,2016-08-05,2016,"Imputed"
21.04,2016-08-12,2016,"Imputed"
20.56,2016-08-19,2016,"Imputed"
20.08,2016-08-26,2016,"Observed"
18.56,2016-09-02,2016,"Imputed"
17.7,2016-09-09,2016,"Imputed"
17.15,2016-09-16,2016,"Imputed"
15.99,2016-09-23,2016,"Imputed"
15.2425,2016-09-30,2016,"Imputed"
14.495,2016-10-07,2016,"Observed"
13.29,2016-10-14,2016,"Imputed"
9.89,2016-10-21,2016,"Imputed"
9.574,2016-10-28,2016,"Imputed"
9.258,2016-11-04,2016,"Imputed"
8.942,2016-11-11,2016,"Imputed"
8.626,2016-11-18,2016,"Imputed"
8.31,2016-11-25,2016,"Imputed"
6.81,2016-12-02,2016,"Imputed"
5.31,2016-12-09,2016,"Imputed"
5.01,2016-12-16,2016,"Imputed"
4.755,2016-12-23,2016,"Imputed"
4.5,2016-12-30,2016,"Imputed"
4.245,2017-01-01,2017,"Imputed"
3.99,2017-01-08,2017,"Imputed"
3.51,2017-01-15,2017,"Imputed"
3.72,2017-01-22,2017,"Imputed"
3.93,2017-01-29,2017,"Imputed"
4.14,2017-02-05,2017,"Imputed"
4.35,2017-02-12,2017,"Imputed"
4.56,2017-02-19,2017,"Imputed"
4.54,2017-02-26,2017,"Imputed"
4.74,2017-03-05,2017,"Imputed"
4.94,2017-03-12,2017,"Imputed"
5.53,2017-03-19,2017,"Imputed"
6.12,2017-03-26,2017,"Imputed"
6.28,2017-04-02,2017,"Imputed"
6.78,2017-04-09,2017,"Imputed"
7.89,2017-04-16,2017,"Imputed"
9,2017-04-23,2017,"Imputed"
10.175,2017-04-30,2017,"Imputed"
11.35,2017-05-07,2017,"Imputed"
11.26,2017-05-14,2017,"Imputed"
14.66,2017-05-21,2017,"Imputed"
15.445,2017-05-28,2017,"Imputed"
16.23,2017-06-04,2017,"Imputed"
15.35,2017-06-11,2017,"Imputed"
16.45,2017-06-18,2017,"Imputed"
16.97,2017-06-25,2017,"Imputed"
18.28,2017-07-02,2017,"Imputed"
19.22,2017-07-09,2017,"Imputed"
19.83,2017-07-16,2017,"Imputed"
20.37,2017-07-23,2017,"Imputed"
21.4,2017-07-30,2017,"Imputed"
20.91,2017-08-06,2017,"Imputed"
19.92,2017-08-13,2017,"Imputed"
20.57,2017-08-20,2017,"Imputed"
20.72,2017-08-27,2017,"Imputed"
21.45,2017-09-03,2017,"Imputed"
17.28,2017-09-10,2017,"Imputed"
16.34,2017-09-17,2017,"Imputed"
17.26,2017-09-24,2017,"Imputed"
13.72,2017-10-01,2017,"Imputed"
13.56,2017-10-08,2017,"Imputed"
13.7,2017-10-15,2017,"Imputed"
13.47,2017-10-22,2017,"Imputed"
12.09,2017-10-29,2017,"Imputed"
9.85,2017-11-05,2017,"Imputed"
9.22666666666667,2017-11-12,2017,"Imputed"
8.60333333333333,2017-11-19,2017,"Imputed"
7.98,2017-11-26,2017,"Imputed"
7.39,2017-12-03,2017,"Imputed"
7.1,2017-12-10,2017,"Imputed"
6.81,2017-12-17,2017,"Imputed"
6.45,2017-12-24,2017,"Imputed"
6.09,2017-12-31,2017,"Imputed"
5.73,2018-01-01,2018,"Imputed"
5.37,2018-01-08,2018,"Imputed"
5.21333333333333,2018-01-15,2018,"Imputed"
5.05666666666667,2018-01-22,2018,"Imputed"
4.9,2018-01-29,2018,"Imputed"
5.51,2018-02-05,2018,"Imputed"
4.75,2018-02-12,2018,"Imputed"
3.99,2018-02-19,2018,"Imputed"
4.72,2018-02-26,2018,"Imputed"
5.12,2018-03-05,2018,"Imputed"
5.86,2018-03-12,2018,"Imputed"
6.6,2018-03-19,2018,"Imputed"
7.51,2018-03-26,2018,"Imputed"
8.15,2018-04-02,2018,"Imputed"
7.935,2018-04-09,2018,"Imputed"
7.72,2018-04-16,2018,"Imputed"
9.7,2018-04-23,2018,"Imputed"
11.2,2018-04-30,2018,"Imputed"
12.7,2018-05-07,2018,"Imputed"
14.2,2018-05-14,2018,"Imputed"
16.77,2018-05-21,2018,"Imputed"
16.9,2018-05-28,2018,"Imputed"
15.63,2018-06-04,2018,"Imputed"
15.43,2018-06-11,2018,"Imputed"
17.99,2018-06-18,2018,"Imputed"
16.81,2018-06-25,2018,"Imputed"
18.19,2018-07-02,2018,"Imputed"
19.81,2018-07-09,2018,"Imputed"
19.91,2018-07-16,2018,"Imputed"
22.56,2018-07-23,2018,"Imputed"
21.72,2018-07-30,2018,"Imputed"
22.71,2018-08-06,2018,"Imputed"
21.34,2018-08-13,2018,"Imputed"
20.1066666666667,2018-08-20,2018,"Imputed"
18.8733333333333,2018-08-27,2018,"Imputed"
17.64,2018-09-03,2018,"Imputed"
17.15,2018-09-10,2018,"Imputed"
16.78,2018-09-17,2018,"Imputed"
16.31,2018-09-24,2018,"Imputed"
14.99,2018-10-01,2018,"Imputed"
14.62,2018-10-08,2018,"Imputed"
13.21,2018-10-15,2018,"Imputed"
13.03,2018-10-22,2018,"Imputed"
12.61,2018-10-29,2018,"Imputed"
11.98,2018-11-05,2018,"Imputed"
11.06,2018-11-12,2018,"Imputed"
10.37,2018-11-19,2018,"Imputed"
9.68,2018-11-26,2018,"Imputed"
8.1,2018-12-03,2018,"Imputed"
6.87,2018-12-10,2018,"Imputed"
6.95,2018-12-17,2018,"Imputed"
6.638,2018-12-24,2018,"Imputed"
6.326,2018-12-31,2018,"Imputed"
6.014,2019-01-01,2019,"Imputed"
5.702,2019-01-08,2019,"Imputed"
5.39,2019-01-15,2019,"Imputed"
5.35,2019-01-22,2019,"Imputed"
5.26,2019-01-29,2019,"Imputed"
5.89714285714286,2019-02-05,2019,"Imputed"
6.53428571428571,2019-02-12,2019,"Imputed"
7.17142857142857,2019-02-19,2019,"Imputed"
7.80857142857143,2019-02-26,2019,"Imputed"
8.44571428571428,2019-03-05,2019,"Imputed"
9.08285714285714,2019-03-12,2019,"Imputed"
9.72,2019-03-19,2019,"Imputed"
10.3571428571429,2019-03-26,2019,"Imputed"
10.9942857142857,2019-04-02,2019,"Imputed"
11.6314285714286,2019-04-09,2019,"Imputed"
12.2685714285714,2019-04-16,2019,"Imputed"
12.9057142857143,2019-04-23,2019,"Imputed"
13.5428571428571,2019-04-30,2019,"Imputed"
14.18,2019-05-07,2019,"Imputed"
13.66,2019-05-14,2019,"Imputed"
16.1,2019-05-21,2019,"Imputed"
16.69,2019-05-28,2019,"Imputed"
17.28,2019-06-04,2019,"Imputed"
19.76,2019-06-11,2019,"Imputed"
18.85,2019-06-18,2019,"Imputed"
18.47,2019-06-25,2019,"Imputed"
19.01,2019-07-02,2019,"Imputed"
19.55,2019-07-09,2019,"Imputed"
20.34,2019-07-16,2019,"Imputed"
20.58,2019-07-23,2019,"Imputed"
20.51,2019-07-30,2019,"Imputed"
21.59,2019-08-06,2019,"Imputed"
19.97,2019-08-13,2019,"Imputed"
20.11,2019-08-20,2019,"Imputed"
20.02,2019-08-27,2019,"Imputed"
19.95,2019-09-03,2019,"Imputed"
18.592,2019-09-10,2019,"Imputed"
17.234,2019-09-17,2019,"Imputed"
15.876,2019-09-24,2019,"Imputed"
14.518,2019-10-01,2019,"Imputed"
13.16,2019-10-08,2019,"Imputed"
13.85,2019-10-15,2019,"Imputed"
12.66,2019-10-22,2019,"Observed"
10.9,2019-10-29,2019,"Imputed"
11.28,2019-11-05,2019,"Imputed"
10.92,2019-11-12,2019,"Imputed"
9.105,2019-11-19,2019,"Imputed"
7.29,2019-11-26,2019,"Imputed"
7.68,2019-12-03,2019,"Imputed"
7.72,2019-12-10,2019,"Imputed"
6.97,2019-12-17,2019,"Imputed"
6.7575,2019-12-24,2019,"Imputed"
6.545,2019-12-31,2019,"Imputed"
6.3325,2020-01-01,2020,"Imputed"
6.12,2020-01-08,2020,"Observed"
5.355,2020-01-15,2020,"Imputed"
4.59,2020-01-22,2020,"Observed"
4.98,2020-01-29,2020,"Observed"
4.58,2020-02-05,2020,"Observed"
4.83,2020-02-12,2020,"Observed"
4.885,2020-02-19,2020,"Imputed"
4.94,2020-02-26,2020,"Observed"
4.97,2020-03-04,2020,"Observed"
5.95166666666667,2020-03-11,2020,"Imputed"
6.93333333333333,2020-03-18,2020,"Imputed"
7.915,2020-03-25,2020,"Imputed"
8.89666666666667,2020-04-01,2020,"Imputed"
9.87833333333333,2020-04-08,2020,"Imputed"
10.86,2020-04-15,2020,"Imputed"
11.53,2020-04-22,2020,"Observed"
11.49,2020-04-29,2020,"Observed"
12.48,2020-05-06,2020,"Imputed"
13.47,2020-05-13,2020,"Observed"
14.46,2020-05-20,2020,"Observed"
14.48,2020-05-27,2020,"Observed"
15.6,2020-06-03,2020,"Observed"
15.74,2020-06-10,2020,"Imputed"
16.44,2020-06-17,2020,"Observed"
17.78,2020-06-24,2020,"Observed"
16.57,2020-07-01,2020,"Observed"
17.21,2020-07-08,2020,"Observed"
19.35,2020-07-15,2020,"Observed"
20.84,2020-07-22,2020,"Observed"
20.92,2020-07-29,2020,"Observed"
20.98,2020-08-05,2020,"Observed"
19.6,2020-08-12,2020,"Observed"
20.65,2020-08-19,2020,"Observed"
19.65,2020-08-26,2020,"Observed"
19.75,2020-09-02,2020,"Observed"
20.03,2020-09-09,2020,"Imputed"
18.53,2020-09-16,2020,"Observed"
18.32,2020-09-23,2020,"Observed"
17.98,2020-09-30,2020,"Observed"
17.34,2020-10-07,2020,"Observed"
14.77,2020-10-14,2020,"Observed"
13.93,2020-10-21,2020,"Observed"
12.95,2020-10-28,2020,"Observed"
11.05,2020-11-04,2020,"Imputed"
9.64,2020-11-11,2020,"Imputed"
8.23,2020-11-18,2020,"Observed"
8.38,2020-11-25,2020,"Observed"
7.6,2020-12-02,2020,"Observed"
7.97,2020-12-09,2020,"Observed"
6.99,2020-12-16,2020,"Observed"
6.61333333333333,2020-12-23,2020,"Imputed"
6.23666666666667,2020-12-30,2020,"Imputed"
5.86,2021-01-01,2021,"Imputed"
5.56,2021-01-08,2021,"Imputed"
5.85,2021-01-15,2021,"Imputed"
5.36,2021-01-22,2021,"Imputed"
4.87,2021-01-29,2021,"Imputed"
4.38,2021-02-05,2021,"Imputed"
4.57,2021-02-12,2021,"Imputed"
4.37,2021-02-19,2021,"Imputed"
5.09,2021-02-26,2021,"Imputed"
5.34,2021-03-05,2021,"Imputed"
5.41,2021-03-12,2021,"Imputed"
6.06,2021-03-19,2021,"Imputed"
6.71,2021-03-26,2021,"Imputed"
7.36,2021-04-02,2021,"Imputed"
8.01,2021-04-09,2021,"Observed"
10.025,2021-04-16,2021,"Imputed"
12.04,2021-04-23,2021,"Imputed"
12.46,2021-04-30,2021,"Imputed"
14.3,2021-05-07,2021,"Imputed"
14.26,2021-05-14,2021,"Imputed"
14.22,2021-05-21,2021,"Observed"
14.19,2021-05-28,2021,"Observed"
16.845,2021-06-04,2021,"Observed"
16.43,2021-06-11,2021,"Imputed"
17.635,2021-06-18,2021,"Imputed"
18.84,2021-06-25,2021,"Observed"
19.47,2021-07-02,2021,"Imputed"
20.95,2021-07-09,2021,"Imputed"
19.93,2021-07-16,2021,"Imputed"
21.19,2021-07-23,2021,"Imputed"
22.45,2021-07-30,2021,"Observed"
21.99,2021-08-06,2021,"Observed"
20.53,2021-08-13,2021,"Imputed"
19.3,2021-08-20,2021,"Imputed"
18.27,2021-08-27,2021,"Imputed"
18.505,2021-09-03,2021,"Imputed"
18.74,2021-09-10,2021,"Observed"
