"date","sproat","year"
2014-01-01,6.96641666666667,2014
2014-01-02,6.93533333333333,2014
2014-01-03,6.85925,2014
2014-01-04,6.77066666666667,2014
2014-01-05,6.7035,2014
2014-01-06,6.643375,2014
2014-01-07,6.61975,2014
2014-01-08,6.5935,2014
2014-01-09,6.52841666666667,2014
2014-01-10,6.51033333333333,2014
2014-01-11,6.43275,2014
2014-01-12,6.45866666666667,2014
2014-01-13,6.49225,2014
2014-01-14,6.48708333333333,2014
2014-01-15,6.50516666666667,2014
2014-01-16,6.50258333333333,2014
2014-01-17,6.46641666666667,2014
2014-01-18,6.42220833333333,2014
2014-01-19,6.41175,2014
2014-01-20,6.39075,2014
2014-01-21,6.372375,2014
2014-01-22,6.351375,2014
2014-01-23,6.33825,2014
2014-01-24,6.32,2014
2014-01-25,6.291375,2014
2014-01-26,6.28366666666667,2014
2014-01-27,6.25516666666667,2014
2014-01-28,6.27841666666667,2014
2014-01-29,6.29933333333333,2014
2014-01-30,6.372375,2014
2014-01-31,6.27329166666667,2014
2014-02-01,6.23966666666667,2014
2014-02-02,6.200875,2014
2014-02-03,6.17470833333333,2014
2014-02-04,6.0595,2014
2014-02-05,5.90383333333333,2014
2014-02-06,5.74483333333333,2014
2014-02-07,5.59366666666667,2014
2014-02-08,5.49741666666667,2014
2014-02-09,5.419125,2014
2014-02-10,5.40633333333333,2014
2014-02-11,5.179875,2014
2014-02-12,5.354125,2014
2014-02-13,5.39304166666667,2014
2014-02-14,5.50795833333333,2014
2014-02-15,5.252625,2014
2014-02-16,5.33070833333333,2014
2014-02-17,5.289,2014
2014-02-18,5.24483333333333,2014
2014-02-19,5.23979166666667,2014
2014-02-20,5.2555,2014
2014-02-21,5.351375,2014
2014-02-22,5.30170833333333,2014
2014-02-23,5.24225,2014
2014-02-24,5.16429166666667,2014
2014-02-25,5.19008333333333,2014
2014-02-26,5.25033333333333,2014
2014-02-27,5.35929166666667,2014
2014-02-28,5.42179166666667,2014
2014-03-01,5.55975,2014
2014-03-02,5.24225,2014
2014-03-03,5.33591666666667,2014
2014-03-04,5.469,2014
2014-03-05,5.42983333333333,2014
2014-03-06,5.52079166666667,2014
2014-03-07,5.645625,2014
2014-03-08,5.73954166666667,2014
2014-03-09,5.41658333333333,2014
2014-03-10,5.83075,2014
2014-03-11,5.908875,2014
2014-03-12,5.38025,2014
2014-03-13,5.88275,2014
2014-03-14,6.03895833333333,2014
2014-03-15,6.28120833333333,2014
2014-03-16,5.854,2014
2014-03-17,5.93745833333333,2014
2014-03-18,5.723875,2014
2014-03-19,6.78658333333333,2014
2014-03-20,6.70066666666667,2014
2014-03-21,6.40875,2014
2014-03-22,6.72133333333333,2014
2014-03-23,6.80991666666667,2014
2014-03-24,6.92966666666667,2014
2014-03-25,7.24229166666667,2014
2014-03-26,6.89329166666667,2014
2014-03-27,7.49741666666667,2014
2014-03-28,7.40604166666667,2014
2014-03-29,7.39316666666667,2014
2014-03-30,7.40633333333333,2014
2014-03-31,7.336,2014
2014-04-01,7.00254166666667,2014
2014-04-02,8.00525,2014
2014-04-03,8.138,2014
2014-04-04,8.122375,2014
2014-04-05,8.35404166666667,2014
2014-04-06,8.48433333333333,2014
2014-04-07,8.61191666666667,2014
2014-04-08,8.70570833333333,2014
2014-04-09,9.30470833333333,2014
2014-04-10,9.140625,2014
2014-04-11,9.43233333333333,2014
2014-04-12,9.61716666666667,2014
2014-04-13,9.66658333333333,2014
2014-04-14,9.505125,2014
2014-04-15,10.1926666666667,2014
2014-04-16,9.99216666666667,2014
2014-04-17,9.83066666666667,2014
2014-04-18,9.92191666666667,2014
2014-04-19,10.0155416666667,2014
2014-04-20,10.0260416666667,2014
2014-04-21,10.0884166666667,2014
2014-04-22,10.106875,2014
2014-04-23,10.43225,2014
2014-04-24,10.2187916666667,2014
2014-04-25,10.5208333333333,2014
2014-04-26,10.7994166666667,2014
2014-04-27,11.1587083333333,2014
2014-04-28,11.14325,2014
2014-04-29,11.2837083333333,2014
2014-04-30,11.445375,2014
2014-05-01,12.0833333333333,2014
2014-05-02,12.802,2014
2014-05-03,13.073,2014
2014-05-04,12.09125,2014
2014-05-05,12.2214166666667,2014
2014-05-06,13.7655833333333,2014
2014-05-07,14.1278260869565,2014
2014-05-08,13.9192916666667,2014
2014-05-09,13.6302083333333,2014
2014-05-10,14.434875,2014
2014-05-11,14.5104166666667,2014
2014-05-12,14.0547083333333,2014
2014-05-13,14.6640416666667,2014
2014-05-14,14.94525,2014
2014-05-15,15.166625,2014
2014-05-16,15.6588333333333,2014
2014-05-17,16.3359583333333,2014
2014-05-18,16.6276666666667,2014
2014-05-19,16.3359166666667,2014
2014-05-20,17.0105,2014
2014-05-21,17.2368333333333,2014
2014-05-22,16.9245,2014
2014-05-23,17.0729583333333,2014
2014-05-24,17.299375,2014
2014-05-25,17.0208333333333,2014
2014-05-26,16.8905416666667,2014
2014-05-27,16.8384166666667,2014
2014-05-28,17.010375,2014
2014-05-29,16.8749583333333,2014
2014-05-30,16.8463333333333,2014
2014-05-31,16.9114166666667,2014
2014-06-01,17.551652173913,2014
2014-06-02,17.8125416666667,2014
2014-06-03,18.5129166666667,2014
2014-06-04,19.388125,2014
2014-06-05,18.5155416666667,2014
2014-06-06,18.2110416666667,2014
2014-06-07,18.5025416666667,2014
2014-06-08,19.1171666666667,2014
2014-06-09,19.21875,2014
2014-06-10,18.3047083333333,2014
2014-06-11,19.1508333333333,2014
2014-06-12,19.2655833333333,2014
2014-06-13,19.1848333333333,2014
2014-06-14,19.3150416666667,2014
2014-06-15,18.820652173913,2014
2014-06-16,18.8905833333333,2014
2014-06-17,19.3932916666667,2014
2014-06-18,19.7891666666667,2014
2014-06-19,19.062375,2014
2014-06-20,18.5415416666667,2014
2014-06-21,19.0079166666667,2014
2014-06-22,19.5155833333333,2014
2014-06-23,19.6093333333333,2014
2014-06-24,19.9035416666667,2014
2014-06-25,20.6510833333333,2014
2014-06-26,20.3412083333333,2014
2014-06-27,20.5860416666667,2014
2014-06-28,20.0380869565217,2014
2014-06-29,20.0859166666667,2014
2014-06-30,20.51825,2014
2014-07-01,20.7629583333333,2014
2014-07-02,20.778625,2014
2014-07-03,21.0155416666667,2014
2014-07-04,20.6692916666667,2014
2014-07-05,20.080625,2014
2014-07-06,20.2363913043478,2014
2014-07-07,21.0574583333333,2014
2014-07-08,22.4452916666667,2014
2014-07-09,22.4165416666667,2014
2014-07-10,21.2578333333333,2014
2014-07-11,22.044125,2014
2014-07-12,23.023375,2014
2014-07-13,24.3047083333333,2014
2014-07-14,24.125,2014
2014-07-15,23.5182083333333,2014
2014-07-16,24.0652083333333,2014
2014-07-17,23.6523913043478,2014
2014-07-18,24.05725,2014
2014-07-19,23.9673913043478,2014
2014-07-20,23.5163913043478,2014
2014-07-21,23.0911666666667,2014
2014-07-22,22.90375,2014
2014-07-23,22.544375,2014
2014-07-24,22.0989583333333,2014
2014-07-25,21.9271666666667,2014
2014-07-26,22.2708333333333,2014
2014-07-27,22.927125,2014
2014-07-28,23.4739166666667,2014
2014-07-29,23.8451739130435,2014
2014-07-30,24.0677916666667,2014
2014-07-31,24.2527391304348,2014
2014-08-01,24.9126,2014
2014-08-21,24.34375,2014
2014-08-22,23.3886086956522,2014
2014-08-23,23.4245,2014
2014-08-24,23.3515416666667,2014
2014-08-25,23.388125,2014
2014-08-26,23.4584583333333,2014
2014-08-27,23.5989583333333,2014
2014-08-28,23.7708333333333,2014
2014-08-29,23.1770833333333,2014
2014-08-30,22.7057916666667,2014
2014-08-31,22.3255,2014
2014-09-01,22.2826086956522,2014
2014-09-02,21.9005909090909,2014
2014-09-03,21.869875,2014
2014-09-04,21.7995,2014
2014-09-05,21.7787083333333,2014
2014-09-06,22.2474583333333,2014
2014-09-07,22.1614166666667,2014
2014-09-08,21.9141666666667,2014
2014-09-09,21.510375,2014
2014-09-10,21.6485416666667,2014
2014-09-11,20.8568333333333,2014
2014-09-12,20.4791666666667,2014
2014-09-13,20.7578333333333,2014
2014-09-14,20.7264583333333,2014
2014-09-15,20.8828333333333,2014
2014-09-16,20.8308333333333,2014
2014-09-17,20.8260434782609,2014
2014-09-18,20.684875,2014
2014-09-19,20.6548260869565,2014
2014-09-20,20.6901739130435,2014
2014-09-21,20.645875,2014
2014-09-22,20.731625,2014
2014-09-23,20.325375,2014
2014-09-24,20.1224166666667,2014
2014-09-25,20.0312916666667,2014
2014-09-26,20.0109565217391,2014
2014-09-27,20.0861666666667,2014
2014-09-28,20.011,2014
2014-09-29,19.9374583333333,2014
2014-09-30,19.7656666666667,2014
2014-10-01,19.45575,2014
2014-10-02,19.2395833333333,2014
2014-10-03,19.2417826086957,2014
2014-10-04,19.367125,2014
2014-10-05,19.585875,2014
2014-10-06,19.6875416666667,2014
2014-10-07,19.4897083333333,2014
2014-10-08,19.4270416666667,2014
2014-10-09,19.4714583333333,2014
2014-10-10,19.2419583333333,2014
2014-10-11,19.01325,2014
2014-10-12,18.7914583333333,2014
2014-10-13,18.445125,2014
2014-10-14,18.1432916666667,2014
2014-10-15,17.9247083333333,2014
2014-10-16,17.6849565217391,2014
2014-10-17,17.4348333333333,2014
2014-10-18,17.1955,2014
2014-10-19,17,2014
2014-10-20,16.7422916666667,2014
2014-10-21,16.3254583333333,2014
2014-10-22,15.7707916666667,2014
2014-10-23,15.33325,2014
2014-10-24,15.07525,2014
2014-10-25,14.7970833333333,2014
2014-10-26,14.5233333333333,2014
2014-10-27,14.2994166666667,2014
2014-10-28,13.8593333333333,2014
2014-10-29,13.9585,2014
2014-10-30,13.7499583333333,2014
2014-10-31,13.6930416666667,2014
2014-11-01,13.528625,2014
2014-11-02,13.361875,2014
2014-11-03,13.2004583333333,2014
2014-11-04,13.2837916666667,2014
2014-11-05,13.1432083333333,2014
2014-11-06,13.00775,2014
2014-11-07,13.0652916666667,2014
2014-11-08,12.812375,2014
2014-11-09,12.703375,2014
2014-11-10,12.5130416666667,2014
2014-11-11,12.0000416666667,2014
2014-11-12,11.52075,2014
2014-11-13,11.2344583333333,2014
2014-11-14,11.0388333333333,2014
2014-11-15,10.7732916666667,2014
2014-11-16,10.5180416666667,2014
2014-11-17,10.3200416666667,2014
2014-11-18,10.17225,2014
2014-11-19,10.0752083333333,2014
2014-11-20,10.0675416666667,2014
2014-11-21,10.0414166666667,2014
2014-11-22,9.93525,2014
2014-11-23,9.89075,2014
2014-11-24,6.68718181818182,2014
2014-11-25,9.2144375,2014
2014-11-26,9.67290625,2014
2014-11-27,9.67225,2014
2014-11-28,9.49216666666667,2014
2014-11-29,9.32683333333333,2014
2014-11-30,9.05516666666667,2014
2014-12-01,8.89160377358491,2014
2014-12-02,8.7655,2014
2014-12-03,8.65407692307692,2014
2014-12-04,8.47785714285714,2014
2014-12-05,8.417,2014
2014-12-06,8.382875,2014
2014-12-07,8.396,2014
2014-12-08,8.36130434782609,2014
2014-12-09,8.46883333333333,2014
2014-12-10,8.37818181818182,2014
2015-02-03,7.083,2015
2015-02-04,7.09108333333333,2015
2015-02-05,7.02841666666667,2015
2015-02-06,6.80673913043478,2015
2015-02-07,7.057125,2015
2015-02-08,7.12754166666667,2015
2015-02-09,7.34091666666667,2015
2015-02-10,7.32266666666667,2015
2015-02-11,7.31225,2015
2015-02-12,7.3565,2015
2015-02-13,7.481875,2015
2015-02-14,7.591,2015
2015-02-15,7.69008333333333,2015
2015-02-16,7.56516666666667,2015
2015-02-17,7.68229166666667,2015
2015-02-18,7.53908333333333,2015
2015-02-19,7.65875,2015
2015-02-20,7.93245833333333,2015
2015-02-21,7.77858333333333,2015
2015-02-22,7.778625,2015
2015-02-23,7.79429166666667,2015
2015-02-24,7.7605,2015
2015-02-25,7.82816666666667,2015
2015-02-26,7.940125,2015
2015-02-27,7.83591666666667,2015
2015-02-28,7.67975,2015
2015-03-01,7.56258333333333,2015
2015-03-02,7.67175,2015
2015-03-03,7.770875,2015
2015-03-04,7.903625,2015
2015-03-05,7.94270833333333,2015
2015-03-06,8.10941666666667,2015
2015-03-07,8.255125,2015
2015-03-08,8.44004166666667,2015
2015-03-09,8.25783333333333,2015
2015-03-10,8.5,2015
2015-03-11,7.78391666666667,2015
2015-03-12,7.85945833333333,2015
2015-03-13,8.30220833333333,2015
2015-03-14,8.80995833333333,2015
2015-03-15,8.716,2015
2015-03-16,8.724125,2015
2015-03-17,8.80995833333333,2015
2015-03-18,8.78133333333333,2015
2015-03-19,9.10425,2015
2015-03-20,8.63004166666667,2015
2015-03-21,9.07808333333333,2015
2015-03-22,9.020625,2015
2015-03-23,9.02973913043478,2015
2015-03-24,9.208375,2015
2015-03-25,9.17970833333333,2015
2015-03-26,9.67716666666667,2015
2015-03-27,9.65879166666667,2015
2015-03-28,9.19533333333333,2015
2015-03-29,8.63791666666667,2015
2015-03-30,9.16658333333333,2015
2015-03-31,9.599125,2015
2015-04-01,9.55475,2015
2015-04-02,9.84366666666667,2015
2015-04-03,9.71870833333333,2015
2015-04-04,9.690125,2015
2015-04-05,9.89320833333333,2015
2015-04-06,10.0704166666667,2015
2015-04-07,10.247375,2015
2015-04-08,10.4297083333333,2015
2015-04-09,10.8437083333333,2015
2015-04-10,10.4010833333333,2015
2015-04-11,10.7474166666667,2015
2015-04-12,10.7318333333333,2015
2015-04-13,10.755125,2015
2015-04-14,10.958375,2015
2015-04-15,10.9713333333333,2015
2015-04-16,11.2682083333333,2015
2015-04-17,11.2239166666667,2015
2015-04-18,11.2759166666667,2015
2015-04-19,11.4739166666667,2015
2015-04-20,12.3645,2015
2015-04-21,13.1094583333333,2015
2015-04-22,12.6717916666667,2015
2015-04-23,12.7238333333333,2015
2015-04-24,12.5286666666667,2015
2015-04-25,12.9973333333333,2015
2015-04-26,12.9870416666667,2015
2015-04-27,13.0807083333333,2015
2015-04-28,13.6405416666667,2015
2015-04-29,13.7109166666667,2015
2015-04-30,13.4714166666667,2015
2015-05-01,13.765625,2015
2015-05-02,13.8412916666667,2015
2015-05-03,13.86975,2015
2015-05-04,14.3072916666667,2015
2015-05-05,14.479125,2015
2015-05-06,14.5963333333333,2015
2015-05-07,14.6121666666667,2015
2015-05-08,14.9322916666667,2015
2015-05-09,15.8697916666667,2015
2015-05-10,16.8255416666667,2015
2015-05-11,17.182375,2015
2015-05-12,17.263125,2015
2015-05-13,17.35675,2015
2015-05-14,17.072875,2015
2015-05-15,16.9817916666667,2015
2015-05-16,17.276125,2015
2015-05-17,17.2657083333333,2015
2015-05-18,17.4895833333333,2015
2015-05-19,18.591125,2015
2015-05-20,18.8567083333333,2015
2015-05-21,19.789125,2015
2015-05-22,19.8385833333333,2015
2015-05-23,18.270875,2015
2015-05-24,19.0807083333333,2015
2015-05-25,20.11475,2015
2015-05-26,20.5078333333333,2015
2015-05-27,20.3022083333333,2015
2015-05-28,20.7421666666667,2015
2015-05-29,22.1380833333333,2015
2015-05-30,21.8569166666667,2015
2015-05-31,20.9271666666667,2015
2015-06-01,20.4270416666667,2015
2015-06-02,20.25525,2015
2015-06-03,19.8880416666667,2015
2015-06-04,20.8514583333333,2015
2015-06-05,21.5207916666667,2015
2015-06-06,21.125,2015
2015-06-07,21.5625416666667,2015
2015-06-08,21.9975,2015
2015-06-09,20.9479166666667,2015
2015-06-10,21.317625,2015
2015-06-11,21.40625,2015
2015-06-12,21.8202916666667,2015
2015-06-13,21.15625,2015
2015-06-14,21.2213333333333,2015
2015-06-15,21.6483333333333,2015
2015-06-16,22.59375,2015
2015-06-17,22.6224166666667,2015
2015-06-18,22.1482916666667,2015
2015-06-19,21.747375,2015
2015-06-20,21.4895833333333,2015
2015-06-21,21.38025,2015
2015-06-22,22.395875,2015
2015-06-23,22.5597826086957,2015
2015-06-24,22.2683333333333,2015
2015-06-25,22.1276666666667,2015
2015-06-26,23.487,2015
2015-06-27,24.04675,2015
2015-06-28,23.50775,2015
2015-06-29,23.5467916666667,2015
2015-06-30,24.559875,2015
2015-07-01,23.3696666666667,2015
2015-07-02,24.6276666666667,2015
2015-07-03,24.2005416666667,2015
2015-07-04,24.010375,2015
2015-07-05,23.5079166666667,2015
2015-07-06,23.4609166666667,2015
2015-07-07,22.9322916666667,2015
2015-07-08,23.591125,2015
2015-07-09,23.9114583333333,2015
2015-07-10,23.1822083333333,2015
2015-07-11,23.3724166666667,2015
2015-07-12,22.8646666666667,2015
2015-07-13,23.0989583333333,2015
2015-07-14,23.8307083333333,2015
2015-07-15,23.614625,2015
2015-07-16,23.5051666666667,2015
2015-07-17,23.25525,2015
2015-07-18,23.7864583333333,2015
2015-07-19,24.4713333333333,2015
2015-07-20,24.7655833333333,2015
2015-07-21,23.763125,2015
2015-07-22,23.2213333333333,2015
2015-07-23,23.18225,2015
2015-07-24,23.109375,2015
2015-07-25,22.64325,2015
2015-07-26,22.5443333333333,2015
2015-07-27,22.7212916666667,2015
2015-07-28,23.2265,2015
2015-07-29,23.94275,2015
2015-07-30,24.3177083333333,2015
2015-07-31,24.6953333333333,2015
2015-08-01,24.6484583333333,2015
2015-08-02,23.94275,2015
2015-08-03,24.2526666666667,2015
2015-08-04,23.409,2015
2015-08-05,23.020875,2015
2015-08-06,23.2707916666667,2015
2015-08-07,23.6639583333333,2015
2015-08-08,23.30975,2015
2015-08-09,22.775875,2015
2015-08-10,23.1120833333333,2015
2015-08-11,23.66925,2015
2015-08-12,23.8047916666667,2015
2015-08-13,23.8671666666667,2015
2015-08-14,23.5963333333333,2015
2015-08-15,23.4557083333333,2015
2015-08-16,23.1821666666667,2015
2015-08-17,23.211,2015
2015-08-18,23.4947916666667,2015
2015-08-19,23.4191666666667,2015
2015-08-20,23.00775,2015
2015-08-21,23.4922083333333,2015
2015-08-22,23.3202916666667,2015
2015-08-23,23.5260416666667,2015
2015-08-24,23.2528260869565,2015
2015-08-25,23.065125,2015
2015-08-26,23.013,2015
2015-08-27,22.9112916666667,2015
2015-08-28,22.8724583333333,2015
2015-08-29,22.4035833333333,2015
2015-08-30,22.0488260869565,2015
2015-08-31,21.7840833333333,2015
2015-09-01,21.4634583333333,2015
2015-09-02,21.1301666666667,2015
2015-09-03,20.8645416666667,2015
2015-09-04,20.8515,2015
2015-09-05,20.7056666666667,2015
2015-09-06,20.497375,2015
2015-09-07,20.2995833333333,2015
2015-09-08,20.5053333333333,2015
2015-09-09,20.76825,2015
2015-09-10,21.1796666666667,2015
2015-09-11,21.330875,2015
2015-09-12,21.4428333333333,2015
2015-09-13,20.7969583333333,2015
2015-09-14,20.2474583333333,2015
2015-09-15,20.0573333333333,2015
2015-09-16,19.888,2015
2015-09-17,19.7996666666667,2015
2015-09-18,19.6275,2015
2015-09-19,19.5938333333333,2015
2015-09-20,19.5911666666667,2015
2015-09-21,19.387875,2015
2015-09-22,19.2579583333333,2015
2015-09-23,19.01825,2015
2015-09-24,18.7474166666667,2015
2015-09-25,18.6664583333333,2015
2015-09-26,18.6040833333333,2015
2015-09-27,18.3645416666667,2015
2015-09-28,18.3046666666667,2015
2015-09-29,18.3594583333333,2015
2015-09-30,18.336,2015
2015-10-01,18.2213333333333,2015
2015-10-02,18.0571666666667,2015
2015-10-03,17.8229166666667,2015
2015-10-04,17.8072083333333,2015
2015-10-05,17.7264583333333,2015
2015-10-06,17.6094583333333,2015
2015-10-07,17.5129166666667,2015
2015-10-08,17.4299166666667,2015
2015-10-09,17.3462083333333,2015
2015-10-10,17.1955833333333,2015
2015-10-11,16.987125,2015
2015-10-12,16.7967083333333,2015
2015-10-13,16.7135833333333,2015
2015-10-14,16.56,2015
2015-10-15,16.39325,2015
2015-10-16,16.2837916666667,2015
2015-10-17,16.3097083333333,2015
2015-10-18,16.2707083333333,2015
2015-10-19,16.211125,2015
2015-10-20,16.1119166666667,2015
2015-10-21,16.0364166666667,2015
2015-10-22,15.9403333333333,2015
2015-10-23,15.7421666666667,2015
2015-10-24,15.48175,2015
2015-10-25,15.33575,2015
2015-10-26,15.3202083333333,2015
2015-10-27,15.2810833333333,2015
2015-10-28,15.21125,2015
2015-10-29,15.13025,2015
2015-10-30,15.0310833333333,2015
2015-10-31,14.97925,2015
2015-11-01,14.7186666666667,2015
2015-11-02,14.4272916666667,2015
2015-11-03,14.1850416666667,2015
2015-11-04,14.0258333333333,2015
2015-11-05,13.90125,2015
2015-11-06,13.7240833333333,2015
2015-11-07,13.5804166666667,2015
2015-11-08,13.4481666666667,2015
2015-11-09,13.2526666666667,2015
2015-11-10,13.0311666666667,2015
2015-11-11,12.7811666666667,2015
2015-11-12,12.4843333333333,2015
2015-11-13,12.3094583333333,2015
2015-11-14,12.2266666666667,2015
2015-11-15,12.0259166666667,2015
2015-11-16,11.7369583333333,2015
2015-11-17,11.5050833333333,2015
2015-11-18,11.2526666666667,2015
2015-11-19,11.0234166666667,2015
2015-11-20,10.8097916666667,2015
2015-11-21,10.5805833333333,2015
2015-11-22,10.4116666666667,2015
2015-11-23,10.2887916666667,2015
2015-11-24,10.13025,2015
2015-11-25,9.85929166666667,2015
2015-11-26,9.68516666666667,2015
2015-11-27,9.52070833333333,2015
2015-11-28,9.3515,2015
2015-11-29,9.20070833333333,2015
2015-11-30,9.03379166666667,2015
2015-12-01,8.8645,2015
2015-12-02,8.78616666666667,2015
2015-12-03,8.75775,2015
2015-12-04,8.76808333333333,2015
2015-12-05,8.66679166666667,2015
2015-12-06,8.562125,2015
2015-12-07,8.57516666666667,2015
2015-12-08,8.575125,2015
2015-12-09,8.53875,2015
2015-12-10,8.40327272727273,2015
2015-12-11,8.39075,2015
2015-12-12,8.32783333333333,2015
2015-12-13,8.25516666666667,2015
2015-12-14,8.19820833333333,2015
2015-12-15,8.096125,2015
2015-12-16,8,2015
2015-12-17,7.89075,2015
2015-12-18,7.76377777777778,2015
2015-12-19,7.685125,2015
2015-12-20,7.6145,2015
2015-12-21,7.55941666666667,2015
2015-12-22,7.5,2015
2015-12-23,7.42745833333333,2015
2015-12-24,7.3855,2015
2015-12-25,7.31745833333333,2015
2015-12-26,7.21891666666667,2015
2015-12-27,7.10213636363636,2015
2015-12-28,7.05941666666667,2015
2015-12-29,6.99483333333333,2015
2015-12-30,6.930125,2015
2015-12-31,6.82779166666667,2015
2016-01-01,6.74225,2016
2016-01-02,6.66433333333333,2016
2016-01-03,6.590875,2016
2016-01-04,6.53104166666667,2016
2016-01-05,6.41166666666667,2016
2016-01-06,6.377625,2016
2016-01-07,6.34095833333333,2016
2016-01-08,6.31725,2016
2016-01-09,6.2965,2016
2016-01-10,6.26291666666667,2016
2016-01-11,6.219,2016
2016-01-12,6.16175,2016
2016-01-13,6.15125,2016
2016-01-14,6.125,2016
2016-01-15,6.06991666666667,2016
2016-01-16,6.05425,2016
2016-01-17,6.05945833333333,2016
2016-01-18,6.06995833333333,2016
2016-01-19,6.069875,2016
2016-01-20,6.05941666666667,2016
2016-01-21,6.01291666666667,2016
2016-01-22,6.02325,2016
2016-01-23,6.04391666666667,2016
2016-01-24,6.02066666666667,2016
2016-01-25,6.05166666666667,2016
2016-01-26,6.05166666666667,2016
2016-01-27,6.05945833333333,2016
2016-01-28,6.03104166666667,2016
2016-01-29,6.05166666666667,2016
2016-01-30,6.056875,2016
2016-01-31,6.072625,2016
2016-02-01,6.06470833333333,2016
2016-02-02,6.03358333333333,2016
2016-02-03,5.99483333333333,2016
2016-02-04,5.981875,2016
2016-02-05,5.98191666666667,2016
2016-02-06,5.97158333333333,2016
2016-02-07,5.99225,2016
2016-02-08,6.05466666666667,2016
2016-02-09,6.062125,2016
2016-02-10,6.03875,2016
2016-02-11,6.132875,2016
2016-02-12,6.13025,2016
2016-02-13,6.1275,2016
2016-02-14,6.216375,2016
2016-02-15,6.15125,2016
2016-02-16,6.08833333333333,2016
2016-02-17,6.096125,2016
2016-02-18,6.23445833333333,2016
2016-02-19,6.356625,2016
2016-02-20,6.27583333333333,2016
2016-02-21,6.20345833333333,2016
2016-02-22,6.18241666666667,2016
2016-02-23,6.23179166666667,2016
2016-02-24,6.347,2016
2016-02-25,6.37754166666667,2016
2016-02-26,6.46366666666667,2016
2016-02-27,6.53383333333333,2016
2016-02-28,6.58845833333333,2016
2016-02-29,6.76808333333333,2016
2016-03-01,6.58333333333333,2016
2016-03-02,6.40891666666667,2016
2016-03-03,6.48445833333333,2016
2016-03-04,6.15608333333333,2016
2016-03-05,6.44,2016
2016-03-06,6.583375,2016
2016-03-07,6.44258333333333,2016
2016-03-08,6.77345833333333,2016
2016-03-09,6.80741666666667,2016
2016-03-10,6.73420833333333,2016
2016-03-11,6.65904166666667,2016
2016-03-12,6.61720833333333,2016
2016-03-13,6.54133333333333,2016
2016-03-14,6.598875,2016
2016-03-15,6.770875,2016
2016-03-16,6.86445833333333,2016
2016-03-17,6.64316666666667,2016
2016-03-18,6.47129166666667,2016
2016-03-19,6.84395833333333,2016
2016-03-20,7.16395833333333,2016
2016-03-21,7.32554166666667,2016
2016-03-22,7.59391666666667,2016
2016-03-23,7.27854166666667,2016
2016-03-24,7.29175,2016
2016-03-25,7.60941666666667,2016
2016-03-26,7.838625,2016
2016-03-27,8.15366666666667,2016
2016-03-28,8.17716666666667,2016
2016-03-29,8.42191666666667,2016
2016-03-30,8.679625,2016
2016-03-31,9.010375,2016
2016-04-01,9.33591666666667,2016
2016-04-02,9.57558333333333,2016
2016-04-03,9.76320833333333,2016
2016-04-04,10.6770833333333,2016
2016-04-05,10.1171666666667,2016
2016-04-06,9.89329166666667,2016
2016-04-07,10.4455,2016
2016-04-08,10.3047083333333,2016
2016-04-09,10.2032083333333,2016
2016-04-10,11.0104583333333,2016
2016-04-11,11.585875,2016
2016-04-12,11.0130416666667,2016
2016-04-13,11.0025833333333,2016
2016-04-14,11.5754166666667,2016
2016-04-15,11.8202916666667,2016
2016-04-16,11.6276666666667,2016
2016-04-17,11.645875,2016
2016-04-18,12.034,2016
2016-04-19,12.5235,2016
2016-04-20,12.7056666666667,2016
2016-04-21,12.7317916666667,2016
2016-04-22,13.5599166666667,2016
2016-04-23,13.909,2016
2016-04-24,13.9895833333333,2016
2016-04-25,13.927125,2016
2016-04-26,13.9165833333333,2016
2016-04-27,14.1562083333333,2016
2016-04-28,14.1925833333333,2016
2016-04-29,14.1614166666667,2016
2016-04-30,13.6328333333333,2016
2016-05-01,13.609375,2016
2016-05-02,14.7786666666667,2016
2016-05-03,15.260375,2016
2016-05-04,15.429625,2016
2016-05-05,15.0390833333333,2016
2016-05-06,15.3749583333333,2016
2016-05-07,16.0077916666667,2016
2016-05-08,16.140625,2016
2016-05-09,15.8229583333333,2016
2016-05-10,16.6822916666667,2016
2016-05-11,16.7785833333333,2016
2016-05-12,15.8464166666667,2016
2016-05-13,15.9972916666667,2016
2016-05-14,16.166625,2016
2016-05-15,17.1562083333333,2016
2016-05-16,17.4479166666667,2016
2016-05-17,17.7262857142857,2016
2016-05-18,18.2448333333333,2016
2016-05-19,17.4895833333333,2016
2016-05-20,17.56,2016
2016-05-21,17.8957916666667,2016
2016-05-22,17.90625,2016
2016-05-23,17.7447916666667,2016
2016-05-24,18.0989166666667,2016
2016-05-25,18.1040416666667,2016
2016-05-26,17.7734583333333,2016
2016-05-27,17.6926666666667,2016
2016-05-28,17.4557916666667,2016
2016-05-29,17.7474583333333,2016
2016-05-30,17.937375,2016
2016-05-31,18.1589166666667,2016
2016-06-01,18.7186666666667,2016
2016-06-02,18.2162083333333,2016
2016-06-03,18.5677083333333,2016
2016-06-04,19.4270416666667,2016
2016-06-05,20.216125,2016
2016-06-06,21.461,2016
2016-06-07,21.5859583333333,2016
2016-06-08,21.1432083333333,2016
2016-06-09,20.3672083333333,2016
2016-06-10,19.6589583333333,2016
2016-06-11,19.6120416666667,2016
2016-06-12,19.5103333333333,2016
2016-06-13,19.4971739130435,2016
2016-06-14,19.1665416666667,2016
2016-06-15,19.0963333333333,2016
2016-06-16,19.1433333333333,2016
2016-06-17,19.3957916666667,2016
2016-06-18,18.656375,2016
2016-06-19,18.7160416666667,2016
2016-06-20,19.054625,2016
2016-06-21,18.9114583333333,2016
2016-06-22,19.0366666666667,2016
2016-06-23,18.8722916666667,2016
2016-06-24,18.961,2016
2016-06-25,19.1145416666667,2016
2016-06-26,19.596375,2016
2016-06-27,20.565,2016
2016-06-28,21.453125,2016
2016-06-29,21.72925,2016
2016-06-30,21.7135416666667,2016
2016-07-01,21.7135,2016
2016-07-02,21.6535833333333,2016
2016-07-03,21.1093333333333,2016
2016-07-04,21.0910833333333,2016
2016-07-05,20.8672083333333,2016
2016-07-06,20.859375,2016
2016-07-07,20.5622083333333,2016
2016-07-08,18.9189,2016
2016-07-09,20.005125,2016
2016-07-10,20.3255833333333,2016
2016-07-11,20.328125,2016
2016-07-12,20.2292083333333,2016
2016-07-13,20.6250416666667,2016
2016-07-14,20.8670416666667,2016
2016-07-15,20.8385833333333,2016
2016-07-16,21.609375,2016
2016-07-17,21.9009583333333,2016
2016-07-18,21.4321666666667,2016
2016-07-19,21.804625,2016
2016-07-20,21.9739166666667,2016
2016-07-21,22.0520833333333,2016
2016-07-22,22.5755416666667,2016
2016-07-23,22.1952916666667,2016
2016-07-24,22.6405833333333,2016
2016-07-25,22.4819166666667,2016
2016-07-26,23.5859583333333,2016
2016-07-27,23.3437916666667,2016
2016-07-28,23.474,2016
2016-07-29,23.2813333333333,2016
2016-07-30,22.7655833333333,2016
2016-07-31,22.3229166666667,2016
2016-08-01,22.6900416666667,2016
2016-08-02,22.3880416666667,2016
2016-08-03,21.6951666666667,2016
2016-08-04,21.901,2016
2016-08-05,21.7005416666667,2016
2016-08-06,21.5182916666667,2016
2016-08-07,21.3879583333333,2016
2016-08-08,21.3385416666667,2016
2016-08-09,21.619875,2016
2016-08-10,21.938,2016
2016-08-11,21.6957916666667,2016
2016-08-12,21.688,2016
2016-08-13,22.5575833333333,2016
2016-08-14,24.875,2016
2016-08-15,24.3984583333333,2016
2016-08-16,24,2016
2016-08-17,24,2016
2016-08-18,23.6019166666667,2016
2016-08-19,23.7340833333333,2016
2016-08-20,23.812,2016
2016-08-21,23.812,2016
2016-08-22,23.812,2016
2016-08-23,23.812,2016
2016-08-24,23.9528333333333,2016
2016-08-25,23.5390833333333,2016
2016-08-26,23.6249583333333,2016
2016-08-27,23.713625,2016
2016-08-28,23.0677083333333,2016
2016-08-29,22.690125,2016
2016-08-30,22.5105,2016
2016-08-31,22.3281666666667,2016
2016-09-01,21.8202083333333,2016
2016-09-02,21.7369166666667,2016
2016-09-03,21.6145833333333,2016
2016-09-04,21.6042083333333,2016
2016-09-05,21.2994166666667,2016
2016-09-06,21.1537083333333,2016
2016-09-07,20.958375,2016
2016-09-08,20.893375,2016
2016-09-09,20.8098333333333,2016
2016-09-10,21.0156666666667,2016
2016-09-11,20.5390833333333,2016
2016-09-12,20.4452916666667,2016
2016-09-13,20.4270416666667,2016
2016-09-14,20.6614166666667,2016
2016-09-15,20.6823333333333,2016
2016-09-16,20.40625,2016
2016-09-17,20.179625,2016
2016-09-18,19.8932916666667,2016
2016-09-19,19.744875,2016
2016-09-20,19.671875,2016
2016-09-21,19.5885833333333,2016
2016-09-22,19.434875,2016
2016-09-23,19.2577916666667,2016
2016-09-24,19.0520833333333,2016
2016-09-25,18.9895833333333,2016
2016-09-26,18.9765833333333,2016
2016-09-27,18.7707916666667,2016
2016-09-28,18.55725,2016
2016-09-29,18.3464166666667,2016
2016-09-30,18.203125,2016
2016-10-01,18.0469583333333,2016
2016-10-02,17.9662083333333,2016
2016-10-03,17.7734583333333,2016
2016-10-04,17.5649166666667,2016
2016-10-05,17.5105833333333,2016
2016-10-06,17.3255833333333,2016
2016-10-07,17.14325,2016
2016-10-08,16.9166666666667,2016
2016-10-09,16.7472916666667,2016
2016-10-10,16.5285416666667,2016
2016-10-11,16.2657083333333,2016
2016-10-12,16.020625,2016
2016-10-13,15.8390714285714,2016
2016-10-14,15.4741666666667,2016
2016-10-15,15.3177083333333,2016
2016-10-16,15.002875,2016
2016-10-17,14.888125,2016
2016-10-18,14.7655,2016
2016-10-19,14.5415416666667,2016
2016-10-20,14.424625,2016
2016-10-21,14.2448333333333,2016
2016-10-22,13.9793333333333,2016
2016-10-23,13.8931666666667,2016
2016-10-24,13.8099583333333,2016
2016-10-25,13.0832083333333,2016
2016-10-26,13.213375,2016
2016-10-27,13.0547083333333,2016
2016-10-28,12.8356666666667,2016
2016-10-29,12.765375,2016
2016-10-30,12.6721666666667,2016
2016-10-31,12.60925,2016
2016-11-01,12.4504166666667,2016
2016-11-02,12.1300833333333,2016
2016-11-03,12.015625,2016
2016-11-04,11.9454583333333,2016
2016-11-05,11.7006666666667,2016
2016-11-06,11.67475,2016
2016-11-07,11.408875,2016
2016-11-08,11.43225,2016
2016-11-09,11.4661666666667,2016
2016-11-10,11.395875,2016
2016-11-11,11.388125,2016
2016-11-12,11.4139583333333,2016
2016-11-13,10.901125,2016
2016-11-14,11.0936666666667,2016
2016-11-15,10.950875,2016
2016-11-16,10.8044583333333,2016
2016-11-17,10.643375,2016
2016-11-18,10.5831666666667,2016
2016-11-19,10.4869583333333,2016
2016-11-20,10.2759166666667,2016
2016-11-21,10.2137083333333,2016
2016-11-22,10.122375,2016
2016-11-23,9.97408333333333,2016
2016-11-24,9.8305,2016
2016-11-25,9.68775,2016
2016-11-26,9.55183333333333,2016
2016-11-27,9.44291666666667,2016
2016-11-28,9.30433333333333,2016
2016-11-29,9.219,2016
2016-11-30,9.16175,2016
2016-12-01,9.07779166666667,2016
2016-12-02,9.02066666666667,2016
2016-12-03,8.97158333333333,2016
2016-12-04,8.83833333333333,2016
2016-12-05,8.72675,2016
2016-12-06,8.60145833333333,2016
2016-12-07,8.40375,2016
2016-12-08,8.10060869565217,2016
2016-12-09,7.88554166666667,2016
2016-12-10,7.75563636363636,2016
2016-12-11,7.68266666666667,2016
2016-12-12,7.60925,2016
2016-12-13,7.49220833333333,2016
2016-12-14,7.3175,2016
2016-12-15,7.21891666666667,2016
2016-12-16,7.08308333333333,2016
2016-12-17,6.969,2016
2016-12-18,6.893375,2016
2016-12-19,6.82520833333333,2016
2016-12-20,6.79920833333333,2016
2016-12-21,6.75516666666667,2016
2016-12-22,6.71125,2016
2016-12-23,6.685375,2016
2016-12-24,6.61975,2016
2016-12-25,6.55425,2016
2016-12-26,6.45595833333333,2016
2016-12-27,6.40125,2016
2016-12-28,6.330375,2016
2016-12-29,6.27583333333333,2016
2016-12-30,6.24741666666667,2016
2016-12-31,6.20608333333333,2016
2017-01-01,6.09375,2017
2017-01-02,5.922,2017
2017-01-03,5.74741666666667,2017
2017-01-04,5.596125,2017
2017-01-05,5.54141666666667,2017
2017-01-06,5.53875,2017
2017-01-07,5.48966666666667,2017
2017-01-08,5.438,2017
2017-01-09,5.42745833333333,2017
2017-01-10,5.382875,2017
2017-01-11,5.22933333333333,2017
2017-01-12,5.153875,2017
2017-01-13,5.117125,2017
2017-01-14,5.062125,2017
2017-01-15,5.05183333333333,2017
2017-01-16,5.03616666666667,2017
2017-01-17,NA,2017
2017-01-18,5.02325,2017
2017-01-19,5.138125,2017
2017-01-20,5.18275,2017
2017-01-21,5.19058333333333,2017
2017-01-22,5.188,2017
2017-01-23,5.17483333333333,2017
2017-01-24,5.138125,2017
2017-01-25,5.14075,2017
2017-01-26,5.159125,2017
2017-01-27,5.19685714285714,2017
2017-01-28,5.21765217391304,2017
2017-01-29,5.23716666666667,2017
2017-01-30,5.31466666666667,2017
2017-01-31,5.22158333333333,2017
2017-02-01,5.07791666666667,2017
2017-02-02,4.99483333333333,2017
2017-02-03,NA,2017
2017-02-04,NA,2017
2017-02-05,NA,2017
2017-02-06,NA,2017
2017-02-07,NA,2017
2017-02-08,NA,2017
2017-02-09,NA,2017
2017-02-10,NA,2017
2017-02-11,NA,2017
2017-02-12,NA,2017
2017-02-13,NA,2017
2017-02-14,NA,2017
2017-02-15,NA,2017
2017-02-16,NA,2017
2017-02-17,NA,2017
2017-02-18,NA,2017
2017-02-19,4.98704166666667,2017
2017-02-20,5.09104166666667,2017
2017-02-21,5.098875,2017
2017-02-22,5.11458333333333,2017
2017-02-23,5.150875,2017
2017-02-24,5.153875,2017
2017-02-25,5.00775,2017
2017-02-26,5.05741666666667,2017
2017-02-27,5.13029166666667,2017
2017-02-28,5.03125,2017
2017-03-01,5.16691666666667,2017
2017-03-02,5.27854166666667,2017
2017-03-03,5.299375,2017
2017-03-04,5.224125,2017
2017-03-05,5.122375,2017
2017-03-06,5.35420833333333,2017
2017-03-07,5.309875,2017
2017-03-08,5.24741666666667,2017
2017-03-09,5.15108333333333,2017
2017-03-10,5.203,2017
2017-03-11,5.28883333333333,2017
2017-03-12,5.35683333333333,2017
2017-03-13,5.50266666666667,2017
2017-03-14,5.575625,2017
2017-03-15,5.60166666666667,2017
2017-03-16,5.34120833333333,2017
2017-03-17,5.29441666666667,2017
2017-03-18,5.61729166666667,2017
2017-03-19,5.724125,2017
2017-03-20,5.83833333333333,2017
2017-03-21,6.06766666666667,2017
2017-03-22,5.94533333333333,2017
2017-03-23,6.19008333333333,2017
2017-03-24,6.12220833333333,2017
2017-03-25,6.007875,2017
2017-03-26,6.06758333333333,2017
2017-03-27,6.27091666666667,2017
2017-03-28,6.2475,2017
2017-03-29,6.71095833333333,2017
2017-03-30,6.6225,2017
2017-03-31,6.499875,2017
2017-04-01,7.2995,2017
2017-04-02,6.729125,2017
2017-04-03,6.56758333333333,2017
2017-04-04,7.12504166666667,2017
2017-04-05,7.12233333333333,2017
2017-04-06,7.13275,2017
2017-04-07,7.20833333333333,2017
2017-04-08,6.39579166666667,2017
2017-04-09,6.60154166666667,2017
2017-04-10,7.13029166666667,2017
2017-04-11,6.88020833333333,2017
2017-04-12,7.434875,2017
2017-04-13,7.41404166666667,2017
2017-04-14,8.17179166666667,2017
2017-04-15,8.54679166666667,2017
2017-04-16,8.4765,2017
2017-04-17,8.601625,2017
2017-04-18,8.72133333333333,2017
2017-04-19,7.815125,2017
2017-04-20,8.89070833333333,2017
2017-04-21,8.38545833333333,2017
2017-04-22,8.73429166666667,2017
2017-04-23,9.04945833333333,2017
2017-04-24,9.231625,2017
2017-04-25,9.78904166666667,2017
2017-04-26,10.6692083333333,2017
2017-04-27,9.76045833333333,2017
2017-04-28,10.3593333333333,2017
2017-04-29,10.223875,2017
2017-04-30,10.5494583333333,2017
2017-05-01,10.5598333333333,2017
2017-05-02,10.718625,2017
2017-05-03,10.6094166666667,2017
2017-05-04,11.0336666666667,2017
2017-05-05,12.3932083333333,2017
2017-05-06,11.9218333333333,2017
2017-05-07,12.1250833333333,2017
2017-05-08,12.085875,2017
2017-05-09,12.289125,2017
2017-05-10,12.1457916666667,2017
2017-05-11,12.721375,2017
2017-05-12,12.43475,2017
2017-05-13,12.567625,2017
2017-05-14,12.7137083333333,2017
2017-05-15,12.6666666666667,2017
2017-05-16,12.9165833333333,2017
2017-05-17,13.4505416666667,2017
2017-05-18,13.4973333333333,2017
2017-05-19,13.4765833333333,2017
2017-05-20,14.0104583333333,2017
2017-05-21,14.75,2017
2017-05-22,15.4556666666667,2017
2017-05-23,16.6615416666667,2017
2017-05-24,14.8854166666667,2017
2017-05-25,14.9610833333333,2017
2017-05-26,16.1119166666667,2017
2017-05-27,16.612,2017
2017-05-28,16.5963333333333,2017
2017-05-29,16.6068333333333,2017
2017-05-30,17.3021666666667,2017
2017-05-31,17.54425,2017
2017-06-01,17.1875416666667,2017
2017-06-02,17.1770833333333,2017
2017-06-03,17.81775,2017
2017-06-04,17.94525,2017
2017-06-05,18.0807083333333,2017
2017-06-06,18.372375,2017
2017-06-07,18.572875,2017
2017-06-08,18.1535833333333,2017
2017-06-09,17.9036666666667,2017
2017-06-10,17.6745833333333,2017
2017-06-11,17.859375,2017
2017-06-12,18.578125,2017
2017-06-13,17.90875,2017
2017-06-14,17.6511666666667,2017
2017-06-15,16.742125,2017
2017-06-16,16.7994166666667,2017
2017-06-17,16.7084583333333,2017
2017-06-18,16.5415833333333,2017
2017-06-19,17.0155416666667,2017
2017-06-20,18.2135416666667,2017
2017-06-21,17.429625,2017
2017-06-22,16.95825,2017
2017-06-23,17.9349166666667,2017
2017-06-24,18.5910833333333,2017
2017-06-25,19.557375,2017
2017-06-26,20.1432083333333,2017
2017-06-27,20.32025,2017
2017-06-28,20.5573333333333,2017
2017-06-29,20.48175,2017
2017-06-30,21.713625,2017
2017-07-01,22.0806666666667,2017
2017-07-02,21.9164583333333,2017
2017-07-03,21.5729583333333,2017
2017-07-04,21.5754583333333,2017
2017-07-05,22.580625,2017
2017-07-06,22.7031666666667,2017
2017-07-07,22.2317916666667,2017
2017-07-08,22.6849166666667,2017
2017-07-09,22.5651666666667,2017
2017-07-10,21.8541666666667,2017
2017-07-11,22.3515416666667,2017
2017-07-12,22.3203333333333,2017
2017-07-13,22.0885,2017
2017-07-14,22.1015833333333,2017
2017-07-15,21.8437083333333,2017
2017-07-16,21.671875,2017
2017-07-17,21.656375,2017
2017-07-18,22.2213333333333,2017
2017-07-19,22.27875,2017
2017-07-20,22.21875,2017
2017-07-21,21.612,2017
2017-07-22,21.4140833333333,2017
2017-07-23,21.4167083333333,2017
2017-07-24,21.4687916666667,2017
2017-07-25,21.9192083333333,2017
2017-07-26,22.859375,2017
2017-07-27,23.0598333333333,2017
2017-07-28,22.7733333333333,2017
2017-07-29,22.93225,2017
2017-07-30,23.0937083333333,2017
2017-07-31,23.1302083333333,2017
2017-08-01,22.895875,2017
2017-08-02,23.158875,2017
2017-08-03,23.4375,2017
2017-08-04,23.2107916666667,2017
2017-08-05,22.8020416666667,2017
2017-08-06,22.6250416666667,2017
2017-08-07,23.14075,2017
2017-08-08,23.4322916666667,2017
2017-08-09,23.4843333333333,2017
2017-08-10,23.6483333333333,2017
2017-08-11,23.5130833333333,2017
2017-08-12,23.1640416666667,2017
2017-08-13,23.067625,2017
2017-08-14,22.786375,2017
2017-08-15,23.0077083333333,2017
2017-08-16,23.26825,2017
2017-08-17,23.2474166666667,2017
2017-08-18,23.0024583333333,2017
2017-08-19,22.8827916666667,2017
2017-08-20,22.9609166666667,2017
2017-08-21,23.034,2017
2017-08-22,22.877625,2017
2017-08-23,22.91925,2017
2017-08-24,22.619875,2017
2017-08-25,22.570375,2017
2017-08-26,22.6952083333333,2017
2017-08-27,22.7290833333333,2017
2017-08-28,22.7630833333333,2017
2017-08-29,22.833375,2017
2017-08-30,23.00775,2017
2017-08-31,23.0025833333333,2017
2017-09-01,23.0624166666667,2017
2017-09-02,23.4844166666667,2017
2017-09-03,23.4895,2017
2017-09-04,23.3515833333333,2017
2017-09-05,23.3645833333333,2017
2017-09-06,23.2005,2017
2017-09-07,22.466125,2017
2017-09-08,22.2551666666667,2017
2017-09-09,21.9635,2017
2017-09-10,21.5573333333333,2017
2017-09-11,21.549375,2017
2017-09-12,21.69275,2017
2017-09-13,21.0937083333333,2017
2017-09-14,20.6745,2017
2017-09-15,20.4739583333333,2017
2017-09-16,20.5806666666667,2017
2017-09-17,20.3019583333333,2017
2017-09-18,19.83075,2017
2017-09-19,19.5910833333333,2017
2017-09-20,19.4114583333333,2017
2017-09-21,19.211,2017
2017-09-22,19.091125,2017
2017-09-23,19.3150833333333,2017
2017-09-24,19.328125,2017
2017-09-25,19.3828333333333,2017
2017-09-26,19.3020833333333,2017
2017-09-27,19.3175,2017
2017-09-28,19.65625,2017
2017-09-29,19.598875,2017
2017-09-30,19.0702916666667,2017
2017-10-01,18.7576666666667,2017
2017-10-02,18.2865,2017
2017-10-03,17.914125,2017
2017-10-04,17.8150833333333,2017
2017-10-05,17.742125,2017
2017-10-06,17.6093333333333,2017
2017-10-07,17.2994583333333,2017
2017-10-08,17.1797083333333,2017
2017-10-09,16.888,2017
2017-10-10,16.7291666666667,2017
2017-10-11,16.49475,2017
2017-10-12,16.3125833333333,2017
2017-10-13,16.0442916666667,2017
2017-10-14,15.7839583333333,2017
2017-10-15,15.9557916666667,2017
2017-10-16,15.88025,2017
2017-10-17,15.8410416666667,2017
2017-10-18,15.5314583333333,2017
2017-10-19,15.3019166666667,2017
2017-10-20,15.127625,2017
2017-10-21,14.9167083333333,2017
2017-10-22,14.661625,2017
2017-10-23,14.5465,2017
2017-10-24,14.4845,2017
2017-10-25,14.4090833333333,2017
2017-10-26,14.25525,2017
2017-10-27,14.172125,2017
2017-10-28,14.038875,2017
2017-10-29,13.99225,2017
2017-10-30,13.833125,2017
2017-10-31,13.6224583333333,2017
2017-11-01,13.4819166666667,2017
2017-11-02,13.2291666666667,2017
2017-11-03,12.8045,2017
2017-11-04,12.3672083333333,2017
2017-11-05,12.0546666666667,2017
2017-11-06,11.7057916666667,2017
2017-11-07,11.4895416666667,2017
2017-11-08,11.3435,2017
2017-11-09,11.2396666666667,2017
2017-11-10,11.2164166666667,2017
2017-11-11,11.153875,2017
2017-11-12,11.085625,2017
2017-11-13,10.950625,2017
2017-11-14,10.705625,2017
2017-11-15,10.4819166666667,2017
2017-11-16,10.361875,2017
2017-11-17,10.2965,2017
2017-11-18,10.2008333333333,2017
2017-11-19,10.0066842105263,2017
2017-11-20,10.0180833333333,2017
2017-11-21,9.86195833333333,2017
2017-11-22,9.74483333333333,2017
2017-11-23,9.638125,2017
2017-11-24,9.5545,2017
2017-11-25,9.40379166666667,2017
2017-11-26,9.34633333333333,2017
2017-11-27,9.23716666666667,2017
2017-11-28,9.05191666666667,2017
2017-11-29,8.99741666666667,2017
2017-11-30,8.882875,2017
2017-12-01,8.83583333333333,2017
2017-12-02,8.7345,2017
2017-12-03,8.57516666666667,2017
2017-12-04,8.44041666666667,2017
2017-12-05,8.340875,2017
2017-12-06,8.24741666666667,2017
2017-12-07,8.14070833333333,2017
2017-12-08,8.02845833333333,2017
2017-12-09,7.91695833333333,2017
2017-12-10,7.8435,2017
2017-12-11,7.781,2017
2017-12-12,7.72416666666667,2017
2017-12-13,7.42445833333333,2017
2017-12-14,6.16133333333333,2017
2017-12-15,5.9975,2017
2017-12-16,5.15625,2017
2017-12-17,5.59125,2017
2017-12-18,5.684875,2017
2017-12-19,NA,2017
2017-12-20,NA,2017
2017-12-21,NA,2017
2017-12-22,NA,2017
2017-12-23,NA,2017
2017-12-24,NA,2017
2017-12-25,NA,2017
2017-12-26,NA,2017
2017-12-27,NA,2017
2017-12-28,NA,2017
2017-12-29,NA,2017
2017-12-30,NA,2017
2017-12-31,NA,2017
2018-01-01,NA,2018
2018-01-02,NA,2018
2018-01-03,NA,2018
2018-02-14,NA,2018
2018-05-17,19.5433333333333,2018
2018-05-18,19.0275,2018
2018-05-19,18.9079166666667,2018
2018-05-20,19.7020833333333,2018
2018-05-21,19.61875,2018
2018-05-22,20.1120833333333,2018
2018-05-23,20.6679166666667,2018
2018-05-24,20.62125,2018
2018-05-25,20.5008333333333,2018
2018-05-26,20.1891666666667,2018
2018-05-27,20.01875,2018
2018-05-28,20.1416666666667,2018
2018-05-29,20.1025,2018
2018-05-30,20.06625,2018
2018-05-31,20.12875,2018
2018-06-01,19.6470833333333,2018
2018-06-02,18.9358333333333,2018
2018-06-03,19.3220833333333,2018
2018-06-04,19.05875,2018
2018-06-05,18.88625,2018
2018-06-06,18.2066666666667,2018
2018-06-07,18.5121739130435,2018
2018-06-08,17.6025,2018
2018-06-09,17.8008333333333,2018
2018-06-10,17.9020833333333,2018
2018-06-11,17.5495833333333,2018
2018-06-12,18.1658333333333,2018
2018-06-13,17.9933333333333,2018
2018-06-14,18.05375,2018
2018-06-15,18.2229166666667,2018
2018-06-16,18.4195833333333,2018
2018-06-17,18.84,2018
2018-06-18,19.1409090909091,2018
2018-06-19,19.67875,2018
2018-06-20,20.0404166666667,2018
2018-06-21,21.2120833333333,2018
2018-06-22,21.5433333333333,2018
2018-06-23,21.1379166666667,2018
2018-06-24,21.4604166666667,2018
2018-06-25,20.8429166666667,2018
2018-06-26,20.7745833333333,2018
2018-06-27,20.3775,2018
2018-06-28,20.0820833333333,2018
2018-06-29,19.8979166666667,2018
2018-06-30,20.2483333333333,2018
2018-07-01,20.5533333333333,2018
2018-07-02,20.4858333333333,2018
2018-07-03,20.25875,2018
2018-07-04,20.8975,2018
2018-07-05,20.5395833333333,2018
2018-07-06,20.9552173913043,2018
2018-07-07,21.1083333333333,2018
2018-07-08,21.4808333333333,2018
2018-07-09,21.43625,2018
2018-07-10,21.2025,2018
2018-07-11,21.8329166666667,2018
2018-07-12,21.4591666666667,2018
2018-07-13,21.6491666666667,2018
2018-07-14,21.4475,2018
2018-07-17,24.1785714285714,2018
2018-07-18,24.5703125,2018
2018-07-19,23.9140625,2018
2018-07-20,23.6929347826087,2018
2018-07-21,23.4505208333333,2018
2018-07-22,23.8177083333333,2018
2018-07-23,24.8515625,2018
2018-07-24,25.1536458333333,2018
2018-07-25,24.9088541666667,2018
2018-07-26,25.6510416666667,2018
2018-07-27,24.8359375,2018
2018-07-28,24.9270833333333,2018
2018-07-29,25.3229166666667,2018
2018-07-30,25.6197916666667,2018
2018-07-31,25.0494791666667,2018
2018-08-01,25.4557291666667,2018
2018-08-02,24.8333333333333,2018
2018-08-03,24.5963541666667,2018
2018-08-04,24.5989583333333,2018
2018-08-05,24.8307291666667,2018
2018-08-06,24.5651041666667,2018
2018-08-07,25.2864583333333,2018
2018-08-08,25.578125,2018
2018-08-09,25.9947916666667,2018
2018-08-10,26.195652173913,2018
2018-08-11,25.328125,2018
2018-08-12,24.6302083333333,2018
2018-08-13,24.5078125,2018
2018-08-14,24.6822916666667,2018
2018-08-15,24.8229166666667,2018
2018-08-16,24.796875,2018
2018-08-17,24.3385416666667,2018
2018-08-18,24.2135416666667,2018
2018-08-19,23.875,2018
2018-08-20,23.9791666666667,2018
2018-08-21,24.234375,2018
2018-08-22,24.0546875,2018
2018-08-23,23.1901041666667,2018
2018-08-24,23.25,2018
2018-08-25,22.9739583333333,2018
2018-08-26,22.8333333333333,2018
2018-08-27,22.8177083333333,2018
2018-08-28,22.7135416666667,2018
2018-08-29,22.5130208333333,2018
2018-08-30,22.3046875,2018
2018-08-31,22.2447916666667,2018
2018-09-01,22.3307291666667,2018
2018-09-02,22.21875,2018
2018-09-03,22.140625,2018
2018-09-04,21.6536458333333,2018
2018-09-05,21.5989583333333,2018
2018-09-06,21.7890625,2018
2018-09-07,21.9244791666667,2018
2018-09-08,21.5260416666667,2018
2018-09-09,20.8776041666667,2018
2018-09-10,20.34375,2018
2018-09-11,20.2369791666667,2018
2018-09-12,20.2161458333333,2018
2018-09-13,20.1354166666667,2018
2018-09-14,19.9895833333333,2018
2018-09-15,19.6484375,2018
2018-09-16,19.5625,2018
2018-09-17,19.75,2018
2018-09-18,19.609375,2018
2018-09-19,19.4427083333333,2018
2018-09-20,18.8697916666667,2018
2018-09-21,18.6086956521739,2018
2018-09-22,18.3541666666667,2018
2018-09-23,18.28125,2018
2018-09-24,18.2994791666667,2018
2018-09-25,18.1223958333333,2018
2018-09-26,18.4010416666667,2018
2018-09-27,18.7552083333333,2018
2018-09-28,18.7760416666667,2018
2018-09-29,18.7447916666667,2018
2018-09-30,18.4895833333333,2018
2018-10-01,17.8932291666667,2018
2018-10-02,18.0885416666667,2018
2018-10-03,17.5885416666667,2018
2018-10-04,17.0833333333333,2018
2018-10-05,17.015625,2018
2018-10-06,16.6927083333333,2018
2018-10-07,16.546875,2018
2018-10-08,16.5703125,2018
2018-10-09,16.6588541666667,2018
2018-10-10,16.6927083333333,2018
2018-10-11,16.6354166666667,2018
2018-10-12,16.4505208333333,2018
2018-10-13,16.2552083333333,2018
2018-10-14,16.2526041666667,2018
2018-10-15,15.9947916666667,2018
2018-10-16,15.7395833333333,2018
2018-10-17,15.7213541666667,2018
2018-10-18,15.7369791666667,2018
2018-10-19,15.4947916666667,2018
2018-10-20,15.6380208333333,2018
2018-10-21,15.4921875,2018
2018-10-22,15.375,2018
2018-10-23,15.0326086956522,2018
2018-10-24,14.866847826087,2018
2018-10-25,14.7630208333333,2018
2018-10-26,14.7994791666667,2018
2018-10-27,14.7447916666667,2018
2018-10-28,14.4401041666667,2018
2018-10-29,14.3098958333333,2018
2018-10-30,14.3151041666667,2018
2018-10-31,14.171875,2018
2018-11-01,14.1009375,2018
2018-11-02,14.2845454545455,2018
2018-11-03,14.2996,2018
2018-11-04,13.895,2018
2018-11-05,13.9279,2018
2018-11-06,13.9010416666667,2018
2018-11-07,13.8854166666667,2018
2018-11-08,13.6770833333333,2018
2018-11-09,13.359375,2018
2018-11-10,12.984375,2018
2018-11-11,12.96875,2018
2018-11-12,12.8828125,2018
2018-11-13,12.6119791666667,2018
2018-11-14,12.1640625,2018
2018-11-15,12.1927083333333,2018
2018-11-16,12.2109375,2018
2018-11-17,12.1901041666667,2018
2018-11-18,12.2630208333333,2018
2018-11-19,11.9713541666667,2018
2018-11-20,11.6666666666667,2018
2018-11-21,11.3020833333333,2018
2018-11-22,11.2265625,2018
2018-11-23,11.1614583333333,2018
2018-11-24,11.03125,2018
2018-11-25,10.9166666666667,2018
2018-11-26,10.7630208333333,2018
2018-11-27,10.7526041666667,2018
2018-11-28,10.7161458333333,2018
2018-11-29,10.6380208333333,2018
2018-11-30,10.5625,2018
2018-12-01,10.5520833333333,2018
2018-12-02,10.6848958333333,2018
2018-12-03,10.6119791666667,2018
2018-12-04,10.421875,2018
2018-12-05,10.2057291666667,2018
2018-12-06,9.99739583333333,2018
2018-12-07,9.80729166666667,2018
2018-12-08,9.44791666666667,2018
2018-12-09,9.25,2018
2018-12-10,9.0234375,2018
2018-12-11,8.97135416666667,2018
2018-12-12,9.0625,2018
2018-12-13,8.71354166666667,2018
2018-12-14,8.6015625,2018
2018-12-15,8.66927083333333,2018
2018-12-16,8.53645833333333,2018
2018-12-17,8.4609375,2018
2018-12-18,8.390625,2018
2018-12-19,8.31510416666667,2018
2018-12-20,8.03804347826087,2018
2018-12-21,8.54427083333333,2018
2018-12-22,8.30989583333333,2018
2018-12-23,7.84635416666667,2018
2018-12-24,8.03645833333333,2018
2018-12-25,8.09114583333333,2018
2018-12-26,8.02864583333333,2018
2018-12-27,8.03385416666667,2018
2018-12-28,7.734375,2018
2018-12-29,7.609375,2018
2018-12-30,7.8828125,2018
2018-12-31,7.925,2018
2019-01-01,7.7109375,2019
2019-01-02,7.5703125,2019
2019-01-03,7.26041666666667,2019
2019-01-04,7.43489583333333,2019
2019-01-05,7.6796875,2019
2019-01-06,7.64322916666667,2019
2019-01-07,7.23809523809524,2019
2019-01-08,7.51041666666667,2019
2019-01-09,7.35677083333333,2019
2019-01-10,7.3203125,2019
2019-01-11,7.26041666666667,2019
2019-01-12,7.19010416666667,2019
2019-01-13,7.265625,2019
2019-01-14,7.26822916666667,2019
2019-01-15,7.2421875,2019
2019-01-16,7.20052083333333,2019
2019-01-17,7.1875,2019
2019-01-18,6.97135416666667,2019
2019-01-19,6.84635416666667,2019
2019-01-20,7.125,2019
2019-01-21,7.12239583333333,2019
2019-01-22,7.0625,2019
2019-01-23,7.0546875,2019
2019-01-24,7.0390625,2019
2019-01-25,7.0390625,2019
2019-01-26,7.02604166666667,2019
2019-01-27,7.02173913043478,2019
2019-01-28,7.00271739130435,2019
2019-01-29,6.97282608695652,2019
2019-01-30,6.9375,2019
2019-01-31,6.94021739130435,2019
2019-02-01,6.91576086956522,2019
2019-02-02,6.92934782608696,2019
2019-02-03,6.89322916666667,2019
2019-02-04,6.76302083333333,2019
2019-02-05,6.66145833333333,2019
2019-02-06,6.61197916666667,2019
2019-02-07,6.60416666666667,2019
2019-02-08,6.52864583333333,2019
2019-02-09,6.4375,2019
2019-02-10,6.3046875,2019
2019-02-11,6.21614583333333,2019
2019-02-12,6.13541666666667,2019
2019-02-13,6.10677083333333,2019
2019-02-14,6.046875,2019
2019-02-15,6.05729166666667,2019
2019-02-16,6.0390625,2019
2019-02-17,6.06770833333333,2019
2019-02-18,6.15625,2019
2019-02-19,6.13541666666667,2019
2019-02-20,6.1875,2019
2019-02-21,6.08072916666667,2019
2019-02-22,6.21614583333333,2019
2019-02-23,6.34635416666667,2019
2019-02-24,6.3125,2019
2019-02-25,6.31510416666667,2019
2019-02-26,5.955,2019
2019-02-27,5.81875,2019
2019-02-28,5.88541666666667,2019
2019-03-01,5.9175,2019
2019-03-02,6.1004347826087,2019
2019-03-03,5.99,2019
2019-03-04,5.870625,2019
2019-03-05,5.875,2019
2019-03-06,5.93229166666667,2019
2019-03-07,5.9609375,2019
2019-03-08,6.3125,2019
2019-03-09,6.29076086956522,2019
2019-03-10,6.2890625,2019
2019-03-11,6.42708333333333,2019
2019-03-12,6.35677083333333,2019
2019-03-13,6.796875,2019
2019-03-14,7.03385416666667,2019
2019-03-15,7.08854166666667,2019
2019-03-16,7.26302083333333,2019
2019-03-17,7.65104166666667,2019
2019-03-18,8.31510416666667,2019
2019-03-19,8.59895833333333,2019
2019-03-20,8.69010416666667,2019
2019-03-21,9.20052083333333,2019
2019-03-22,9.453125,2019
2019-03-23,9.7265625,2019
2019-03-24,9.48958333333333,2019
2019-03-25,9.32552083333333,2019
2019-03-26,9.53385416666667,2019
2019-03-27,9.59895833333333,2019
2019-03-28,9.27083333333333,2019
2019-03-29,9.97135416666667,2019
2019-03-30,10.6510416666667,2019
2019-03-31,11.0807291666667,2019
2019-04-01,10.1335227272727,2019
2019-04-02,9.8046875,2019
2019-04-03,11.0572916666667,2019
2019-04-04,10.8958333333333,2019
2019-04-05,11.015625,2019
2019-04-06,9.9921875,2019
2019-04-07,10.3359375,2019
2019-04-08,10.4869791666667,2019
2019-04-09,10.6432291666667,2019
2019-04-10,10.8020833333333,2019
2019-04-11,10.7057291666667,2019
2019-04-12,10.8359375,2019
2019-04-13,11.359375,2019
2019-04-14,11.203125,2019
2019-04-15,11.1588541666667,2019
2019-04-16,10.828125,2019
2019-04-17,10.6328125,2019
2019-04-18,11.1666666666667,2019
2019-04-19,10.9401041666667,2019
2019-04-20,11.15625,2019
2019-04-21,12.0755208333333,2019
2019-04-22,11.9192708333333,2019
2019-04-23,11.9583333333333,2019
2019-04-24,12.1588541666667,2019
2019-04-25,11.8854166666667,2019
2019-04-26,12.4348958333333,2019
2019-04-27,12.5572916666667,2019
2019-04-28,11.6119791666667,2019
2019-04-29,12.1,2019
2019-04-30,12.571875,2019
2019-05-01,13.4895833333333,2019
2019-05-02,13.85625,2019
2019-05-03,12.8375,2019
2019-05-04,12.8776041666667,2019
2019-05-05,12.9947916666667,2019
2019-05-06,13.8515625,2019
2019-05-07,13.8288043478261,2019
2019-05-08,14.625,2019
2019-05-09,16,2019
2019-05-10,16.4869791666667,2019
2019-05-11,17.828125,2019
2019-05-12,18.1067708333333,2019
2019-05-13,18.1927083333333,2019
2019-05-14,16.4460227272727,2019
2019-05-15,16.703125,2019
2019-05-16,17.3020833333333,2019
2019-05-17,17.609375,2019
2019-05-18,17.2942708333333,2019
2019-05-19,17.4479166666667,2019
2019-05-20,18.4088541666667,2019
2019-05-21,18.0625,2019
2019-05-22,18.1770833333333,2019
2019-05-23,18.4609375,2019
2019-05-24,17.1197916666667,2019
2019-05-25,17.0234375,2019
2019-05-26,17.9270833333333,2019
2019-05-27,18.6692708333333,2019
2019-05-28,18.8645833333333,2019
2019-05-29,18.8984375,2019
2019-05-30,19.5807291666667,2019
2019-05-31,20.34375,2019
2019-06-01,20.9609375,2019
2019-06-02,20.375,2019
2019-06-03,21.1640625,2019
2019-06-04,21.0271739130435,2019
2019-06-05,21,2019
2019-06-06,20.4192708333333,2019
2019-06-07,20.2109375,2019
2019-06-08,20.2786458333333,2019
2019-06-09,20.203125,2019
2019-06-10,20.0859375,2019
2019-06-11,20.921875,2019
2019-06-12,21.2161458333333,2019
2019-06-13,22.7057291666667,2019
2019-06-14,21.7682291666667,2019
2019-06-15,22.2916666666667,2019
2019-06-16,22.7630208333333,2019
2019-06-17,22.0208333333333,2019
2019-06-18,22.2864583333333,2019
2019-06-19,22.0833333333333,2019
2019-06-20,20.9348958333333,2019
2019-06-21,21.6953125,2019
2019-06-22,21.7691304347826,2019
2019-06-23,21.6766304347826,2019
2019-06-24,21.0652173913043,2019
2019-06-25,21.3229166666667,2019
2019-06-26,21.5677083333333,2019
2019-06-27,20.7369791666667,2019
2019-06-28,20.5130208333333,2019
2019-06-29,20.4375,2019
2019-06-30,21.2005208333333,2019
2019-07-01,22.3958333333333,2019
2019-07-02,21.8671875,2019
2019-07-03,21.984375,2019
2019-07-04,21.734375,2019
2019-07-05,21.5546875,2019
2019-07-06,21.5052083333333,2019
2019-07-07,21.078125,2019
2019-07-08,21.2135416666667,2019
2019-07-09,22.0598958333333,2019
2019-07-10,21.4347826086957,2019
2019-07-11,21.5679347826087,2019
2019-07-12,22.1277173913043,2019
2019-07-13,22.3697916666667,2019
2019-07-14,22.3333333333333,2019
2019-07-15,22.5807291666667,2019
2019-07-16,22.6744791666667,2019
2019-07-17,22.5416666666667,2019
2019-07-18,22.4505208333333,2019
2019-07-19,22.2682291666667,2019
2019-07-20,22.3802083333333,2019
2019-07-21,22.4140625,2019
2019-07-22,23.0703125,2019
2019-07-23,23.0052083333333,2019
2019-07-24,22.9739583333333,2019
2019-07-25,23.2291666666667,2019
2019-07-26,23.65625,2019
2019-07-27,23.5104166666667,2019
2019-07-28,23.5859375,2019
2019-07-29,23.9348958333333,2019
2019-07-30,23.6588541666667,2019
2019-07-31,23.1640625,2019
2019-08-01,22.421875,2019
2019-08-02,22.1119791666667,2019
2019-08-03,22.8489583333333,2019
2019-08-04,22.9375,2019
2019-08-05,23.109375,2019
2019-08-06,23.4557291666667,2019
2019-08-07,23.3385416666667,2019
2019-08-08,23.0651041666667,2019
2019-08-09,23.34375,2019
2019-08-10,22.7109375,2019
2019-08-11,22.6145833333333,2019
2019-08-12,22.8070652173913,2019
2019-08-13,22.9972826086957,2019
2019-08-14,23.2635869565217,2019
2019-08-15,23.796875,2019
2019-08-16,23.9270833333333,2019
2019-08-17,23.6067708333333,2019
2019-08-18,23.4921875,2019
2019-08-19,23.265625,2019
2019-08-20,22.9921875,2019
2019-08-21,23.0625,2019
2019-08-22,22.9728260869565,2019
2019-08-23,23.0788043478261,2019
2019-08-24,22.8463541666667,2019
2019-08-25,22.8229166666667,2019
2019-08-26,22.5260416666667,2019
2019-08-27,22.6588541666667,2019
2019-08-28,23.3385416666667,2019
2019-08-29,23.3179347826087,2019
2019-08-30,23.3567708333333,2019
2019-08-31,22.8880208333333,2019
2019-09-01,22.6588541666667,2019
2019-09-02,22.7864583333333,2019
2019-09-03,23.0390625,2019
2019-09-04,23.0963541666667,2019
2019-09-05,22.7734375,2019
2019-09-06,22.8203125,2019
2019-09-07,22.6953125,2019
2019-09-08,22.2265625,2019
2019-09-09,22.25,2019
2019-09-10,22.2135416666667,2019
2019-09-11,21.8307291666667,2019
2019-09-12,21.7395833333333,2019
2019-09-13,21.2554347826087,2019
2019-09-14,21.0130208333333,2019
2019-09-15,20.9144791666667,2019
2019-09-16,20.6123958333333,2019
2019-09-17,20.3619791666667,2019
2019-09-18,20.2447916666667,2019
2019-09-19,20.2213541666667,2019
2019-09-20,20.1822916666667,2019
2019-09-21,20.1354166666667,2019
2019-09-22,19.9765625,2019
2019-09-23,19.8177083333333,2019
2019-09-24,19.7161458333333,2019
2019-09-25,19.6796875,2019
2019-09-26,19.5130208333333,2019
2019-09-27,19.3958333333333,2019
2019-09-28,19.0182291666667,2019
2019-09-29,18.7239583333333,2019
2019-09-30,18.4348958333333,2019
2019-10-01,18.3567708333333,2019
2019-10-02,18.2708333333333,2019
2019-10-03,18.0416666666667,2019
2019-10-04,17.8489583333333,2019
2019-10-05,17.6015625,2019
2019-10-06,17.4557291666667,2019
2019-10-07,17.2604166666667,2019
2019-10-08,17.2703125,2019
2019-10-09,16.8020833333333,2019
2019-10-10,16.4817708333333,2019
2019-10-11,16.328125,2019
2019-10-12,16.2317708333333,2019
2019-10-13,16.1328125,2019
2019-10-14,15.953125,2019
2019-10-15,15.7239583333333,2019
2019-10-16,15.5234375,2019
2019-10-17,14.72,2019
2019-10-18,15.1848958333333,2019
2019-10-19,15.125,2019
2019-10-20,15.125,2019
2019-10-21,14.9505208333333,2019
2019-10-22,14.6796875,2019
2019-10-23,14.8255208333333,2019
2019-10-24,14.7213541666667,2019
2019-10-25,14.8072916666667,2019
2019-10-26,14.5598958333333,2019
2019-10-27,14.3489583333333,2019
2019-10-28,14.1182291666667,2019
2019-10-29,13.9192708333333,2019
2019-10-30,13.6822916666667,2019
2019-10-31,13.5026041666667,2019
2019-11-01,13.40625,2019
2019-11-02,13.2630208333333,2019
2019-11-03,12.6276041666667,2019
2019-11-04,13.0625,2019
2019-11-05,13.140625,2019
2019-11-06,13.0677083333333,2019
2019-11-07,12.9479166666667,2019
2019-11-08,12.2765416666667,2019
2019-11-09,12.7890625,2019
2019-11-10,12.7473958333333,2019
2019-11-11,12.7239583333333,2019
2019-11-12,12.4322916666667,2019
2019-11-13,12.4661458333333,2019
2019-11-14,12.5625,2019
2019-11-15,12.21875,2019
2019-11-16,12.1796875,2019
2019-11-17,11.9609375,2019
2019-11-18,11.9739583333333,2019
2019-11-19,12.0833333333333,2019
2019-11-20,12.171875,2019
2019-11-21,12.0182291666667,2019
2019-11-22,11.7682291666667,2019
2019-11-23,11.3802083333333,2019
2019-11-24,11.2473958333333,2019
2019-11-25,11.4192708333333,2019
2019-11-26,11.3028846153846,2019
2020-01-22,5.99375,2020
2020-01-23,5.9609375,2020
2020-01-24,5.9921875,2020
2020-01-25,6.00260416666667,2020
2020-01-26,5.94010416666667,2020
2020-01-27,5.90885416666667,2020
2020-01-28,5.94270833333333,2020
2020-01-29,5.90625,2020
2020-01-30,5.87760416666667,2020
2020-01-31,5.87760416666667,2020
2020-02-01,5.94791666666667,2020
2020-02-02,5.890625,2020
2020-02-03,5.82552083333333,2020
2020-02-04,5.77864583333333,2020
2020-02-05,5.75,2020
2020-02-06,5.7265625,2020
2020-02-07,5.6875,2020
2020-02-08,5.67708333333333,2020
2020-02-09,5.64322916666667,2020
2020-02-10,5.65104166666667,2020
2020-02-11,5.7109375,2020
2020-02-12,5.77083333333333,2020
2020-02-13,5.82291666666667,2020
2020-02-14,5.88020833333333,2020
2020-02-15,5.96614583333333,2020
2020-02-16,6.02604166666667,2020
2020-02-17,6.00260416666667,2020
2020-02-18,5.84895833333333,2020
2020-02-19,5.81770833333333,2020
2020-02-20,5.79947916666667,2020
2020-02-21,5.79947916666667,2020
2020-02-22,5.85416666666667,2020
2020-02-23,5.87239583333333,2020
2020-02-24,5.90885416666667,2020
2020-02-25,5.90885416666667,2020
2020-02-26,6.0625,2020
2020-02-27,6.265625,2020
2020-02-28,6.29166666666667,2020
2020-02-29,6.13802083333333,2020
2020-03-01,5.8984375,2020
2020-03-02,5.95572916666667,2020
2020-03-03,6.19010416666667,2020
2020-03-04,6.28645833333333,2020
2020-03-05,6.2840625,2020
2020-03-06,6.30208333333333,2020
2020-03-07,6.28532608695652,2020
2020-03-08,6.41032608695652,2020
2020-03-09,6.54166666666667,2020
2020-03-10,6.66145833333333,2020
2020-03-11,6.671875,2020
2020-03-12,6.52864583333333,2020
2020-03-13,6.44270833333333,2020
2020-03-14,6.0546875,2020
2020-03-15,5.921875,2020
2020-03-16,6.44010416666667,2020
2020-03-17,6.83072916666667,2020
2020-03-18,6.95052083333333,2020
2020-03-19,7.3125,2020
2020-03-20,7.62239583333333,2020
2020-03-21,8.11458333333333,2020
2020-03-22,7.74739583333333,2020
2020-03-23,7.34114583333333,2020
2020-03-24,7.5078125,2020
2020-03-25,7.87760416666667,2020
2020-03-26,8.1875,2020
2020-03-27,8.10677083333333,2020
2020-03-28,8.49479166666667,2020
2020-03-29,8.88802083333333,2020
2020-03-30,7.54166666666667,2020
2020-03-31,8.1171875,2020
2020-04-01,8.25260416666667,2020
2020-04-02,8.3671875,2020
2020-04-03,8.61979166666667,2020
2020-04-04,8.1328125,2020
2020-04-05,8.16666666666667,2020
2020-04-06,8.35416666666667,2020
2020-04-07,9.046875,2020
2020-04-08,8.9453125,2020
2020-04-09,9.53385416666667,2020
2020-04-10,9.453125,2020
2020-04-11,8.921875,2020
2020-04-12,9.77604166666667,2020
2020-04-13,10.5052083333333,2020
2020-04-14,11.5520833333333,2020
2020-04-15,11.2067307692308,2020
2020-04-16,11.7447916666667,2020
2020-04-17,12.4817708333333,2020
2020-04-18,12.375,2020
2020-04-19,13.671875,2020
2020-04-20,13.6484375,2020
2020-04-21,13.7734375,2020
2020-04-22,13.4895833333333,2020
2020-04-23,13.2890625,2020
2020-04-24,13.5078125,2020
2020-04-25,13.125,2020
2020-04-26,13.1145833333333,2020
2020-04-27,13.25,2020
2020-04-28,13.1485416666667,2020
2020-04-29,12.734375,2020
2020-04-30,12.6640625,2020
2020-05-01,13.3020833333333,2020
2020-05-02,13.2317708333333,2020
2020-05-03,13.1822916666667,2020
2020-05-04,12.9348958333333,2020
2020-05-05,12.6223958333333,2020
2020-05-06,13.8229166666667,2020
2020-05-07,13.2421875,2020
2020-05-08,12.2682291666667,2020
2020-05-09,11.9946875,2020
2020-05-10,12.609375,2020
2020-05-11,13.1640625,2020
2020-05-12,13.921875,2020
2020-05-13,14.0546875,2020
2020-05-14,14.8411458333333,2020
2020-05-15,15.1666666666667,2020
2020-05-16,14.9895833333333,2020
2020-05-17,14.8177083333333,2020
2020-05-18,15.7005208333333,2020
2020-05-19,15.9635416666667,2020
2020-05-20,16.3880208333333,2020
2020-05-21,16.2760416666667,2020
2020-05-22,16.15625,2020
2020-05-23,16.4192708333333,2020
2020-05-24,16.0182291666667,2020
2020-05-25,15.2864583333333,2020
2020-05-26,16.2708333333333,2020
2020-05-27,16.0572916666667,2020
2020-05-28,16.859375,2020
2020-05-29,17.578125,2020
2020-05-30,17.9296875,2020
2020-05-31,17.8333333333333,2020
2020-06-01,17.8489583333333,2020
2020-06-02,17.8229166666667,2020
2020-06-03,16.8777173913043,2020
2020-06-04,17.8645833333333,2020
2020-06-05,17.765625,2020
2020-06-06,17.640625,2020
2020-06-07,17.7604166666667,2020
2020-06-08,17.796875,2020
2020-06-09,17.8333333333333,2020
2020-06-10,17.8410416666667,2020
2020-06-11,18.078125,2020
2020-06-12,18.1276041666667,2020
2020-06-13,17.9869791666667,2020
2020-06-14,17.8697916666667,2020
2020-06-15,15.7596153846154,2020
2020-06-16,17.9244791666667,2020
2020-06-17,18.6536458333333,2020
2020-06-18,19.0026041666667,2020
2020-06-19,18.9011458333333,2020
2020-06-20,19.1744791666667,2020
2020-06-21,19.6614583333333,2020
2020-06-22,19.0390625,2020
2020-06-23,19.4453125,2020
2020-06-24,19.4973958333333,2020
2020-06-25,20.09375,2020
2020-06-26,20.7994791666667,2020
2020-06-27,20.1380208333333,2020
2020-06-28,19.7213541666667,2020
2020-06-29,19.9088541666667,2020
2020-06-30,20.2369791666667,2020
2020-07-01,20.65625,2020
2020-07-02,20.3541666666667,2020
2020-07-03,19.8515625,2020
2020-07-04,19.4817708333333,2020
2020-07-05,19.7864583333333,2020
2020-07-06,20.2890625,2020
2020-07-07,20.0364583333333,2020
2020-07-08,19.8125,2020
2020-07-09,19.8984375,2020
2020-07-10,20.0598958333333,2020
2020-07-11,19.9453125,2020
2020-07-12,19.9739583333333,2020
2020-07-13,20.5911458333333,2020
2020-07-14,21.3073958333333,2020
2020-07-15,21.4973958333333,2020
2020-07-16,20.8151041666667,2020
2020-07-17,21.6536458333333,2020
2020-07-18,21.5651041666667,2020
2020-07-19,21.3125,2020
2020-07-20,22.1510416666667,2020
2020-07-21,22.8671875,2020
2020-07-22,23.2864583333333,2020
2020-07-23,23.0833333333333,2020
2020-07-24,22.7213541666667,2020
2020-07-25,22.7994791666667,2020
2020-07-26,22.6171875,2020
2020-07-27,23.3880208333333,2020
2020-07-28,24.0130208333333,2020
2020-07-29,23.828125,2020
2020-07-30,23.9817708333333,2020
2020-07-31,23.4348958333333,2020
2020-08-01,23.5234375,2020
2020-08-02,23.5026041666667,2020
2020-08-03,23.3541666666667,2020
2020-08-04,23.7734375,2020
2020-08-05,24.0442708333333,2020
2020-08-06,23.1796875,2020
2020-08-07,22.4010416666667,2020
2020-08-08,22.2890625,2020
2020-08-09,22.3386458333333,2020
2020-08-10,22.3046875,2020
2020-08-11,22.0364583333333,2020
2020-08-12,22.0572916666667,2020
2020-08-13,22.3880208333333,2020
2020-08-14,22.8255208333333,2020
2020-08-15,22.9088541666667,2020
2020-08-16,23.1796875,2020
2020-08-17,23.7473958333333,2020
2020-08-18,23.6171875,2020
2020-08-19,23.3958333333333,2020
2020-08-20,22.7682291666667,2020
2020-08-21,21.9166666666667,2020
2020-08-22,21.8932291666667,2020
2020-08-23,22.0598958333333,2020
2020-08-24,21.9661458333333,2020
2020-08-25,22.0026041666667,2020
2020-08-26,22.4009375,2020
2020-08-27,22.1979166666667,2020
2020-08-28,22.5963541666667,2020
2020-08-29,22.4348958333333,2020
2020-08-30,21.6848958333333,2020
2020-08-31,21.84375,2020
2020-09-01,22.0494791666667,2020
2020-09-02,21.9479166666667,2020
2020-09-03,22.1770833333333,2020
2020-09-04,22.3203125,2020
2020-09-05,22.0052083333333,2020
2020-09-06,22.2317708333333,2020
2020-09-07,22.3541666666667,2020
2020-09-08,21.8567708333333,2020
2020-09-09,22.0679166666667,2020
2020-09-10,22.5963541666667,2020
2020-09-11,22.5625,2020
2020-09-12,21.7447916666667,2020
2020-09-13,21.3463541666667,2020
2020-09-14,21.109375,2020
2020-09-15,21.1119791666667,2020
2020-09-16,21.265625,2020
2020-09-17,21.4602272727273,2020
2020-09-18,21.3385416666667,2020
2020-09-19,21.0208333333333,2020
2020-09-20,20.9296875,2020
2020-09-21,20.8932291666667,2020
2020-09-22,20.6223958333333,2020
2020-09-23,20.4583333333333,2020
2020-09-24,20.1822916666667,2020
2020-09-25,19.890625,2020
2020-09-26,19.671875,2020
2020-09-27,19.5182291666667,2020
2020-09-28,19.5182291666667,2020
2020-09-29,19.6432291666667,2020
2020-09-30,19.6197916666667,2020
2020-10-01,19.5,2020
2020-10-02,19.4401041666667,2020
2020-10-03,19.3567708333333,2020
2020-10-04,19.1901041666667,2020
2020-10-05,19.140625,2020
2020-10-06,19.2057291666667,2020
2020-10-07,19.2916666666667,2020
2020-10-08,19.1901041666667,2020
2020-10-09,18.8411458333333,2020
2020-10-10,18.4270833333333,2020
2020-10-11,18.0078125,2020
2020-10-12,17.6223958333333,2020
2020-10-13,17.3020833333333,2020
2020-10-14,17.0052083333333,2020
2020-10-15,16.828125,2020
2020-10-16,16.6953125,2020
2020-10-17,16.5677083333333,2020
2020-10-18,16.359375,2020
2020-10-19,16.2552083333333,2020
2020-10-20,16.09375,2020
2020-10-21,15.9140625,2020
2020-10-22,15.6145833333333,2020
2020-10-23,15.3490625,2020
2020-10-24,14.9270833333333,2020
2020-10-25,14.515625,2020
2020-10-26,14.3645833333333,2020
2020-10-27,14.2786458333333,2020
2020-10-28,13.695,2020
2020-10-29,14.2604166666667,2020
2020-10-30,14.125,2020
2020-10-31,13.9453125,2020
2020-11-01,13.7760416666667,2020
2020-11-02,13.625,2020
2020-11-03,13.5286458333333,2020
2020-11-04,13.5208333333333,2020
2020-11-05,13.4505208333333,2020
2020-11-06,13.2161458333333,2020
2020-11-07,12.9427083333333,2020
2020-11-08,12.5234375,2020
2020-11-09,12.2213541666667,2020
2020-11-10,12.0286458333333,2020
2020-11-11,11.8307291666667,2020
2020-11-12,11.6510416666667,2020
2020-11-13,11.4505208333333,2020
2020-11-14,11.2369791666667,2020
2020-11-15,11.0546875,2020
2020-11-16,10.90625,2020
2020-11-17,8.85661764705882,2020
2020-11-18,10.6041666666667,2020
2020-11-19,10.4739583333333,2020
2020-11-20,10.3541666666667,2020
2020-11-21,10.2265625,2020
2020-11-22,10.1302083333333,2020
2020-11-23,10.0494791666667,2020
2020-11-24,9.97395833333333,2020
2020-11-25,9.859375,2020
2020-11-26,9.796875,2020
2020-11-27,9.75,2020
2020-11-28,9.66927083333333,2020
2020-11-29,9.57291666666667,2020
2020-11-30,9.48958333333333,2020
2020-12-01,9.33072916666667,2020
2020-12-02,9.19270833333333,2020
2020-12-03,9.078125,2020
2020-12-04,9.04427083333333,2020
2020-12-05,9.0078125,2020
2020-12-06,8.97135416666667,2020
2020-12-07,8.92708333333333,2020
2020-12-08,8.92708333333333,2020
2020-12-09,8.88802083333333,2020
2020-12-10,8.4625,2020
2020-12-11,8.7421875,2020
2020-12-12,8.64322916666667,2020
2020-12-13,8.46614583333333,2020
2020-12-14,8.35416666666667,2020
2020-12-15,8.265625,2020
2020-12-16,8.22916666666667,2020
2020-12-17,8.17708333333333,2020
2020-12-18,8.13541666666667,2020
2020-12-19,8.0546875,2020
2020-12-20,7.9609375,2020
2020-12-21,7.9140625,2020
2020-12-22,7.80989583333333,2020
2020-12-23,7.73177083333333,2020
2020-12-24,7.640625,2020
2020-12-25,7.55989583333333,2020
2020-12-26,7.52083333333333,2020
2020-12-27,7.49739583333333,2020
2020-12-28,7.4453125,2020
2020-12-29,7.40364583333333,2020
2020-12-30,7.296875,2020
2020-12-31,7.25260416666667,2020
2021-01-01,7.24479166666667,2021
2021-01-02,7.19791666666667,2021
2021-01-03,7.15625,2021
2021-01-04,7.11979166666667,2021
2021-01-05,7.09114583333333,2021
2021-01-06,7.03125,2021
2021-01-07,6.99479166666667,2021
2021-01-08,6.96614583333333,2021
2021-01-09,6.93229166666667,2021
2021-01-10,6.890625,2021
2021-01-11,6.875,2021
2021-01-12,6.87239583333333,2021
2021-01-13,6.828125,2021
2021-01-14,6.81770833333333,2021
2021-01-15,6.80989583333333,2021
2021-01-16,6.76302083333333,2021
2021-01-17,6.75520833333333,2021
2021-01-18,6.75,2021
2021-01-19,6.73697916666667,2021
2021-01-20,6.7421875,2021
2021-01-21,6.7265625,2021
2021-01-22,6.6875,2021
2021-01-23,6.6328125,2021
2021-01-24,6.58854166666667,2021
2021-01-25,6.546875,2021
2021-01-26,6.52083333333333,2021
2021-01-27,6.48958333333333,2021
2021-01-28,6.48177083333333,2021
2021-01-29,6.46614583333333,2021
2021-01-30,6.453125,2021
2021-01-31,6.44270833333333,2021
2021-02-01,6.44270833333333,2021
2021-02-02,6.41304347826087,2021
2021-02-03,6.38802083333333,2021
2021-02-04,6.39583333333333,2021
2021-02-05,6.421875,2021
2021-02-06,6.4453125,2021
2021-02-07,6.36979166666667,2021
2021-02-08,6.3203125,2021
2021-02-09,6.25,2021
2021-02-10,6.1953125,2021
2021-02-11,6.13020833333333,2021
2021-02-12,6.01041666666667,2021
2021-02-13,5.8984375,2021
2021-02-14,5.8804347826087,2021
2021-02-15,5.8804347826087,2021
2021-02-16,5.92708333333333,2021
2021-02-17,5.95572916666667,2021
2021-02-18,5.86979166666667,2021
2021-02-19,5.84635416666667,2021
2021-02-20,5.90625,2021
2021-02-21,5.95572916666667,2021
2021-02-22,6.1328125,2021
2021-02-23,6.14583333333333,2021
2021-02-24,6.046875,2021
2021-02-25,5.95833333333333,2021
2021-02-26,6.07552083333333,2021
2021-02-27,5.97395833333333,2021
2021-02-28,5.953125,2021
2021-03-01,5.93465909090909,2021
2021-03-02,5.8828125,2021
2021-03-03,6.0625,2021
2021-03-04,6.015625,2021
2021-03-05,5.98177083333333,2021
2021-03-06,5.95572916666667,2021
2021-03-07,5.94010416666667,2021
2021-03-08,5.9140625,2021
2021-03-09,6.06770833333333,2021
2021-03-10,6.14322916666667,2021
2021-03-11,6.19270833333333,2021
2021-03-12,6.3671875,2021
2021-03-13,6.47554347826087,2021
2021-03-14,6.78977272727273,2021
2021-03-15,6.49739583333333,2021
2021-03-16,6.79947916666667,2021
2021-03-17,6.9375,2021
2021-03-18,7.0859375,2021
2021-03-19,5.91847826086957,2021
2021-03-20,6.59114583333333,2021
2021-03-21,6.640625,2021
2021-03-22,7.02864583333333,2021
2021-03-23,6.94791666666667,2021
2021-03-24,7.01041666666667,2021
2021-03-25,7.05729166666667,2021
2021-03-26,7.60416666666667,2021
2021-03-27,7.76822916666667,2021
2021-03-28,8.03125,2021
2021-03-29,8.109375,2021
2021-03-30,7.77864583333333,2021
2021-03-31,7.80989583333333,2021
2021-04-01,8.265625,2021
2021-04-02,8.234375,2021
2021-04-03,8.58072916666667,2021
2021-04-04,8.73697916666667,2021
2021-04-05,8.61197916666667,2021
2021-04-06,8.7109375,2021
2021-04-07,9.40364583333333,2021
2021-04-08,9.70833333333333,2021
2021-04-09,9.2109375,2021
2021-04-10,9.13020833333333,2021
2021-04-11,8.875,2021
2021-04-12,8.79427083333333,2021
2021-04-13,8.75260416666667,2021
2021-04-14,9.63802083333333,2021
2021-04-15,10.578125,2021
2021-04-16,10.4765625,2021
2021-04-17,11.8984375,2021
2021-04-18,12.2473958333333,2021
2021-04-19,12.1302083333333,2021
2021-04-20,12.6380208333333,2021
2021-04-21,12.9947916666667,2021
2021-04-22,12.4348958333333,2021
2021-04-23,13.1744791666667,2021
2021-04-24,13.7942708333333,2021
2021-04-25,12.9479166666667,2021
2021-04-26,13.640625,2021
2021-04-27,14.1796875,2021
2021-04-28,13.6770833333333,2021
2021-04-29,13.8802083333333,2021
2021-04-30,14.421875,2021
2021-05-01,14.2109375,2021
2021-05-02,14.3671875,2021
2021-05-03,14.2630208333333,2021
2021-05-04,14.3385416666667,2021
2021-05-05,14.7057291666667,2021
2021-05-06,14.4296875,2021
2021-05-07,14.8359375,2021
2021-05-08,14.4010416666667,2021
2021-05-09,14.0494791666667,2021
2021-05-10,14.7604166666667,2021
2021-05-11,15.3229166666667,2021
2021-05-12,15.5390625,2021
2021-05-13,15.0416666666667,2021
2021-05-14,15.1822916666667,2021
2021-05-15,15.6380208333333,2021
2021-05-16,15.5260416666667,2021
2021-05-17,16.9765625,2021
2021-05-18,16.3411458333333,2021
2021-05-19,16.2734375,2021
2021-05-20,16.3515625,2021
2021-05-21,17.0286458333333,2021
2021-05-22,16.6223958333333,2021
2021-05-23,15.953125,2021
2021-05-24,16.7864583333333,2021
2021-05-25,16.7604166666667,2021
2021-05-26,16.8776041666667,2021
2021-05-27,16.1458333333333,2021
2021-05-28,16.5182291666667,2021
2021-05-29,16.6328125,2021
2021-05-30,16.3671875,2021
2021-05-31,16.9817708333333,2021
2021-06-01,17.4270833333333,2021
2021-06-02,19.4427083333333,2021
2021-06-03,19.4140625,2021
2021-06-04,19.0416666666667,2021
2021-06-05,18.203125,2021
2021-06-06,17.9557291666667,2021
2021-06-07,17.1171875,2021
2021-06-08,17.2604166666667,2021
2021-06-09,17.3828125,2021
2021-06-10,17.4817708333333,2021
2021-06-11,17.234375,2021
2021-06-12,17.09375,2021
2021-06-13,17.3072916666667,2021
2021-06-14,17.4973958333333,2021
2021-06-15,17.9505208333333,2021
2021-06-16,18.1432291666667,2021
2021-06-17,18.4661458333333,2021
2021-06-18,19.2578125,2021
2021-06-19,19.2942708333333,2021
2021-06-20,19.4869791666667,2021
2021-06-21,19.5208333333333,2021
2021-06-22,19.8255208333333,2021
2021-06-23,20.1614583333333,2021
2021-06-24,20.4505208333333,2021
2021-06-25,21.3880208333333,2021
2021-06-26,22.1770833333333,2021
2021-06-27,23.2630208333333,2021
2021-06-28,24.4348958333333,2021
2021-06-29,23.3072916666667,2021
2021-06-30,24.6588541666667,2021
2021-07-01,24.6536458333333,2021
2021-07-02,23.7916666666667,2021
2021-07-03,23.7916666666667,2021
2021-07-04,23.75,2021
2021-07-05,24.5963541666667,2021
2021-07-06,24.5130208333333,2021
2021-07-07,24.6432291666667,2021
2021-07-08,24.2265625,2021
2021-07-09,23.71875,2021
2021-07-10,24.6614583333333,2021
2021-07-11,24.5130208333333,2021
2021-07-12,24.3723958333333,2021
2021-07-13,24.2708333333333,2021
2021-07-14,24.234375,2021
2021-07-15,24.328125,2021
2021-07-16,24.0598958333333,2021
2021-07-17,23.5026041666667,2021
2021-07-18,23.2994791666667,2021
2021-07-19,23.5338541666667,2021
2021-07-20,23.4869791666667,2021
2021-07-21,23.0963541666667,2021
2021-07-22,22.8125,2021
2021-07-23,22.8541666666667,2021
2021-07-24,23.2786458333333,2021
2021-07-25,23.703125,2021
2021-07-26,23.828125,2021
2021-07-27,23.9739583333333,2021
2021-07-28,24.3671875,2021
2021-07-29,24.7421875,2021
2021-07-30,25.1119791666667,2021
2021-07-31,24.6692708333333,2021
2021-08-01,24.6536458333333,2021
2021-08-02,24.3229166666667,2021
2021-08-03,25.1614583333333,2021
2021-08-04,25.5026041666667,2021
2021-08-05,25.5026041666667,2021
2021-08-06,24.5677083333333,2021
2021-08-07,23.9713541666667,2021
2021-08-08,23.8854166666667,2021
2021-08-09,23.90625,2021
2021-08-10,23.7864583333333,2021
2021-08-11,23.9401041666667,2021
2021-08-12,24.0651041666667,2021
2021-08-13,24.2317708333333,2021
2021-08-14,24.3541666666667,2021
2021-08-15,24.171875,2021
2021-08-16,24.0864583333333,2021
2021-08-17,24.0963541666667,2021
2021-08-18,23.956875,2021
2021-08-19,23.484375,2021
2021-08-20,23.1822916666667,2021
2021-08-21,23.03125,2021
2021-08-22,23.1510416666667,2021
2021-08-23,22.7265625,2021
2021-08-24,22.5234375,2021
2021-08-25,22.1770833333333,2021
2021-08-26,22.1522916666667,2021
2021-08-27,22.1953125,2021
2021-08-28,22.140625,2021
2021-08-29,22.2682291666667,2021
2021-08-30,22.0885416666667,2021
2021-08-31,21.7447916666667,2021
2021-09-01,21.6536458333333,2021
2021-09-02,21.5286458333333,2021
2021-09-03,21.1848958333333,2021
2021-09-04,21,2021
2021-09-05,21.0989583333333,2021
2021-09-06,21.2708333333333,2021
2021-09-07,21.6796875,2021
2021-09-08,21.9036458333333,2021
2021-09-09,21.7838541666667,2021
2021-09-10,21.7265625,2021
2021-09-11,21.4765625,2021
2021-09-12,21.1276041666667,2021
2021-09-13,21.0520833333333,2021
2021-09-14,20.9791666666667,2021
2021-09-15,20.6666666666667,2021
2021-09-16,20.1119791666667,2021
2021-09-17,19.8046875,2021
2021-09-18,19.640625,2021
2021-09-19,19.5442708333333,2021
2021-09-20,19.3932291666667,2021
2021-09-21,19.4088541666667,2021
2021-09-22,19.5364583333333,2021
2021-09-23,19.4817708333333,2021
2021-09-24,19.4661458333333,2021
2021-09-25,19.5677083333333,2021
2021-09-26,19.3255208333333,2021
2021-09-27,18.890625,2021
2021-09-28,18.6223958333333,2021
2021-09-29,18.3489583333333,2021
2021-09-30,18.0052083333333,2021
2021-10-01,17.8385416666667,2021
2021-10-02,17.6119791666667,2021
2021-10-03,17.4817708333333,2021
2021-10-04,17.296875,2021
2021-10-05,17.0260416666667,2021
2021-10-06,16.734375,2021
2021-10-07,16.6067708333333,2021
2021-10-08,16.5052083333333,2021
2021-10-09,16.2734375,2021
2021-10-10,15.9829545454545,2021
2021-10-11,15.75,2021
2021-10-12,15.4401041666667,2021
2021-10-13,15.0260416666667,2021
2021-10-14,14.890625,2021
2021-10-15,14.8203125,2021
2021-10-16,14.6822916666667,2021
2021-10-17,14.5078125,2021
2021-10-18,14.3671875,2021
2021-10-19,14.2291666666667,2021
2021-10-20,13.9791666666667,2021
2021-10-21,13.9010416666667,2021
2021-10-22,13.6223958333333,2021
2021-10-23,13.578125,2021
2021-10-24,13.3229166666667,2021
2021-10-25,12.921875,2021
2021-10-26,12.8046875,2021
2021-10-27,12.5651041666667,2021
2021-10-28,12.4244791666667,2021
2021-10-29,12.3515625,2021
2021-10-30,12.1927083333333,2021
2021-10-31,12.046875,2021
2021-11-01,11.8411458333333,2021
2021-11-02,11.6640625,2021
2021-11-03,11.4583333333333,2021
2021-11-04,11.3255208333333,2021
2021-11-05,11.2838541666667,2021
2021-11-06,11.0729166666667,2021
2021-11-07,10.8723958333333,2021
2021-11-08,10.7317708333333,2021
2021-11-09,10.5677083333333,2021
2021-11-10,10.4114583333333,2021
2021-11-11,10.3385416666667,2021
2021-11-12,10.2604166666667,2021
2021-11-13,10.2057291666667,2021
2021-11-14,10.0416666666667,2021
2021-11-15,9.97135416666667,2021
2021-11-16,9.796875,2021
2021-11-17,9.65364583333333,2021
2021-11-18,9.49479166666667,2021
2021-11-19,9.32291666666667,2021
2021-11-20,9.20052083333333,2021
2021-11-21,9.11458333333333,2021
2021-11-22,9.0625,2021
2021-11-23,9.03645833333333,2021
2021-11-24,8.97395833333333,2021
2021-11-25,8.86979166666667,2021
2021-11-26,8.82291666666667,2021
2021-11-27,8.76822916666667,2021
2021-11-28,8.7265625,2021
2021-11-29,8.75260416666667,2021
2021-11-30,8.73697916666667,2021
2021-12-01,8.71875,2021
2021-12-02,8.671875,2021
2021-12-03,8.5625,2021
2021-12-04,8.45833333333333,2021
2021-12-05,8.3359375,2021
2021-12-06,8.20572916666667,2021
2021-12-07,8.125,2021
2021-12-08,8.0703125,2021
2021-12-09,7.98641304347826,2021
2021-12-10,7.90364583333333,2021
2021-12-11,7.81510416666667,2021
2021-12-12,7.70572916666667,2021
2021-12-13,7.25568181818182,2021
2021-12-14,7.44620833333333,2021
2021-12-15,7.49739583333333,2021
2021-12-16,7.4375,2021
2021-12-17,7.36197916666667,2021
2021-12-18,7.19270833333333,2021
2021-12-19,7.171875,2021
2021-12-20,7.06818181818182,2021
2022-01-26,5.40347826086957,2022
2022-01-27,5.36541666666667,2022
2022-01-28,5.33041666666667,2022
2022-01-29,5.314375,2022
2022-01-30,5.3047619047619,2022
2022-01-31,5.26,2022
2022-02-01,5.25271739130435,2022
2022-02-02,5.25271739130435,2022
2022-02-03,5.27840909090909,2022
2022-02-04,5.32608695652174,2022
2022-02-05,5.37416666666667,2022
2022-02-06,5.38583333333333,2022
2022-02-07,5.49958333333333,2022
2022-02-08,5.57416666666667,2022
2022-02-09,5.64166666666667,2022
2022-02-10,5.78416666666667,2022
2022-02-11,5.77125,2022
2022-02-12,5.77583333333333,2022
2022-02-13,5.68875,2022
2022-02-14,5.735,2022
2022-02-15,5.64375,2022
2022-02-16,5.77875,2022
2022-02-17,6.0075,2022
2022-02-18,5.97958333333333,2022
2022-02-19,6.20916666666667,2022
2022-02-20,6.295,2022
2022-02-21,6.16791666666667,2022
2022-02-22,5.63666666666667,2022
2022-02-23,5.22166666666667,2022
2022-02-24,5.54333333333333,2022
2022-02-25,5.7225,2022
2022-02-26,5.4775,2022
2022-02-27,5.38541666666667,2022
2022-02-28,5.45,2022
2022-03-01,5.4825,2022
2022-03-02,5.6125,2022
2022-03-03,5.75958333333333,2022
2022-03-04,6.05625,2022
2022-03-05,5.96,2022
2022-03-06,6.325,2022
2022-03-07,6.30375,2022
2022-03-08,6.28333333333333,2022
2022-03-09,6.10625,2022
2022-03-10,6.12625,2022
2022-03-11,6.37833333333333,2022
2022-03-12,6.47391304347826,2022
2022-03-13,6.38708333333333,2022
2022-03-14,6.25875,2022
2022-03-15,5.95625,2022
2022-03-16,6.56375,2022
2022-03-17,6.69875,2022
2022-03-18,6.2412,2022
2022-03-19,7.32541666666667,2022
2022-03-20,7.00875,2022
2022-03-21,6.96208333333333,2022
2022-03-22,6.8825,2022
2022-03-23,7.26,2022
2022-03-24,7.47458333333333,2022
2022-03-25,7.50958333333333,2022
2022-03-26,7.75083333333333,2022
2022-03-27,7.39708333333333,2022
2022-03-28,7.50125,2022
2022-03-29,7.70125,2022
2022-03-30,8.35375,2022
2022-03-31,8.40958333333333,2022
2022-04-01,8.51923076923077,2022
2022-04-05,7.662,2022
2022-04-06,8.0209,2022
2022-04-07,8.14697916666667,2022
2022-04-08,8.32375,2022
2022-04-09,8.39125,2022
2022-04-10,8.19458333333333,2022
2022-04-11,8.2239,2022
2022-04-12,8.53458333333333,2022
2022-04-13,8.35541666666667,2022
2022-04-14,8.48583333333333,2022
2022-04-15,8.47791666666667,2022
2022-04-16,8.56041666666667,2022
2022-04-17,8.51791666666667,2022
2022-04-18,8.29041666666667,2022
2022-04-19,8.69875,2022
2022-04-20,8.92083333333333,2022
2022-04-21,8.84916666666667,2022
2022-04-22,9.145,2022
2022-04-23,9.59833333333333,2022
2022-04-24,9.63916666666667,2022
2022-04-25,9.77333333333333,2022
2022-04-26,9.83708333333333,2022
2022-04-27,9.99791666666667,2022
2022-04-28,10.2516666666667,2022
2022-04-29,10.5120833333333,2022
2022-04-30,10.7029166666667,2022
2022-05-01,10.7329166666667,2022
2022-05-02,11.12625,2022
2022-05-03,10.93125,2022
2022-05-04,11.0733333333333,2022
2022-05-05,10.906,2022
2022-05-06,10.625,2022
2022-05-07,10.84125,2022
2022-05-08,11.4113541666667,2022
2022-05-09,11.3486956521739,2022
2022-05-10,11.7770833333333,2022
2022-05-11,11.63375,2022
2022-05-12,11.13625,2022
2022-05-13,11.285,2022
2022-05-14,11.2545833333333,2022
2022-05-15,11.235,2022
2022-05-16,11.6395833333333,2022
2022-05-17,11.7958333333333,2022
2022-05-18,11.6445833333333,2022
2022-05-19,12.0445833333333,2022
2022-05-20,12.0225,2022
2022-05-21,12.86375,2022
2022-05-22,13.4154166666667,2022
2022-05-23,13.5891666666667,2022
2022-05-24,13.8604166666667,2022
2022-05-25,14.1183333333333,2022
2022-05-26,13.9679166666667,2022
2022-05-27,13.5654166666667,2022
2022-05-28,13.9004166666667,2022
2022-05-29,13.96125,2022
2022-05-30,14.0695833333333,2022
2022-05-31,14.0257142857143,2022
2022-06-07,14.93875,2022
2022-06-08,15.43625,2022
2022-06-09,15.2229166666667,2022
2022-06-10,14.9808333333333,2022
2022-06-11,15.7679166666667,2022
2022-06-12,16.1316666666667,2022
2022-06-13,16.2716666666667,2022
2022-06-14,16.61625,2022
2022-06-15,16.3216666666667,2022
2022-06-16,15.8758333333333,2022
2022-06-17,16.2908333333333,2022
2022-06-18,16.655,2022
2022-06-19,17.0895833333333,2022
2022-06-20,17.5195833333333,2022
2022-06-21,17.6416666666667,2022
2022-06-22,17.5641666666667,2022
2022-06-23,16.9704166666667,2022
2022-06-24,17.3725,2022
2022-06-25,17.1029166666667,2022
2022-06-26,17.61125,2022
2022-06-27,18.7754166666667,2022
2022-06-28,19.7980952380952,2022
2022-06-29,19.09375,2022
2022-06-30,19.495,2022
2022-07-01,20.3880208333333,2022
2022-07-02,20.5677083333333,2022
2022-07-03,19.8958333333333,2022
2022-07-04,18.734375,2022
2022-07-05,19.2604166666667,2022
2022-07-06,19.6302083333333,2022
2022-07-07,19.75,2022
2022-07-08,19.96875,2022
2022-07-09,20.1041666666667,2022
2022-07-10,20.15625,2022
2022-07-11,20.5651041666667,2022
2022-07-12,21.5795454545455,2022
2022-07-13,21.3984375,2022
2022-07-14,21.7317708333333,2022
2022-07-15,21.3020833333333,2022
2022-07-16,21.1328125,2022
2022-07-17,21.0416666666667,2022
2022-07-18,21.2083333333333,2022
2022-07-19,21.3675,2022
2022-07-20,21.3177083333333,2022
2022-07-21,21.2864583333333,2022
2022-07-22,21.3385416666667,2022
2022-07-23,22.3359375,2022
2022-07-24,22.203125,2022
2022-07-25,22.8385416666667,2022
2022-07-26,23.671875,2022
2022-07-27,23.9453125,2022
2022-07-28,24.0703125,2022
2022-07-29,25.5625,2022
2022-07-30,25.9947916666667,2022
2022-07-31,25.8776041666667,2022
2022-08-01,25.3854166666667,2022
2022-08-02,24.9791666666667,2022
2022-08-03,24.6302083333333,2022
2022-08-04,24.0130208333333,2022
2022-08-05,23.8046875,2022
2022-08-06,23.8255208333333,2022
2022-08-07,23.8151041666667,2022
2022-08-08,24.2161458333333,2022
2022-08-09,24.390625,2022
2022-08-10,23.71875,2022
2022-08-11,24.0520833333333,2022
2022-08-12,23.6732954545455,2022
2022-08-13,23.5625,2022
2022-08-14,23.6276041666667,2022
2022-08-15,23.7682291666667,2022
2022-08-16,23.984375,2022
2022-08-17,23.8854166666667,2022
2022-08-18,24.6510416666667,2022
2022-08-19,24.1223958333333,2022
2022-08-20,24.0598958333333,2022
2022-08-21,24.4713541666667,2022
2022-08-22,24.4817708333333,2022
2022-08-23,24.6666666666667,2022
2022-08-24,24.3098958333333,2022
2022-08-25,24.3515625,2022
2022-08-26,23.7473958333333,2022
2022-08-27,23.7057291666667,2022
2022-08-28,23.7395833333333,2022
2022-08-29,23.9557291666667,2022
2022-08-30,24.0598958333333,2022
2022-08-31,24.19,2022
2022-09-01,24.2421875,2022
2022-09-02,23.8072916666667,2022
2022-09-03,23.625,2022
2022-09-04,23.4557291666667,2022
2022-09-05,23.0130208333333,2022
2022-09-06,22.6119791666667,2022
2022-09-07,21.881875,2022
2022-09-08,22.2395833333333,2022
2022-09-09,22.046875,2022
2022-09-10,22.09375,2022
2022-09-11,22.1380208333333,2022
2022-09-12,22.1171875,2022
2022-09-13,22.0208333333333,2022
2022-09-14,21.6510416666667,2022
2022-09-15,21.6458333333333,2022
2022-09-16,21.5130208333333,2022
2022-09-17,21.1927083333333,2022
2022-09-18,20.7473958333333,2022
2022-09-19,20.5885416666667,2022
2022-09-20,20.4921875,2022
2022-09-21,20.2109375,2022
2022-09-22,20.1953125,2022
2022-09-23,20.2447916666667,2022
2022-09-24,20.21875,2022
2022-09-25,20.1197916666667,2022
2022-09-26,20.2447916666667,2022
2022-09-27,20.234375,2022
2022-09-28,19.9869791666667,2022
2022-09-29,19.93,2022
2022-09-30,20.0208333333333,2022
2022-10-01,19.9296875,2022
2022-10-02,19.9088541666667,2022
2022-10-03,19.9036458333333,2022
2022-10-04,18.9244791666667,2022
2022-10-05,19.6171875,2022
2022-10-06,19.6119791666667,2022
2022-10-07,19.6770833333333,2022
2022-10-08,19.578125,2022
2022-10-09,19.421875,2022
2022-10-10,19.2473958333333,2022
2022-10-11,18.75,2022
2022-10-12,18.6276041666667,2022
2022-10-13,18.609375,2022
2022-10-14,18.5703125,2022
2022-10-15,18.5208333333333,2022
2022-10-16,18.3567708333333,2022
2022-10-17,18.1432291666667,2022
2022-10-18,18.0651041666667,2022
2022-10-19,18.0052083333333,2022
2022-10-20,17.8203125,2022
2022-10-21,17.4921875,2022
2022-10-22,17.1354166666667,2022
2022-10-23,16.6380208333333,2022
2022-10-24,16.5520833333333,2022
2022-10-25,16.1971153846154,2022
2022-10-26,15.90625,2022
2022-10-27,15.7109375,2022
2022-10-28,15.5572916666667,2022
2022-10-29,15.3984375,2022
2022-10-30,15.2942708333333,2022
2022-10-31,15.1614583333333,2022
2022-11-01,14.8645833333333,2022
2022-11-02,14.5911458333333,2022
2022-11-03,14.2838541666667,2022
2022-11-04,13.9895833333333,2022
2022-11-05,13.5951086956522,2022
2022-11-06,13.296875,2022
2022-11-07,12.9661458333333,2022
2022-11-08,12.6119791666667,2022
2022-11-09,12.2421875,2022
2022-11-10,12.0052083333333,2022
2022-11-11,11.8411458333333,2022
2022-11-12,11.6875,2022
2022-11-13,11.5494791666667,2022
2022-11-14,11.3723958333333,2022
2022-11-15,11.1875,2022
2022-11-16,11,2022
2022-11-17,10.78125,2022
2022-11-18,10.4739583333333,2022
2022-11-19,10.2682291666667,2022
2022-11-20,10.1484375,2022
2022-11-21,10.1145833333333,2022
2022-11-22,10.0807291666667,2022
2022-11-23,10.0651041666667,2022
2022-11-24,10.0755208333333,2022
2022-11-25,10.0546875,2022
2022-11-26,9.94010416666667,2022
2022-11-27,9.78125,2022
2022-11-28,9.61197916666667,2022
2022-11-29,9.2890625,2022
2022-11-30,9.046875,2022
2022-12-01,8.8671875,2022
2022-12-02,8.6640625,2022
2022-12-03,8.55208333333333,2022
2022-12-04,8.44010416666667,2022
2022-12-05,8.33333333333333,2022
2022-12-06,8.23958333333333,2022
2022-12-07,8.16145833333333,2022
2022-12-08,8.08854166666667,2022
2022-12-09,7.98697916666667,2022
2022-12-10,7.78532608695652,2022
2022-12-11,7.76041666666667,2022
2022-12-12,7.6796875,2022
2022-12-13,7.61197916666667,2022
2022-12-14,7.54947916666667,2022
2022-12-15,7.48697916666667,2022
2022-12-16,7.39322916666667,2022
2022-12-17,7.31510416666667,2022
2022-12-18,7.20052083333333,2022
2022-12-19,7,2022
2022-12-20,6.8671875,2022
2022-12-21,6.69270833333333,2022
2022-12-22,6.515625,2022
2022-12-23,6.3359375,2022
2022-12-24,6.28125,2022
2022-12-25,6.296875,2022
2022-12-26,6.27864583333333,2022
2022-12-27,6.3125,2022
2022-12-28,6.29427083333333,2022
2022-12-29,6.26302083333333,2022
2022-12-30,6.2265625,2022
2022-12-31,6.19791666666667,2022
2023-01-01,6.1875,2023
2023-01-02,6.15885416666667,2023
2023-01-03,6.125,2023
2023-01-04,6.12239583333333,2023
2023-01-05,6.11458333333333,2023
2023-01-06,6.125,2023
2023-01-07,6.125,2023
2023-01-08,6.11979166666667,2023
2023-01-09,6.07291666666667,2023
2023-01-10,6.078125,2023
2023-01-11,6.07291666666667,2023
2023-01-12,6.06510416666667,2023
2023-01-13,6.09895833333333,2023
2023-01-14,6.12239583333333,2023
2023-01-15,6.14322916666667,2023
2023-01-16,6.1875,2023
2023-01-17,6.18229166666667,2023
2023-01-18,6.171875,2023
2023-01-19,6.1484375,2023
2023-01-20,6.16145833333333,2023
2023-01-21,6.1875,2023
2023-01-22,6.14322916666667,2023
2023-01-23,6.1328125,2023
2023-01-24,6.15104166666667,2023
2023-01-25,6.19010416666667,2023
2023-01-26,6.21614583333333,2023
2023-01-27,6.20572916666667,2023
2023-01-28,6.1875,2023
2023-01-29,6.04166666666667,2023
2023-01-30,5.97395833333333,2023
2023-01-31,5.9453125,2023
2023-02-01,5.92447916666667,2023
2023-02-02,5.98177083333333,2023
2023-02-03,5.98697916666667,2023
2023-02-04,5.96875,2023
2023-02-05,6.00260416666667,2023
2023-02-06,6.01,2023
2023-02-07,6,2023
2023-02-08,6.03645833333333,2023
2023-02-09,6,2023
2023-02-10,6.08072916666667,2023
2023-02-11,6.10677083333333,2023
2023-02-12,6.05989583333333,2023
2023-02-13,6.0625,2023
2023-02-14,6.01822916666667,2023
2023-02-15,5.96614583333333,2023
2023-02-16,5.953125,2023
2023-02-17,5.9453125,2023
2023-02-18,5.9765625,2023
2023-02-19,5.98177083333333,2023
2023-02-20,6,2023
2023-02-21,6.15625,2023
2023-02-22,5.99479166666667,2023
2023-02-23,5.82552083333333,2023
2023-02-24,5.73697916666667,2023
2023-02-25,5.70052083333333,2023
2023-02-26,5.66927083333333,2023
2023-02-27,5.64322916666667,2023
2023-02-28,5.70052083333333,2023
2023-03-01,5.6575,2023
2023-03-02,5.66927083333333,2023
2023-03-03,5.69791666666667,2023
2023-03-04,5.63020833333333,2023
2023-03-05,5.62760416666667,2023
2023-03-06,5.64322916666667,2023
2023-03-07,5.68489583333333,2023
2023-03-08,5.8828125,2023
2023-03-09,5.84635416666667,2023
2023-03-10,5.74739583333333,2023
2023-03-11,6.00815217391304,2023
2023-03-12,6.08333333333333,2023
2023-03-13,6.29166666666667,2023
2023-03-14,6.359375,2023
2023-03-15,6.48958333333333,2023
2023-03-16,6.56510416666667,2023
2023-03-17,6.49479166666667,2023
2023-03-18,6.9453125,2023
2023-03-19,7.1820652173913,2023
2023-03-20,7.40885416666667,2023
2023-03-21,7.68229166666667,2023
2023-03-22,7.68229166666667,2023
2023-03-23,7.765625,2023
2023-03-24,7.28125,2023
2023-03-25,7.44010416666667,2023
2023-03-26,7.65625,2023
2023-03-27,7.12760416666667,2023
2023-03-28,6.135,2023
2023-03-29,7.16145833333333,2023
2023-03-30,8.09895833333333,2023
2023-03-31,7.24479166666667,2023
2023-04-01,7.5390625,2023
2023-04-02,7.8984375,2023
2023-04-03,8.1328125,2023
2023-04-04,8.36979166666667,2023
2023-04-05,8.66666666666667,2023
2023-04-06,8.390625,2023
2023-04-07,8.34375,2023
2023-04-08,7.0703125,2023
2023-04-09,7.61458333333333,2023
2023-04-10,7.90104166666667,2023
2023-04-11,8.3046875,2023
2023-04-12,8.59114583333333,2023
2023-04-13,8.953125,2023
2023-04-14,8.94270833333333,2023
2023-04-15,9.19010416666667,2023
2023-04-16,9.09635416666667,2023
2023-04-17,8.51041666666667,2023
2023-04-18,8.45052083333333,2023
2023-04-19,8.52864583333333,2023
2023-04-20,8.375,2023
2023-04-21,8.57291666666667,2023
2023-04-22,8.8671875,2023
2023-04-23,8.96614583333333,2023
2023-04-24,9.4921875,2023
2023-04-25,9.69270833333333,2023
2023-04-26,9.9140625,2023
2023-04-27,10.265625,2023
2023-04-28,10.6927083333333,2023
2023-04-29,11.8723958333333,2023
2023-04-30,11.9036458333333,2023
2023-05-01,11.8072916666667,2023
2023-05-02,11.9713541666667,2023
2023-05-03,12.1640625,2023
2023-05-04,12.5,2023
2023-05-05,12.7630208333333,2023
2023-05-06,12.515625,2023
2023-05-07,12.9505208333333,2023
2023-05-08,13.5911458333333,2023
2023-05-09,14,2023
2023-05-10,14.3072916666667,2023
2023-05-11,14.9505208333333,2023
2023-05-12,14.8255208333333,2023
2023-05-13,14.4401041666667,2023
2023-05-14,14.2291666666667,2023
2023-05-15,14.9791666666667,2023
2023-05-16,15.2760416666667,2023
2023-05-17,15.765625,2023
2023-05-18,17.0208333333333,2023
2023-05-19,18.3802083333333,2023
2023-05-20,18.8828125,2023
2023-05-21,18.7005208333333,2023
2023-05-22,17.875,2023
2023-05-23,17.9765625,2023
2023-05-24,18.0833333333333,2023
2023-05-25,17.81275,2023
2023-05-26,19.2265625,2023
2023-05-27,19.4973958333333,2023
2023-05-28,19.8932291666667,2023
2023-05-29,20.21875,2023
2023-05-30,19.9036458333333,2023
2023-05-31,19.625,2023
2023-06-01,19.34375,2023
2023-06-02,19.6588541666667,2023
2023-06-03,19.4947916666667,2023
2023-06-04,19.0260416666667,2023
2023-06-05,18.5494791666667,2023
2023-06-06,18.8958333333333,2023
2023-06-07,19.6640625,2023
2023-06-08,19.5416666666667,2023
2023-06-09,18.4322916666667,2023
2023-06-10,18.4947916666667,2023
2023-06-11,19.3489583333333,2023
2023-06-12,19.8880208333333,2023
2023-06-13,18.6067708333333,2023
2023-06-14,18.5494791666667,2023
2023-06-15,19.1848958333333,2023
2023-06-16,19.9114583333333,2023
2023-06-17,19.8541666666667,2023
2023-06-18,19.6588541666667,2023
2023-06-19,19.3984375,2023
2023-06-20,19.4427083333333,2023
2023-06-21,19.4869791666667,2023
2023-06-22,19.4270833333333,2023
2023-06-23,20.1848958333333,2023
2023-06-24,20.359375,2023
2023-06-25,20.4557291666667,2023
2023-06-26,21.1354166666667,2023
2023-06-27,20.6380208333333,2023
2023-06-28,21.3854166666667,2023
2023-06-29,22.3880208333333,2023
2023-06-30,22.6197916666667,2023
2023-07-01,22.6223958333333,2023
2023-07-02,21.2508333333333,2023
2023-07-03,21.8359375,2023
2023-07-04,21.9739583333333,2023
2023-07-05,22.3255208333333,2023
2023-07-06,22.2786458333333,2023
2023-07-07,22.4088541666667,2023
2023-07-08,23.078125,2023
2023-07-09,23.2135416666667,2023
2023-07-10,22.703125,2023
2023-07-11,23.328125,2023
2023-07-12,23.2864583333333,2023
2023-07-13,23.3072916666667,2023
2023-07-14,23.9140625,2023
2023-07-15,24.1744791666667,2023
2023-07-16,23.8559782608696,2023
2023-07-17,23.65625,2023
2023-07-18,23.5885416666667,2023
2023-07-19,23.3177083333333,2023
2023-07-20,24.070652173913,2023
2023-07-21,24.2578125,2023
2023-07-22,23.9557291666667,2023
2023-07-23,23.5598958333333,2023
2023-07-24,23.1458333333333,2023
2023-07-25,22.7291666666667,2023
2023-07-26,22.7786458333333,2023
2023-07-27,22.8515625,2023
2023-07-28,23.4375,2023
2023-07-29,23.5234375,2023
2023-07-30,23.0026041666667,2023
2023-07-31,22.921875,2023
2023-08-01,23.078125,2023
2023-08-02,22.8828125,2023
2023-08-03,23,2023
2023-08-04,23.6328125,2023
2023-08-05,23.8776041666667,2023
2023-08-06,22.8697916666667,2023
2023-08-07,23.0911458333333,2023
2023-08-08,23.3723958333333,2023
2023-08-09,23.2734375,2023
2023-08-10,23.28125,2023
2023-08-11,23.4367708333333,2023
2023-08-12,23.5807291666667,2023
2023-08-13,23.6588541666667,2023
2023-08-14,23.9739583333333,2023
2023-08-15,24.4628125,2023
2023-08-16,24.4973958333333,2023
2023-08-17,23.7946428571429,2023
