"date","stamp","year"
2014-01-01,5.953125,2014
2014-01-02,5.940375,2014
2014-01-03,5.62241666666667,2014
2014-01-04,4.91145833333333,2014
2014-01-05,4.67441666666667,2014
2014-01-06,4.63825,2014
2014-01-07,4.89045833333333,2014
2014-01-08,5.039,2014
2014-01-09,4.78916666666667,2014
2014-01-10,4.921625,2014
2014-01-11,4.76820833333333,2014
2014-01-12,4.98425,2014
2014-01-13,5.43495833333333,2014
2014-01-14,5.59383333333333,2014
2014-01-15,5.64841666666667,2014
2014-01-16,5.66945833333333,2014
2014-01-17,5.45308333333333,2014
2014-01-18,5.351625,2014
2014-01-19,5.47133333333333,2014
2014-01-20,5.41670833333333,2014
2014-01-21,5.25770833333333,2014
2014-01-22,5.19529166666667,2014
2014-01-23,5.16925,2014
2014-01-24,4.76308333333333,2014
2014-01-25,4.73691666666667,2014
2014-01-26,4.73175,2014
2014-01-27,4.72929166666667,2014
2014-01-28,5.19795833333333,2014
2014-01-29,5.38791666666667,2014
2014-01-30,5.385375,2014
2014-01-31,4.92175,2014
2014-02-01,4.791625,2014
2014-02-02,4.78391666666667,2014
2014-02-03,4.35154166666667,2014
2014-02-04,3.89841666666667,2014
2014-02-05,3.44275,2014
2014-02-06,2.92454166666667,2014
2014-02-07,2.619875,2014
2014-02-08,2.66145833333333,2014
2014-02-09,2.62754166666667,2014
2014-02-10,3.16925,2014
2014-02-11,3.57033333333333,2014
2014-02-12,3.14333333333333,2014
2014-02-13,3.49995833333333,2014
2014-02-14,3.77070833333333,2014
2014-02-15,3.567625,2014
2014-02-16,3.24733333333333,2014
2014-02-17,3.42970833333333,2014
2014-02-18,3.362,2014
2014-02-19,3.59625,2014
2014-02-20,3.93225,2014
2014-02-21,3.76554166666667,2014
2014-02-22,3.72133333333333,2014
2014-02-23,3.67445833333333,2014
2014-02-24,3.28658333333333,2014
2014-02-25,3.61979166666667,2014
2014-02-26,3.94275,2014
2014-02-27,4.17179166666667,2014
2014-02-28,4.33066666666667,2014
2014-03-01,4.12495833333333,2014
2014-03-02,4.070375,2014
2014-03-03,4.35933333333333,2014
2014-03-04,4.08058333333333,2014
2014-03-05,4.40095833333333,2014
2014-03-06,4.63541666666667,2014
2014-03-07,4.61983333333333,2014
2014-03-08,4.57554166666667,2014
2014-03-09,4.599,2014
2014-03-10,4.84645833333333,2014
2014-03-11,4.97145833333333,2014
2014-03-12,5.01304166666667,2014
2014-03-13,5.08841666666667,2014
2014-03-14,5.2995,2014
2014-03-15,5.12754166666667,2014
2014-03-16,5.07545833333333,2014
2014-03-17,5.229125,2014
2014-03-18,5.48966666666667,2014
2014-03-19,5.70833333333333,2014
2014-03-20,5.5625,2014
2014-03-21,5.78908333333333,2014
2014-03-22,5.83058333333333,2014
2014-03-23,5.9715,2014
2014-03-24,6.30720833333333,2014
2014-03-25,6.32283333333333,2014
2014-03-26,6.17720833333333,2014
2014-03-27,6.72658333333333,2014
2014-03-28,6.56,2014
2014-03-29,6.39833333333333,2014
2014-03-30,6.28395833333333,2014
2014-03-31,6.58866666666667,2014
2014-04-01,6.72654166666667,2014
2014-04-02,6.88533333333333,2014
2014-04-03,6.85675,2014
2014-04-04,7.122375,2014
2014-04-05,7.20579166666667,2014
2014-04-06,7.4035,2014
2014-04-07,7.61458333333333,2014
2014-04-08,8.02870833333333,2014
2014-04-09,7.929625,2014
2014-04-10,8.06779166666667,2014
2014-04-11,8.54679166666667,2014
2014-04-12,8.99220833333333,2014
2014-04-13,9.44266666666667,2014
2014-04-14,9.765625,2014
2014-04-15,9.74216666666667,2014
2014-04-16,9.60941666666667,2014
2014-04-17,9.09641666666667,2014
2014-04-18,8.55733333333333,2014
2014-04-19,8.63279166666667,2014
2014-04-20,8.50270833333333,2014
2014-04-21,8.380125,2014
2014-04-22,8.64329166666667,2014
2014-04-23,8.70316666666667,2014
2014-04-24,8.434875,2014
2014-04-25,8.588625,2014
2014-04-26,8.64829166666667,2014
2014-04-27,8.61454166666667,2014
2014-04-28,8.91929166666667,2014
2014-04-29,9.63025,2014
2014-04-30,10.520875,2014
2014-05-01,11.208375,2014
2014-05-02,11.2030833333333,2014
2014-05-03,10.5232916666667,2014
2014-05-04,10.7449166666667,2014
2014-05-05,11.226625,2014
2014-05-06,11.830875,2014
2014-05-07,12.4557083333333,2014
2014-05-08,12.317625,2014
2014-05-09,11.822875,2014
2014-05-10,12.354125,2014
2014-05-11,12.8594166666667,2014
2014-05-12,13.1849166666667,2014
2014-05-13,13.786375,2014
2014-05-14,14.744875,2014
2014-05-15,15.3280833333333,2014
2014-05-16,13.5546666666667,2014
2014-05-17,12.635375,2014
2014-05-18,13.8176666666667,2014
2014-05-19,14.7811666666667,2014
2014-05-20,14.3776666666667,2014
2014-05-21,13.9088333333333,2014
2014-05-22,14.58325,2014
2014-05-23,14.8957083333333,2014
2014-05-24,14.6561666666667,2014
2014-05-25,14.8956666666667,2014
2014-05-26,14.4843333333333,2014
2014-05-27,14.7707916666667,2014
2014-05-28,15.0495,2014
2014-05-29,14.203125,2014
2014-05-30,14.0650833333333,2014
2014-05-31,15.1329166666667,2014
2014-06-01,15.4140416666667,2014
2014-06-02,15.583375,2014
2014-06-03,16.28125,2014
2014-06-04,16.0547916666667,2014
2014-06-05,15.3567916666667,2014
2014-06-06,15.6875833333333,2014
2014-06-07,16.2135833333333,2014
2014-06-08,15.6224166666667,2014
2014-06-09,16.007875,2014
2014-06-10,16.2680833333333,2014
2014-06-11,15.7317916666667,2014
2014-06-12,15.9817916666667,2014
2014-06-13,16.54675,2014
2014-06-14,15.070375,2014
2014-06-15,14.776,2014
2014-06-16,16.1145416666667,2014
2014-06-17,17.2344583333333,2014
2014-06-18,17.45575,2014
2014-06-19,16.645875,2014
2014-06-20,15.7135416666667,2014
2014-06-21,16.476625,2014
2014-06-22,17.390625,2014
2014-06-23,17.8099166666667,2014
2014-06-24,18.1874166666667,2014
2014-06-25,18.5442916666667,2014
2014-06-26,19.0260833333333,2014
2014-06-27,17.7343333333333,2014
2014-06-28,16.9530833333333,2014
2014-06-29,17.4089166666667,2014
2014-06-30,18.3749166666667,2014
2014-07-01,19.2475,2014
2014-07-02,20.1874166666667,2014
2014-07-03,19.4505416666667,2014
2014-07-04,19.046875,2014
2014-07-05,18.7525833333333,2014
2014-07-06,18.9400416666667,2014
2014-07-07,20.1120416666667,2014
2014-07-08,20.9115833333333,2014
2014-07-09,21.1380416666667,2014
2014-07-10,20.645875,2014
2014-07-11,20.5911666666667,2014
2014-07-12,21.2604166666667,2014
2014-07-13,21.268125,2014
2014-07-14,21.9582916666667,2014
2014-07-15,22.065125,2014
2014-07-16,21.3125416666667,2014
2014-07-17,20.770875,2014
2014-07-18,19.807375,2014
2014-07-19,19.541625,2014
2014-07-20,19.7343333333333,2014
2014-07-21,20.1196666666667,2014
2014-07-22,20.4505,2014
2014-07-23,19.8569583333333,2014
2014-07-24,19.377625,2014
2014-07-25,19.489625,2014
2014-07-26,19.9791666666667,2014
2014-07-27,20.4974583333333,2014
2014-07-28,21.3254583333333,2014
2014-07-29,21.62,2014
2014-07-30,22.0520416666667,2014
2014-07-31,22.1354583333333,2014
2014-08-01,22.3880416666667,2014
2014-08-02,22.5311666666667,2014
2014-08-03,22.578125,2014
2014-08-04,22.4556666666667,2014
2014-08-05,22.156375,2014
2014-08-06,21.9609583333333,2014
2014-08-07,21.507875,2014
2014-08-08,21.0729166666667,2014
2014-08-09,21.018125,2014
2014-08-10,21.6379583333333,2014
2014-08-11,22.24475,2014
2014-08-12,22.0625416666667,2014
2014-08-13,21.981875,2014
2014-08-14,22.242375,2014
2014-08-15,21.3958333333333,2014
2014-08-16,21.3984166666667,2014
2014-08-17,22.0520833333333,2014
2014-08-18,21.8620416666667,2014
2014-08-19,21.98175,2014
2014-08-20,21.5806666666667,2014
2014-08-21,20.997375,2014
2014-08-22,20.6797916666667,2014
2014-08-23,20.9087916666667,2014
2014-08-24,21.1015416666667,2014
2014-08-25,21.2915416666667,2014
2014-08-26,21.6275416666667,2014
2014-08-27,21.65625,2014
2014-08-28,21.5625416666667,2014
2014-08-29,20.6171666666667,2014
2014-08-30,20.510375,2014
2014-08-31,20.2005833333333,2014
2014-09-01,20.0990416666667,2014
2014-09-02,19.6978333333333,2014
2014-09-03,19.7317083333333,2014
2014-09-04,19.697875,2014
2014-09-05,19.8464166666667,2014
2014-09-06,20.221375,2014
2014-09-07,20.4219166666667,2014
2014-09-08,20.252625,2014
2014-09-09,19.7995416666667,2014
2014-09-10,19.3671666666667,2014
2014-09-11,18.6875833333333,2014
2014-09-12,18.5107826086957,2014
2014-09-13,18.5755416666667,2014
2014-09-14,18.721375,2014
2014-09-15,18.934875,2014
2014-09-16,18.937625,2014
2014-09-17,19.099,2014
2014-09-18,18.9765833333333,2014
2014-09-19,19.0857916666667,2014
2014-09-20,18.7291666666667,2014
2014-09-21,18.7864166666667,2014
2014-09-22,18.815125,2014
2014-09-23,18.5287083333333,2014
2014-09-24,18.0782083333333,2014
2014-09-25,17.987,2014
2014-09-26,18.0859583333333,2014
2014-09-27,18.0573333333333,2014
2014-09-28,17.9401666666667,2014
2014-09-29,17.9140416666667,2014
2014-09-30,17.4947916666667,2014
2014-10-01,17.3020416666667,2014
2014-10-02,16.984375,2014
2014-10-03,17.3332916666667,2014
2014-10-04,17.7864583333333,2014
2014-10-05,18.11975,2014
2014-10-06,18.1485,2014
2014-10-07,18.3020416666667,2014
2014-10-08,18.07025,2014
2014-10-09,17.979,2014
2014-10-10,17.7265833333333,2014
2014-10-11,17.4556666666667,2014
2014-10-12,17.0884583333333,2014
2014-10-13,16.6615416666667,2014
2014-10-14,16.46875,2014
2014-10-15,16.348875,2014
2014-10-16,16.284,2014
2014-10-17,15.786625,2014
2014-10-18,15.4790833333333,2014
2014-10-19,15.1457916666667,2014
2014-10-20,13.9712916666667,2014
2014-10-21,14.1198333333333,2014
2014-10-22,13.2733333333333,2014
2014-10-23,13.3697083333333,2014
2014-10-24,13.625,2014
2014-10-25,13.4349166666667,2014
2014-10-26,13.00525,2014
2014-10-27,12.890625,2014
2014-10-28,12.414,2014
2014-10-29,12.3124583333333,2014
2014-10-30,12.31775,2014
2014-10-31,12.26575,2014
2014-11-01,12.2160833333333,2014
2014-11-02,12.1014583333333,2014
2014-11-03,12.4322083333333,2014
2014-11-04,12.25525,2014
2014-11-05,12.106625,2014
2014-11-06,12.0235833333333,2014
2014-11-07,11.3125416666667,2014
2014-11-08,11.466125,2014
2014-11-09,11.4270416666667,2014
2014-11-10,11.07825,2014
2014-11-11,10.7187083333333,2014
2014-11-12,9.7438,2014
2014-11-13,9.125,2014
2014-11-14,9.00775892857143,2014
2014-11-15,8.70517894736842,2014
2014-11-16,8.42681944444444,2014
2014-11-17,8.26362162162162,2014
2014-11-18,8.2980625,2014
2014-11-19,8.37503571428571,2014
2014-11-20,8.60179166666667,2014
2014-11-21,8.59658333333333,2014
2014-11-22,8.03120833333333,2014
2014-11-23,8.12504166666667,2014
2014-11-24,8.05225,2014
2014-11-25,8.15883333333333,2014
2014-11-26,8.19525,2014
2014-11-27,8.40794117647059,2014
2014-12-02,7.33480434782609,2014
2014-12-03,7.11708,2014
2014-12-08,7.3246,2014
2014-12-09,7.054625,2014
2014-12-10,6.304625,2014
2015-01-16,6.71875,2015
2015-01-17,6.49604166666667,2015
2015-01-18,7.0843,2015
2015-05-28,18.8876,2015
2015-05-29,17.6745416666667,2015
2015-05-30,17.9973333333333,2015
2015-05-31,18.278625,2015
2015-06-01,18.104125,2015
2015-06-02,16.8724166666667,2015
2015-06-03,17.5469166666667,2015
2015-06-04,18.2030416666667,2015
2015-06-05,17.8438333333333,2015
2015-06-06,19.17975,2015
2015-06-07,19.9740833333333,2015
2015-06-08,20.5494583333333,2015
2015-06-09,20.6535416666667,2015
2015-06-10,20.2890416666667,2015
2015-06-11,19.6196666666667,2015
2015-06-12,19.242125,2015
2015-06-13,19.2863333333333,2015
2015-06-14,19.5103333333333,2015
2015-06-15,20.0416666666667,2015
2015-06-16,20.2839583333333,2015
2015-06-17,20.265625,2015
2015-06-18,19.3931666666667,2015
2015-06-19,19.0495,2015
2015-06-20,18.9895833333333,2015
2015-06-21,19.690125,2015
2015-06-22,20.3125416666667,2015
2015-06-23,20.3359166666667,2015
2015-06-24,19.8619583333333,2015
2015-06-25,20.0651666666667,2015
2015-06-26,20.95825,2015
2015-06-27,22.085875,2015
2015-06-28,22.2030416666667,2015
2015-06-29,22.6562916666667,2015
2015-06-30,22.622375,2015
2015-07-01,22.4010416666667,2015
2015-07-02,22.586,2015
2015-07-03,23.3463333333333,2015
2015-07-04,23.2005,2015
2015-07-05,21.8437083333333,2015
2015-07-06,21.2630416666667,2015
2015-07-07,21.3124166666667,2015
2015-07-08,21.3333333333333,2015
2015-07-09,21.53125,2015
2015-07-10,20.8932083333333,2015
2015-07-11,19.528625,2015
2015-07-12,19.2968333333333,2015
2015-07-13,19.8801666666667,2015
2015-07-14,20.2189166666667,2015
2015-07-15,20.3958333333333,2015
2015-07-16,20.80725,2015
2015-07-17,21.1693333333333,2015
2015-07-18,22.177,2015
2015-07-19,23.0729583333333,2015
2015-07-20,22.7655416666667,2015
2015-07-21,21.737,2015
2015-07-22,20.8306666666667,2015
2015-07-23,20.6224583333333,2015
2015-07-24,20.638,2015
2015-07-25,19.9687083333333,2015
2015-07-26,20.1119583333333,2015
2015-07-27,20.66925,2015
2015-07-28,21.130125,2015
2015-07-29,21.6823333333333,2015
2015-07-30,21.9687916666667,2015
2015-07-31,22.35175,2015
2015-08-01,22.346375,2015
2015-08-02,22.565125,2015
2015-08-03,22.2005416666667,2015
2015-08-04,21.6875,2015
2015-08-05,20.74225,2015
2015-08-06,20.8307916666667,2015
2015-08-07,20.7682916666667,2015
2015-08-08,20.382875,2015
2015-08-09,20.2994166666667,2015
2015-08-10,20.7864166666667,2015
2015-08-11,21.2630833333333,2015
2015-08-12,21.8306666666667,2015
2015-08-13,22.247375,2015
2015-08-14,22.2005,2015
2015-08-15,21.1977916666667,2015
2015-08-16,20.7865,2015
2015-08-17,21.0181666666667,2015
2015-08-18,21.4660833333333,2015
2015-08-19,21.8020416666667,2015
2015-08-20,21.401,2015
2015-08-21,21.224125,2015
2015-08-22,20.9687916666667,2015
2015-08-23,20.88275,2015
2015-08-24,20.3982916666667,2015
2015-08-25,20.0859166666667,2015
2015-08-26,20.2604166666667,2015
2015-08-27,20.53125,2015
2015-08-28,20.7004583333333,2015
2015-08-29,19.7447083333333,2015
2015-08-30,19.0547083333333,2015
2015-08-31,18.7916666666667,2015
2015-09-01,17.8331666666667,2015
2015-09-09,19.2386363636364,2015
2015-09-10,18.841125,2015
2015-09-11,19.0885,2015
2015-09-12,19.3803333333333,2015
2015-09-13,19.2030833333333,2015
2015-09-14,17.908875,2015
2015-09-15,17.2683333333333,2015
2015-09-16,17.1640416666667,2015
2015-09-17,17.45575,2015
2015-09-18,17.5806666666667,2015
2015-09-19,17.8281666666667,2015
2015-09-20,17.854125,2015
2015-09-21,17.6249166666667,2015
2015-09-22,17.5469583333333,2015
2015-09-23,17.4244166666667,2015
2015-09-24,16.9660833333333,2015
2015-09-25,17.145875,2015
2015-09-26,17.2084166666667,2015
2015-09-27,16.9765416666667,2015
2015-09-28,16.7863333333333,2015
2015-09-29,16.8620416666667,2015
2015-09-30,16.9270416666667,2015
2015-10-01,16.8072916666667,2015
2015-10-02,16.677125,2015
2015-10-03,16.1094166666667,2015
2015-10-04,16.0651666666667,2015
2015-10-05,15.989625,2015
2015-10-06,16.177,2015
2015-10-07,16.3254583333333,2015
2015-10-08,16.3646666666667,2015
2015-10-09,16.3827916666667,2015
2015-10-10,15.7005,2015
2015-10-11,15.2914166666667,2015
2015-10-12,15.5572083333333,2015
2015-10-13,15.51575,2015
2015-10-14,15.3618333333333,2015
2015-10-15,15.1119583333333,2015
2015-10-16,15.1093333333333,2015
2015-10-17,15.43225,2015
2015-10-18,15.5625833333333,2015
2015-10-19,15.3125833333333,2015
2015-10-20,15.1952916666667,2015
2015-10-21,14.89325,2015
2015-10-22,14.7762083333333,2015
2015-10-23,14.414125,2015
2015-10-24,14.0338333333333,2015
2015-10-25,14.0729583333333,2015
2015-10-26,14.0467916666667,2015
2015-10-27,14.0026666666667,2015
2015-10-28,14.093875,2015
2015-10-29,13.960875,2015
2015-10-30,13.83325,2015
2015-10-31,13.625,2015
2015-11-01,12.94525,2015
2015-11-02,12.6015,2015
2015-11-03,12.5755416666667,2015
2015-11-04,12.5184166666667,2015
2015-11-05,12.5547083333333,2015
2015-11-06,12.2994166666667,2015
2015-11-07,11.9737916666667,2015
2015-11-08,11.8855,2015
2015-11-09,11.79425,2015
2015-11-10,11.6093333333333,2015
2015-11-11,11.3280833333333,2015
2015-11-12,10.799375,2015
2015-11-13,10.242125,2015
2015-11-14,10.6638333333333,2015
2015-11-15,10.716125,2015
2015-11-16,10.2213333333333,2015
2015-11-17,9.58070833333333,2015
2015-11-18,9.30995833333333,2015
2015-11-19,9.45583333333333,2015
2015-11-20,9.20058333333333,2015
2015-11-21,8.97141666666667,2015
2015-11-22,8.85416666666667,2015
2015-11-23,8.877625,2015
2015-11-24,8.4715,2015
2015-11-25,7.89575,2015
2015-11-26,7.66658333333333,2015
2015-11-27,7.51833333333333,2015
2015-11-28,7.31516666666667,2015
2015-11-29,6.86470833333333,2015
2015-11-30,6.64329166666667,2015
2015-12-01,6.60958333333333,2015
2015-12-02,6.11720833333333,2015
2015-12-03,6.578,2015
2015-12-04,7.11220833333333,2015
2015-12-05,7.106875,2015
2015-12-06,6.66129166666667,2015
2015-12-07,6.66645833333333,2015
2015-12-08,6.90370833333333,2015
2015-12-09,6.85925,2015
2015-12-10,6.87245833333333,2015
2015-12-11,6.585875,2015
2015-12-12,6.71070833333333,2015
2015-12-13,6.47908333333333,2015
2015-12-14,6.497375,2015
2015-12-15,6.44529166666667,2015
2015-12-16,6.43775,2015
2015-12-17,6.32791666666667,2015
2015-12-18,6.091,2015
2015-12-19,5.86991666666667,2015
2015-12-20,5.46091666666667,2015
2015-12-21,5.67945833333333,2015
2015-12-22,5.723875,2015
2015-12-23,5.60654166666667,2015
2015-12-24,5.51054166666667,2015
2015-12-25,5.2605,2015
2015-12-26,5.101375,2015
2015-12-27,4.92958333333333,2015
2015-12-28,5.164125,2015
2015-12-29,5.12245833333333,2015
2015-12-30,4.71633333333333,2015
2015-12-31,4.19791666666667,2015
2016-01-01,4.06004166666667,2016
2016-01-02,4.156125,2016
2016-01-03,4.13279166666667,2016
2016-01-04,3.87779166666667,2016
2016-01-05,3.69791666666667,2016
2016-01-06,4.13279166666667,2016
2016-01-07,4.38270833333333,2016
2016-01-08,4.38016666666667,2016
2016-01-09,4.39566666666667,2016
2016-01-10,4.49229166666667,2016
2016-01-11,4.32025,2016
2016-01-12,4.254875,2016
2016-01-13,4.091125,2016
2016-01-14,4.40108333333333,2016
2016-01-15,4.325625,2016
2016-01-16,4.42454166666667,2016
2016-01-17,4.500125,2016
2016-01-18,4.60679166666667,2016
2016-01-19,4.67170833333333,2016
2016-01-20,4.7815,2016
2016-01-21,4.768125,2016
2016-01-22,4.83091666666667,2016
2016-01-23,4.94770833333333,2016
2016-01-24,5.05208333333333,2016
2016-01-25,5.05483333333333,2016
2016-01-26,5.14833333333333,2016
2016-01-27,5.29975,2016
2016-01-28,5.18475,2016
2016-01-29,4.76808333333333,2016
2016-01-30,4.76820833333333,2016
2016-01-31,4.84883333333333,2016
2016-02-01,4.8775,2016
2016-02-02,4.890375,2016
2016-02-03,4.901125,2016
2016-02-04,4.908625,2016
2016-02-05,5.01033333333333,2016
2016-02-06,4.79429166666667,2016
2016-02-07,4.76841666666667,2016
2016-02-08,4.97658333333333,2016
2016-02-09,4.9765,2016
2016-02-10,5.09120833333333,2016
2016-02-11,5.07266666666667,2016
2016-02-12,5.135125,2016
2016-02-13,4.91679166666667,2016
2016-02-14,4.882625,2016
2016-02-15,5.031,2016
2016-02-16,5.00004166666667,2016
2016-02-17,5.06508333333333,2016
2016-02-18,5.17954166666667,2016
2016-02-19,5.16420833333333,2016
2016-02-20,5.09879166666667,2016
2016-02-21,4.94283333333333,2016
2016-02-22,5.08870833333333,2016
2016-02-23,5.0625,2016
2016-02-24,5.27329166666667,2016
2016-02-25,5.40379166666667,2016
2016-02-26,5.42695833333333,2016
2016-02-27,5.69533333333333,2016
2016-02-28,5.75025,2016
2016-02-29,5.69783333333333,2016
2016-03-01,5.51816666666667,2016
2016-03-02,5.57816666666667,2016
2016-03-03,5.49204166666667,2016
2016-03-04,5.61708333333333,2016
2016-03-05,5.59379166666667,2016
2016-03-06,5.58579166666667,2016
2016-03-07,5.47404166666667,2016
2016-03-08,5.507875,2016
2016-03-09,5.36966666666667,2016
2016-03-10,5.52604166666667,2016
2016-03-11,5.44270833333333,2016
2016-03-12,5.39595833333333,2016
2016-03-13,5.27325,2016
2016-03-14,5.25245833333333,2016
2016-03-15,5.40125,2016
2016-03-16,5.53641666666667,2016
2016-03-17,5.58858333333333,2016
2016-03-18,5.72920833333333,2016
2016-03-19,5.98170833333333,2016
2016-03-20,6.14866666666667,2016
2016-03-21,6.445375,2016
2016-03-22,6.71358333333333,2016
2016-03-23,6.784,2016
2016-03-24,6.59879166666667,2016
2016-03-25,6.72920833333333,2016
2016-03-26,7.12233333333333,2016
2016-03-27,7.56508333333333,2016
2016-03-28,7.48966666666667,2016
2016-03-29,7.74733333333333,2016
2016-03-30,8.25004166666667,2016
2016-03-31,8.78129166666667,2016
2016-04-01,9.197875,2016
2016-04-02,9.07554166666667,2016
2016-04-03,8.55725,2016
2016-04-04,8.54175,2016
2016-04-05,8.69795833333333,2016
2016-04-06,8.86979166666667,2016
2016-04-07,9.213625,2016
2016-04-08,9.60154166666667,2016
2016-04-09,9.45816666666667,2016
2016-04-10,9.34108333333333,2016
2016-04-11,7.72908333333333,2016
2016-04-12,7.53120833333333,2016
2016-04-13,7.35933333333333,2016
2016-04-14,7.98179166666667,2016
2016-04-15,8.932375,2016
2016-04-16,9.22395833333333,2016
2016-04-17,10.226375,2016
2016-04-18,10.9557083333333,2016
2016-04-19,11.59375,2016
2016-04-20,12.3801666666667,2016
2016-04-21,12.1275416666667,2016
2016-04-22,11.6249583333333,2016
2016-04-23,11.2135416666667,2016
2016-04-24,10.0729166666667,2016
2016-04-25,11.0103333333333,2016
2016-04-26,11.3565833333333,2016
2016-04-27,12.1432083333333,2016
2016-04-28,12.4115416666667,2016
2016-04-29,12.7942916666667,2016
2016-04-30,12.9426666666667,2016
2016-05-01,12.997375,2016
2016-05-02,13.5469166666667,2016
2016-05-03,13.7994166666667,2016
2016-05-04,13.1276666666667,2016
2016-05-05,13.6015416666667,2016
2016-05-06,14.2890833333333,2016
2016-05-07,14.9140833333333,2016
2016-05-08,15.5469166666667,2016
2016-05-09,14.221375,2016
2016-05-10,13.6587916666667,2016
2016-05-11,15.005125,2016
2016-05-12,14.8280416666667,2016
2016-05-13,13.8698333333333,2016
2016-05-14,14.591125,2016
2016-05-15,14.0989166666667,2016
2016-05-16,12.3827916666667,2016
2016-05-17,13.0546666666667,2016
2016-05-18,13.8149583333333,2016
2016-05-19,14.520875,2016
2016-05-20,14.6614166666667,2016
2016-05-21,15.1770833333333,2016
2016-05-22,15.36975,2016
2016-05-23,15.5546666666667,2016
2016-05-24,15.4557083333333,2016
2016-05-25,15.8072083333333,2016
2016-05-26,15.585875,2016
2016-05-27,14.3802083333333,2016
2016-05-28,13.8020416666667,2016
2016-05-29,14.88025,2016
2016-05-30,15.578125,2016
2016-05-31,16.2994583333333,2016
2016-06-01,16.49225,2016
2016-06-02,16.2474166666667,2016
2016-06-03,16.0807916666667,2016
2016-06-04,16.9349166666667,2016
2016-06-05,18.50775,2016
2016-06-06,19.9401666666667,2016
2016-06-07,19.5025416666667,2016
2016-06-08,18.599,2016
2016-06-09,18.4165,2016
2016-06-10,18.2865,2016
2016-06-11,17.7890833333333,2016
2016-06-12,17.7109166666667,2016
2016-06-13,17.5703333333333,2016
2016-06-14,17.195375,2016
2016-06-15,17.2760833333333,2016
2016-06-16,17.1952916666667,2016
2016-06-17,17.4035416666667,2016
2016-06-18,17.158875,2016
2016-06-19,16.8254166666667,2016
2016-06-20,17.401,2016
2016-06-21,17.5415833333333,2016
2016-06-22,17.0442083333333,2016
2016-06-23,16.677125,2016
2016-06-24,15.953,2016
2016-06-25,17.0077083333333,2016
2016-06-26,17.84625,2016
2016-06-27,18.7865,2016
2016-06-28,19.29175,2016
2016-06-29,19.1092916666667,2016
2016-06-30,18.513125,2016
2016-07-01,18.2863333333333,2016
2016-07-02,18.3150833333333,2016
2016-07-03,18.5390416666667,2016
2016-07-04,18.6119583333333,2016
2016-07-05,18.401,2016
2016-07-06,18.69525,2016
2016-07-07,18.2473333333333,2016
2016-07-08,17.507875,2016
2016-07-09,16.28125,2016
2016-07-10,16.914,2016
2016-07-11,17.4219583333333,2016
2016-07-12,17.8020833333333,2016
2016-07-13,18.229125,2016
2016-07-14,18.4974583333333,2016
2016-07-15,18.984375,2016
2016-07-16,18.7890833333333,2016
2016-07-17,19.0650833333333,2016
2016-07-18,19.24475,2016
2016-07-19,18.7344166666667,2016
2016-07-20,19.21875,2016
2016-07-21,19.880125,2016
2016-07-22,19.6431666666667,2016
2016-07-23,20.013,2016
2016-07-24,20.5365416666667,2016
2016-07-25,21.2552916666667,2016
2016-07-26,21.3098333333333,2016
2016-07-27,21.2475,2016
2016-07-28,21.416625,2016
2016-07-29,21.6587916666667,2016
2016-07-30,21.2343333333333,2016
2016-07-31,20.4089166666667,2016
2016-08-01,19.9711666666667,2016
2016-08-02,19.1067916666667,2016
2016-08-03,19.63025,2016
2016-08-04,20.151,2016
2016-08-05,19.5989166666667,2016
2016-08-06,18.9582916666667,2016
2016-08-07,18.8906666666667,2016
2016-08-08,18.85675,2016
2016-08-09,19.216,2016
2016-08-10,19.716125,2016
2016-08-11,20.2447083333333,2016
2016-08-12,20.7525833333333,2016
2016-08-13,21.5313333333333,2016
2016-08-14,21.8071666666667,2016
2016-08-15,21.8203333333333,2016
2016-08-16,21.5599166666667,2016
2016-08-17,21.229125,2016
2016-08-18,21.3907916666667,2016
2016-08-19,22.072875,2016
2016-08-20,22.4297083333333,2016
2016-08-21,21.8202916666667,2016
2016-08-22,20.692625,2016
2016-08-23,20.148375,2016
2016-08-24,20.5155416666667,2016
2016-08-25,20.9843333333333,2016
2016-08-26,21.565,2016
2016-08-27,21.565,2016
2016-08-28,20.442625,2016
2016-08-29,19.84125,2016
2016-08-30,19.947875,2016
2016-08-31,19.89325,2016
2016-09-01,19.091125,2016
2016-09-02,19.01825,2016
2016-09-03,19.2760416666667,2016
2016-09-04,19.3203333333333,2016
2016-09-05,18.9193333333333,2016
2016-09-06,18.895875,2016
2016-09-07,18.75,2016
2016-09-08,18.7449166666667,2016
2016-09-09,18.7474166666667,2016
2016-09-10,19.1770833333333,2016
2016-09-11,18.7864583333333,2016
2016-09-12,18.4089583333333,2016
2016-09-13,18.6171666666667,2016
2016-09-14,18.80475,2016
2016-09-15,19.0208333333333,2016
2016-09-16,18.9321666666667,2016
2016-09-17,18.7187916666667,2016
2016-09-18,18.4479166666667,2016
2016-09-19,18.2525833333333,2016
2016-09-20,18.1875833333333,2016
2016-09-21,17.9999583333333,2016
2016-09-22,17.7942916666667,2016
2016-09-23,17.6405833333333,2016
2016-09-24,17.4530833333333,2016
2016-09-25,17.46875,2016
2016-09-26,17.58075,2016
2016-09-27,17.4087916666667,2016
2016-09-28,16.7839583333333,2016
2016-09-29,16.317625,2016
2016-09-30,16.1302083333333,2016
2016-10-01,15.88025,2016
2016-10-02,15.890625,2016
2016-10-03,15.8177083333333,2016
2016-10-04,15.6015833333333,2016
2016-10-05,15.3803333333333,2016
2016-10-06,15.3409583333333,2016
2016-10-07,14.4635833333333,2016
2016-10-08,14.666625,2016
2016-10-09,14.65375,2016
2016-10-10,14.4972083333333,2016
2016-10-11,14.1953333333333,2016
2016-10-12,14.187625,2016
2016-10-13,13.9921666666667,2016
2016-10-14,13.0678333333333,2016
2016-10-15,12.8307916666667,2016
2016-10-16,12.7368333333333,2016
2016-10-17,12.8697083333333,2016
2016-10-18,13.1900833333333,2016
2016-10-19,13.0441666666667,2016
2016-10-20,12.625,2016
2016-10-21,12.3645416666667,2016
2016-10-22,12.2629583333333,2016
2016-10-23,12.4425833333333,2016
2016-10-24,12.4974166666667,2016
2016-10-25,11.179625,2016
2016-10-26,9.45575,2016
2016-10-27,10.198,2016
2016-10-28,10.3880833333333,2016
2016-10-29,10.61975,2016
2016-10-30,10.6459166666667,2016
2016-10-31,10.68225,2016
2016-11-01,10.6694583333333,2016
2016-11-02,10.3374666666667,2016
2016-11-28,NA,2016
2016-11-30,8.04683333333333,2016
2016-12-01,7.85670833333333,2016
2016-12-02,7.91395833333333,2016
2016-12-03,7.72133333333333,2016
2016-12-04,7.49495833333333,2016
2016-12-05,7.26295833333333,2016
2016-12-06,7.044125,2016
2016-12-07,6.58841666666667,2016
2016-12-08,6.15108333333333,2016
2016-12-09,6.070375,2016
2016-12-10,5.6145,2016
2016-12-11,5.71879166666667,2016
2016-12-12,5.81241666666667,2016
2016-12-13,5.45308333333333,2016
2016-12-14,4.82808333333333,2016
2016-12-15,4.63533333333333,2016
2016-12-16,4.46358333333333,2016
2016-12-17,4.24491666666667,2016
2016-12-18,4.461,2016
2016-12-19,4.43225,2016
2016-12-20,4.53916666666667,2016
2016-12-21,4.58083333333333,2016
2016-12-22,4.76833333333333,2016
2016-12-23,4.69775,2016
2016-12-24,4.52875,2016
2016-12-25,4.29941666666667,2016
2016-12-26,4.1745,2016
2016-12-27,4.19541666666667,2016
2016-12-28,4.010375,2016
2016-12-29,4.25791666666667,2016
2016-12-30,4.138,2016
2016-12-31,3.708375,2016
2017-01-01,3.50004166666667,2017
2017-01-02,2.75520833333333,2017
2017-01-03,2.229125,2017
2017-01-04,2.06254166666667,2017
2017-01-05,2.22654166666667,2017
2017-01-06,3.044125,2017
2017-01-07,3.21604166666667,2017
2017-01-08,3.39054166666667,2017
2017-01-09,3.52870833333333,2017
2017-01-10,3.46870833333333,2017
2017-01-11,2.63279166666667,2017
2017-01-12,2.143375,2017
2017-01-13,2.34375,2017
2017-01-14,2.74733333333333,2017
2017-01-15,2.96354166666667,2017
2017-01-16,3.37491666666667,2017
2017-01-17,3.30220833333333,2017
2017-01-18,3.25516666666667,2017
2017-01-19,3.80991666666667,2017
2017-01-20,4.07570833333333,2017
2017-01-21,4.30758333333333,2017
2017-01-22,4.3515,2017
2017-01-23,4.31520833333333,2017
2017-01-24,4.25,2017
2017-01-25,4.31775,2017
2017-01-26,4.380125,2017
2017-01-27,4.45316666666667,2017
2017-01-28,4.409,2017
2017-01-29,4.567875,2017
2017-01-30,4.3775,2017
2017-01-31,3.942625,2017
2017-02-01,3.66670833333333,2017
2017-02-02,3.59370833333333,2017
2017-02-03,3.67183333333333,2017
2017-02-04,3.53904166666667,2017
2017-02-05,3.49495833333333,2017
2017-02-06,3.55729166666667,2017
2017-02-07,3.55195833333333,2017
2017-02-08,3.41133333333333,2017
2017-02-09,2.97916666666667,2017
2017-02-10,3.29695833333333,2017
2017-02-11,3.35658333333333,2017
2017-02-12,3.7395,2017
2017-02-13,3.81770833333333,2017
2017-02-14,3.851625,2017
2017-02-15,3.596375,2017
2017-02-16,2.039,2017
2017-02-17,NA,2017
2017-02-18,NA,2017
2017-02-19,NA,2017
2017-02-20,NA,2017
2017-02-21,NA,2017
2017-02-23,NA,2017
2017-02-24,NA,2017
2017-02-25,NA,2017
2017-02-26,NA,2017
2017-02-27,NA,2017
2017-02-28,NA,2017
2017-03-01,NA,2017
2017-03-02,NA,2017
2017-03-03,NA,2017
2017-03-04,NA,2017
2017-03-05,NA,2017
2017-03-06,NA,2017
2017-03-07,NA,2017
2017-03-08,NA,2017
2017-03-09,NA,2017
2017-03-10,NA,2017
2017-03-11,NA,2017
2017-03-12,NA,2017
2017-03-13,NA,2017
2017-03-14,NA,2017
2017-03-15,NA,2017
2017-03-16,NA,2017
2017-03-17,NA,2017
2017-03-18,NA,2017
2017-03-19,NA,2017
2017-03-20,NA,2017
2017-03-21,NA,2017
2017-03-22,NA,2017
2017-03-23,NA,2017
2017-03-24,NA,2017
2017-03-25,NA,2017
2017-03-26,NA,2017
2017-03-27,NA,2017
2017-03-28,NA,2017
2017-03-29,NA,2017
2017-03-30,3.50813043478261,2017
2017-03-31,5.55204166666667,2017
2017-04-01,5.94,2017
2017-04-02,5.937625,2017
2017-04-03,5.94545833333333,2017
2017-04-04,5.877625,2017
2017-04-05,6.05983333333333,2017
2017-04-06,6.39320833333333,2017
2017-04-07,6.13291666666667,2017
2017-04-08,6.26304166666667,2017
2017-04-09,6.12241666666667,2017
2017-04-10,6.00779166666667,2017
2017-04-11,6.52075,2017
2017-04-12,6.65620833333333,2017
2017-04-13,6.92970833333333,2017
2017-04-14,6.961,2017
2017-04-15,6.75783333333333,2017
2017-04-16,7.11991666666667,2017
2017-04-17,7.63275,2017
2017-04-18,7.80208333333333,2017
2017-04-19,7.67966666666667,2017
2017-04-20,7.57545833333333,2017
2017-04-21,8.091125,2017
2017-04-22,8.26291666666667,2017
2017-04-23,8.04433333333333,2017
2017-04-24,8.00275,2017
2017-04-25,8.26820833333333,2017
2017-04-26,8.11725,2017
2017-04-27,8.6225,2017
2017-04-28,8.87766666666667,2017
2017-04-29,8.79691666666667,2017
2017-04-30,8.612,2017
2017-05-01,9.32291666666667,2017
2017-05-02,9.32820833333333,2017
2017-05-03,9.53375,2017
2017-05-04,10.1119583333333,2017
2017-05-05,10.390625,2017
2017-05-06,10.5000833333333,2017
2017-05-07,10.5209166666667,2017
2017-05-08,10.7759583333333,2017
2017-05-09,11.153625,2017
2017-05-10,10.9583333333333,2017
2017-05-11,10.697875,2017
2017-05-12,11.0260416666667,2017
2017-05-13,11.10425,2017
2017-05-14,11.4583333333333,2017
2017-05-15,10.9296666666667,2017
2017-05-16,9.84629166666667,2017
2017-05-17,10.84375,2017
2017-05-18,11.2916666666667,2017
2017-05-19,11.3489583333333,2017
2017-05-20,12.2084166666667,2017
2017-05-21,13.208375,2017
2017-05-22,14.229125,2017
2017-05-23,15.1015416666667,2017
2017-05-24,15.1614583333333,2017
2017-05-25,13.8046666666667,2017
2017-05-26,13.002625,2017
2017-05-27,15.546875,2017
2017-05-28,15.0937916666667,2017
2017-05-29,15.2604583333333,2017
2017-05-30,12.7447916666667,2017
2017-05-31,11.609375,2017
2017-06-01,13.0026666666667,2017
2017-06-02,12.7839166666667,2017
2017-06-03,13.586,2017
2017-06-04,14.8255833333333,2017
2017-06-05,15.4635,2017
2017-06-06,15.8437083333333,2017
2017-06-07,16.1406666666667,2017
2017-06-08,15.29425,2017
2017-06-09,14.260375,2017
2017-06-10,15.585875,2017
2017-06-11,15.7446666666667,2017
2017-06-12,16.3880416666667,2017
2017-06-13,15.5807083333333,2017
2017-06-14,15.4037083333333,2017
2017-06-15,14.6614583333333,2017
2017-06-16,11.947875,2017
2017-06-17,14.434875,2017
2017-06-18,13.99475,2017
2017-06-19,14.8227916666667,2017
2017-06-20,15.9532083333333,2017
2017-06-21,16.4922083333333,2017
2017-06-22,16.362,2017
2017-06-23,16.2135,2017
2017-06-24,16.966125,2017
2017-06-25,18.0105,2017
2017-06-26,19.013,2017
2017-06-27,16.7057916666667,2017
2017-06-28,17.0286666666667,2017
2017-06-29,17.377625,2017
2017-06-30,16.6067916666667,2017
2017-07-01,18.0547916666667,2017
2017-07-02,16.791625,2017
2017-07-03,17.9531666666667,2017
2017-07-04,18.6588333333333,2017
2017-07-05,18.9115416666667,2017
2017-07-06,19.7655833333333,2017
2017-07-07,19.562625,2017
2017-07-08,19.098875,2017
2017-07-09,20.3045833333333,2017
2017-07-10,20.1222916666667,2017
2017-07-11,19.32825,2017
2017-07-12,19.1483333333333,2017
2017-07-13,18.945375,2017
2017-07-14,19.5183333333333,2017
2017-07-15,19.354125,2017
2017-07-16,19.3697916666667,2017
2017-07-17,19.8151666666667,2017
2017-07-18,20.2318333333333,2017
2017-07-19,19.7838333333333,2017
2017-07-20,19.4244166666667,2017
2017-07-21,19.13025,2017
2017-07-22,19.395875,2017
2017-07-23,20.2370833333333,2017
2017-07-24,20.16925,2017
2017-07-25,20.5937916666667,2017
2017-07-26,20.5625416666667,2017
2017-07-27,20.1458333333333,2017
2017-07-28,20.1015416666667,2017
2017-07-29,20.1041666666667,2017
2017-07-30,20.8932083333333,2017
2017-07-31,21.0782083333333,2017
2017-08-01,21.4661666666667,2017
2017-08-02,21.9322916666667,2017
2017-08-03,22.3880416666667,2017
2017-08-04,22.7342083333333,2017
2017-08-05,22.1640833333333,2017
2017-08-06,21.5337916666667,2017
2017-08-07,21.1224166666667,2017
2017-08-08,21.1564166666667,2017
2017-08-09,21.3412083333333,2017
2017-08-10,21.583375,2017
2017-08-11,21.164,2017
2017-08-12,20.6017083333333,2017
2017-08-13,20.05475,2017
2017-08-14,19.7395833333333,2017
2017-08-15,20.1745,2017
2017-08-16,20.3776666666667,2017
2017-08-17,20.3385,2017
2017-08-18,20.3672083333333,2017
2017-08-19,20.6822916666667,2017
2017-08-20,20.9140416666667,2017
2017-08-21,20.95825,2017
2017-08-22,21.3775,2017
2017-08-23,21.0235416666667,2017
2017-08-24,20.2655,2017
2017-08-25,20.35675,2017
2017-08-26,20.487,2017
2017-08-27,21.033875,2017
2017-08-28,21.4088333333333,2017
2017-08-29,21.4141666666667,2017
2017-08-30,20.7917083333333,2017
2017-08-31,20.7030833333333,2017
2017-09-01,20.70575,2017
2017-09-02,21.1901666666667,2017
2017-09-03,21.6145416666667,2017
2017-09-04,22.06775,2017
2017-09-05,22.3489166666667,2017
2017-09-06,22.3385,2017
2017-09-07,21.5495,2017
2017-09-08,21.138125,2017
2017-09-09,20.0702083333333,2017
2017-09-10,19.5259166666667,2017
2017-09-11,19.9531666666667,2017
2017-09-12,20.3802083333333,2017
2017-09-13,19.6640833333333,2017
2017-09-14,19.25,2017
2017-09-15,19.075375,2017
2017-09-16,19.1717916666667,2017
2017-09-17,18.7290416666667,2017
2017-09-18,18.2057916666667,2017
2017-09-19,18.0937916666667,2017
2017-09-20,17.8698333333333,2017
2017-09-21,17.8515,2017
2017-09-22,17.6223333333333,2017
2017-09-23,18.0624583333333,2017
2017-09-24,18.1327916666667,2017
2017-09-25,18.1821666666667,2017
2017-09-26,18.3125416666667,2017
2017-09-27,18.1354583333333,2017
2017-09-28,18.0181666666667,2017
2017-09-29,18.070375,2017
2017-09-30,17.18225,2017
2017-10-01,16.921625,2017
2017-10-02,16.13025,2017
2017-10-03,15.7345416666667,2017
2017-10-04,15.5155833333333,2017
2017-10-05,15.4140416666667,2017
2017-10-06,15.2551666666667,2017
2017-10-07,15.25,2017
2017-10-08,15.125,2017
2017-10-09,14.9297083333333,2017
2017-10-10,14.76825,2017
2017-10-11,14.4842916666667,2017
2017-10-12,14.3775833333333,2017
2017-10-13,13.8698333333333,2017
2017-10-14,13.7552916666667,2017
2017-10-15,14.6380833333333,2017
2017-10-16,14.5469583333333,2017
2017-10-17,13.9740416666667,2017
2017-10-18,13.64325,2017
2017-10-19,13.4374583333333,2017
2017-10-20,13.7186666666667,2017
2017-10-21,13.6329583333333,2017
2017-10-22,13.237,2017
2017-10-23,13.2997083333333,2017
2017-10-24,13.4270833333333,2017
2017-10-25,13.4819166666667,2017
2017-10-26,13.08075,2017
2017-10-27,13.020875,2017
2017-10-28,12.9662083333333,2017
2017-10-29,12.9115416666667,2017
2017-10-30,12.55725,2017
2017-10-31,12.312375,2017
2017-11-01,12.2864166666667,2017
2017-11-02,11.7501666666667,2017
2017-11-03,10.9505416666667,2017
2017-11-04,10.414,2017
2017-11-05,10.1744166666667,2017
2017-11-06,9.52866666666667,2017
2017-11-07,9.49741666666667,2017
2017-11-08,9.54958333333333,2017
2017-11-09,9.63020833333333,2017
2017-11-10,9.737,2017
2017-11-11,9.687625,2017
2017-11-12,9.22379166666667,2017
2017-11-13,8.92445833333333,2017
2017-11-14,8.44008333333333,2017
2017-11-15,8.218625,2017
2017-11-16,8.42175,2017
2017-11-17,8.72383333333333,2017
2017-11-18,8.89833333333333,2017
2017-11-19,8.51816666666667,2017
2017-11-20,8.76566666666667,2017
2017-11-21,8.64866666666667,2017
2017-11-22,8.65620833333333,2017
2017-11-23,8.77345833333333,2017
2017-11-24,8.51566666666667,2017
2017-11-25,8.17979166666667,2017
2017-11-26,7.86983333333333,2017
2017-11-27,7.59895833333333,2017
2017-11-28,7.84904166666667,2017
2017-11-29,7.93495833333333,2017
2017-11-30,7.91679166666667,2017
2017-12-01,7.80979166666667,2017
2017-12-02,7.612,2017
2017-12-03,7.53625,2017
2017-12-04,7.45858333333333,2017
2017-12-05,7.400875,2017
2017-12-06,7.3175,2017
2017-12-07,7.16420833333333,2017
2017-12-08,6.97929166666667,2017
2017-12-09,6.85141666666667,2017
2017-12-10,6.79704166666667,2017
2017-12-11,6.62758333333333,2017
2017-12-12,6.65079166666667,2017
2017-12-13,6.67191666666667,2017
2017-12-14,6.52075,2017
2017-12-15,6.65341666666667,2017
2017-12-16,6.70325,2017
2017-12-17,6.71891666666667,2017
2017-12-18,6.679875,2017
2017-12-19,6.34625,2017
2017-12-20,5.755375,2017
2017-12-21,5.67466666666667,2017
2017-12-22,5.46866666666667,2017
2017-12-23,4.53904166666667,2017
2017-12-24,4.28908333333333,2017
2017-12-25,4.552125,2017
2017-12-26,4.84645833333333,2017
2017-12-27,4.96083333333333,2017
2017-12-28,4.93779166666667,2017
2017-12-29,4.82829166666667,2017
2017-12-30,4.80741666666667,2017
2017-12-31,4.75541666666667,2017
2018-01-01,4.758,2018
2018-01-02,4.69783333333333,2018
2018-01-03,4.78904166666667,2018
2018-01-04,4.75533333333333,2018
2018-01-05,4.94529166666667,2018
2018-01-06,5.09645833333333,2018
2018-01-07,5.091,2018
2018-01-08,5.15083333333333,2018
2018-01-09,5.205625,2018
2018-01-10,5.30733333333333,2018
2018-01-11,5.3175,2018
2018-01-12,5.32054166666667,2018
2018-01-13,5.47654166666667,2018
2018-01-14,5.4375,2018
2018-01-15,5.494875,2018
2018-01-16,5.674625,2018
2018-01-17,5.55979166666667,2018
2018-01-18,5.606625,2018
2018-01-19,5.50508333333333,2018
2018-01-20,5.361875,2018
2018-01-21,5.505125,2018
2018-01-22,5.25008333333333,2018
2018-01-23,5.093625,2018
2018-01-24,5.09383333333333,2018
2018-01-25,5.02079166666667,2018
2018-01-26,5.007875,2018
2018-01-27,5.0365,2018
2018-01-28,4.96358333333333,2018
2018-01-29,4.87245833333333,2018
2018-01-30,4.67725,2018
2018-01-31,4.659,2018
2018-02-01,4.73695833333333,2018
2018-02-02,4.952875,2018
2018-02-03,5.14308333333333,2018
2018-02-04,5.24770833333333,2018
2018-02-05,5.16395833333333,2018
2018-02-06,5.16941666666667,2018
2018-02-07,5.28916666666667,2018
2018-02-08,5.41920833333333,2018
2018-02-09,5.14054166666667,2018
2018-02-10,4.89579166666667,2018
2018-02-11,5.00795833333333,2018
2018-02-12,4.78895833333333,2018
2018-02-13,4.84645833333333,2018
2018-02-14,4.89308333333333,2018
2018-02-15,4.77866666666667,2018
2018-02-16,4.99229166666667,2018
2018-02-17,5.067625,2018
2018-02-18,4.466125,2018
2018-02-19,3.90104166666667,2018
2018-02-20,4.151125,2018
2018-02-21,3.789125,2018
2018-02-22,3.89858333333333,2018
2018-02-23,3.992125,2018
2018-02-24,4.30716666666667,2018
2018-02-25,4.41925,2018
2018-02-26,4.11716666666667,2018
2018-02-27,4.62766666666667,2018
2018-02-28,4.45816666666667,2018
2018-03-01,4.31508333333333,2018
2018-03-02,4.34116666666667,2018
2018-03-03,4.55991666666667,2018
2018-03-04,4.671875,2018
2018-03-05,4.580625,2018
2018-03-06,4.98170833333333,2018
2018-03-07,4.90879166666667,2018
2018-03-08,5.22654166666667,2018
2018-03-09,5.11458333333333,2018
2018-03-10,5.11191666666667,2018
2018-03-11,5.40354166666667,2018
2018-03-12,5.54429166666667,2018
2018-03-13,5.64575,2018
2018-03-14,5.947875,2018
2018-03-15,5.84891666666667,2018
2018-03-16,5.90625,2018
2018-03-17,6.3985,2018
2018-03-18,6.502625,2018
2018-03-19,6.65354166666667,2018
2018-03-20,6.77870833333333,2018
2018-03-21,6.78895833333333,2018
2018-03-22,6.72125,2018
2018-03-23,6.13279166666667,2018
2018-03-24,6.16933333333333,2018
2018-03-25,6.21358333333333,2018
2018-03-26,6.265625,2018
2018-03-27,6.75,2018
2018-03-28,7.08329166666667,2018
2018-03-29,7.36716666666667,2018
2018-03-30,7.86975,2018
2018-03-31,8.13275,2018
2018-04-01,8.190125,2018
2018-04-02,7.69795833333333,2018
2018-04-03,7.74741666666667,2018
2018-04-04,7.71358333333333,2018
2018-04-05,7.85154166666667,2018
2018-04-06,8.47920833333333,2018
2018-04-07,8.2735,2018
2018-04-08,7.875,2018
2018-04-09,8.12775,2018
2018-04-10,7.80720833333333,2018
2018-04-11,7.19541666666667,2018
2018-04-12,7.104125,2018
2018-04-13,7.03895833333333,2018
2018-04-14,7.125,2018
2018-04-15,7.33341666666667,2018
2018-04-16,7.635625,2018
2018-04-17,7.554625,2018
2018-04-18,7.84116666666667,2018
2018-04-19,8.08583333333333,2018
2018-04-20,8.26554166666667,2018
2018-04-21,8.32033333333333,2018
2018-04-22,8.52083333333333,2018
2018-04-23,9.093625,2018
2018-04-24,9.89058333333333,2018
2018-04-25,10.484375,2018
2018-04-26,11.0885416666667,2018
2018-04-27,11.41925,2018
2018-04-28,9.69795833333333,2018
2018-04-29,9.64066666666667,2018
2018-04-30,10.1353333333333,2018
2018-05-01,10.7319166666667,2018
2018-05-02,10.9222,2018
2018-05-03,11.309875,2018
2018-05-04,10.6015416666667,2018
2018-05-05,11.2109166666667,2018
2018-05-06,12.2629583333333,2018
2018-05-07,12.7709583333333,2018
2018-05-08,13.0469583333333,2018
2018-05-09,12.3618333333333,2018
2018-05-10,10.7449166666667,2018
2018-05-11,12.309875,2018
2018-05-12,13.9400833333333,2018
2018-05-13,14.708375,2018
2018-05-14,15.5885833333333,2018
2018-05-15,15.450625,2018
2018-05-16,13.422,2018
2018-05-17,12.7760416666667,2018
2018-05-18,12.9374583333333,2018
2018-05-19,13.0155833333333,2018
2018-05-20,13.265625,2018
2018-05-21,14.2447916666667,2018
2018-05-22,15.6770416666667,2018
2018-05-23,16.8931666666667,2018
2018-05-24,17.283875,2018
2018-05-25,16.2638888888889,2018
2018-05-27,17.4305555555556,2018
2018-05-28,17.1745416666667,2018
2018-05-29,17.138,2018
2018-05-30,16.6432916666667,2018
2018-05-31,16.0365,2018
2018-06-01,15.5990416666667,2018
2018-06-02,15.8516666666667,2018
2018-06-03,15.3958333333333,2018
2018-06-04,15.6094583333333,2018
2018-06-05,15.5755416666667,2018
2018-06-06,15.4269583333333,2018
2018-06-07,14.9453333333333,2018
2018-06-08,14.567625,2018
2018-06-09,14.4999166666667,2018
2018-06-10,14.9661666666667,2018
2018-06-11,15.2629583333333,2018
2018-06-12,15.034,2018
2018-06-13,15.4375,2018
2018-06-14,15.7030833333333,2018
2018-06-15,16.1406666666667,2018
2018-06-16,16.5651666666667,2018
2018-06-17,17.2292083333333,2018
2018-06-18,18.2291666666667,2018
2018-06-19,18.5077916666667,2018
2018-06-20,18.0182916666667,2018
2018-06-21,17.4010833333333,2018
2018-06-22,16.369875,2018
2018-06-23,16.7005,2018
2018-06-24,16.739625,2018
2018-06-25,16.3177083333333,2018
2018-06-26,17.2214166666667,2018
2018-06-27,17.6015833333333,2018
2018-06-28,17.114625,2018
2018-06-29,16.8750416666667,2018
2018-06-30,16.864625,2018
2018-07-01,17.2735,2018
2018-07-02,17.8333333333333,2018
2018-07-03,18.3880833333333,2018
2018-07-04,18.6094166666667,2018
2018-07-05,18.4636666666667,2018
2018-07-06,18.078125,2018
2018-07-07,18.40875,2018
2018-07-08,18,2018
2018-07-09,18.6640416666667,2018
2018-07-10,18.9269583333333,2018
2018-07-11,19.41925,2018
2018-07-12,20.062375,2018
2018-07-13,20.1379583333333,2018
2018-07-14,20.172,2018
2018-07-15,20.75275,2018
2018-07-16,21.4637083333333,2018
2018-07-17,21.7864583333333,2018
2018-07-18,21.369875,2018
2018-07-19,20.216125,2018
2018-07-20,19.8098333333333,2018
2018-07-21,19.9791666666667,2018
2018-07-22,21.0209166666667,2018
2018-07-23,21.862125,2018
2018-07-24,22.4010416666667,2018
2018-07-25,22.6432083333333,2018
2018-07-26,22.8125833333333,2018
2018-07-27,22.9974166666667,2018
2018-07-28,23.151,2018
2018-07-29,22.8514583333333,2018
2018-07-30,22.8878333333333,2018
2018-07-31,22.84375,2018
2018-08-01,21.572875,2018
2018-08-02,20.1640833333333,2018
2018-08-03,20.1875416666667,2018
2018-08-04,20.8671666666667,2018
2018-08-05,21.6770833333333,2018
2018-08-06,22.4114166666667,2018
2018-08-07,22.5625,2018
2018-08-08,22.8905,2018
2018-08-09,23.1588333333333,2018
2018-08-10,23.0598333333333,2018
2018-08-11,22.375,2018
2018-08-12,21.8332916666667,2018
2018-08-13,21.7499583333333,2018
2018-08-14,22.0780833333333,2018
2018-08-15,22.390375,2018
2018-08-16,22.3567916666667,2018
2018-08-17,21.8985416666667,2018
2018-08-18,21.3490416666667,2018
2018-08-19,21.2811666666667,2018
2018-08-20,21.0911666666667,2018
2018-08-21,21.1875,2018
2018-08-22,21.2110416666667,2018
2018-08-23,20.8152083333333,2018
2018-08-24,20.6405416666667,2018
2018-08-25,20.1197916666667,2018
2018-08-26,20.104125,2018
2018-08-27,20.0156666666667,2018
2018-08-28,20.1875833333333,2018
2018-08-29,20.1979166666667,2018
2018-08-30,19.7657083333333,2018
2018-08-31,19.1772083333333,2018
2018-09-01,19.2082916666667,2018
2018-09-02,19.3098333333333,2018
2018-09-03,19.46875,2018
2018-09-04,19.080625,2018
2018-09-05,19.1745,2018
2018-09-06,19.7291666666667,2018
2018-09-07,19.1901666666667,2018
2018-09-08,18.7109166666667,2018
2018-09-09,18.3385,2018
2018-09-10,17.7994583333333,2018
2018-09-11,17.4975,2018
2018-09-12,17.877625,2018
2018-09-13,18.1900416666667,2018
2018-09-14,17.875,2018
2018-09-15,17.596375,2018
2018-09-16,17.388,2018
2018-09-17,17.41925,2018
2018-09-18,17.4062083333333,2018
2018-09-19,17.0912083333333,2018
2018-09-20,16.9480833333333,2018
2018-09-21,16.4194166666667,2018
2018-09-22,16.1457916666667,2018
2018-09-23,16.1430833333333,2018
2018-09-24,16.4791666666667,2018
2018-09-25,16.2967916666667,2018
2018-09-26,16.6405833333333,2018
2018-09-27,16.9817083333333,2018
2018-09-28,17.2787083333333,2018
2018-09-29,17.221375,2018
2018-09-30,16.9272083333333,2018
2018-10-01,16.3384583333333,2018
2018-10-02,15.8853333333333,2018
2018-10-03,15.302,2018
2018-10-04,14.9869166666667,2018
2018-10-05,14.79975,2018
2018-10-06,14.6848333333333,2018
2018-10-07,14.7735416666667,2018
2018-10-08,14.8360416666667,2018
2018-10-09,14.9269583333333,2018
2018-10-10,14.7603333333333,2018
2018-10-11,14.6068333333333,2018
2018-10-12,14.4765416666667,2018
2018-10-13,13.9740416666667,2018
2018-10-14,13.711,2018
2018-10-15,13.695375,2018
2018-10-16,13.593625,2018
2018-10-17,13.5962083333333,2018
2018-10-18,13.6223333333333,2018
2018-10-19,13.5599583333333,2018
2018-10-20,13.73175,2018
2018-10-21,13.42175,2018
2018-10-22,13.2369166666667,2018
2018-10-23,13.04675,2018
2018-10-24,13.2681666666667,2018
2018-10-25,13.3828333333333,2018
2018-10-26,13.2576666666667,2018
2018-10-27,12.7917916666667,2018
2018-10-28,12.6900833333333,2018
2018-10-29,12.742,2018
2018-10-30,12.6927916666667,2018
2018-10-31,12.7656666666667,2018
2018-11-01,12.8647083333333,2018
2018-11-02,12.6976666666667,2018
2018-11-03,12.797,2018
2018-11-04,12.2629583333333,2018
2018-11-05,12.356875,2018
2018-11-06,12.44,2018
2018-11-07,12.0964166666667,2018
2018-11-08,11.8174583333333,2018
2018-11-09,11.711,2018
2018-11-10,11.5547083333333,2018
2018-11-11,11.40375,2018
2018-11-12,10.979125,2018
2018-11-13,10.8097916666667,2018
2018-11-14,10.6719583333333,2018
2018-11-15,10.79925,2018
2018-11-16,10.97925,2018
2018-11-17,10.5442916666667,2018
2018-11-18,10.2422083333333,2018
2018-11-19,9.98441666666667,2018
2018-11-20,9.882875,2018
2018-11-21,9.906125,2018
2018-11-22,9.783625,2018
2018-11-23,9.58854166666667,2018
2018-11-24,9.5625,2018
2018-11-25,9.58045833333333,2018
2018-11-26,9.06508333333333,2018
2018-11-27,9.45579166666667,2018
2018-11-28,9.67433333333333,2018
2018-11-29,9.73970833333333,2018
2018-11-30,9.72916666666667,2018
2018-12-01,9.458375,2018
2018-12-02,9.04429166666667,2018
2018-12-03,8.86995833333333,2018
2018-12-04,8.42970833333333,2018
2018-12-05,8.10170833333333,2018
2018-12-06,7.90629166666667,2018
2018-12-07,7.52333333333333,2018
2018-12-08,7.5545,2018
2018-12-09,7.38541666666667,2018
2018-12-10,7.25004166666667,2018
2018-12-11,7.05216666666667,2018
2018-12-12,6.98695833333333,2018
2018-12-13,6.92175,2018
2018-12-14,7.24479166666667,2018
2018-12-15,6.716125,2018
2018-12-16,6.85658333333333,2018
2018-12-17,6.861875,2018
2018-12-18,6.63541666666667,2018
2018-12-19,6.69808333333333,2018
2018-12-20,6.59645833333333,2018
2018-12-21,5.87495833333333,2018
2018-12-22,5.867375,2018
2018-12-23,5.91125,2018
2018-12-24,6.047125,2018
2018-12-25,6.13804166666667,2018
2018-12-26,6.13029166666667,2018
2018-12-27,6.13545833333333,2018
2018-12-28,6.122375,2018
2018-12-29,6.13541666666667,2018
2018-12-30,5.86975,2018
2018-12-31,5.72145833333333,2018
2019-01-01,5.80957142857143,2019
2019-01-02,5.83316666666667,2019
2019-01-03,5.58575,2019
2019-01-04,5.48966666666667,2019
2019-01-05,5.50775,2019
2019-01-06,5.58045833333333,2019
2019-01-07,5.497375,2019
2019-01-08,5.20054166666667,2019
2019-01-09,5.031125,2019
2019-01-10,4.849125,2019
2019-01-11,5.132875,2019
2019-01-12,5.223875,2019
2019-01-13,5.42975,2019
2019-01-14,5.372375,2019
2019-01-15,5.2915,2019
2019-01-16,5.27870833333333,2019
2019-01-17,5.40866666666667,2019
2019-01-18,5.4845,2019
2019-01-19,5.33320833333333,2019
2019-01-20,5.07541666666667,2019
2019-01-21,5.078,2019
2019-01-22,5.17195833333333,2019
2019-01-23,5.20308333333333,2019
2019-01-24,5.323,2019
2019-01-25,5.42954166666667,2019
2019-01-26,5.49225,2019
2019-01-27,5.51308333333333,2019
2019-01-28,5.4505,2019
2019-01-29,5.239625,2019
2019-01-30,5.200375,2019
2019-01-31,5.37754166666667,2019
2019-02-01,5.41416666666667,2019
2019-02-02,5.28904166666667,2019
2019-02-03,4.99479166666667,2019
2019-02-04,4.33591666666667,2019
2019-02-05,4.13541666666667,2019
2019-02-06,4.12233333333333,2019
2019-02-07,4.25008333333333,2019
2019-02-08,4.2995,2019
2019-02-09,3.84641666666667,2019
2019-02-10,3.31770833333333,2019
2019-02-11,3.28916666666667,2019
2019-02-12,3.284,2019
2019-02-13,3.62241666666667,2019
2019-02-14,3.26816666666667,2019
2019-02-15,3.640625,2019
2019-02-16,4.059875,2019
2019-02-17,3.91929166666667,2019
2019-02-18,4.04166666666667,2019
2019-02-19,4.33333333333333,2019
2019-02-20,4.30720833333333,2019
2019-02-21,3.87495833333333,2019
2019-02-22,4.27858333333333,2019
2019-02-23,4.20825,2019
2019-02-24,4.41670833333333,2019
2019-02-25,3.93741666666667,2019
2019-02-26,3.57291666666667,2019
2019-02-27,3.44779166666667,2019
2019-02-28,3.91154166666667,2019
2019-03-01,3.760375,2019
2019-03-02,3.84904166666667,2019
2019-03-03,4.265625,2019
2019-03-04,4.08845833333333,2019
2019-03-05,3.91675,2019
2019-03-06,3.937375,2019
2019-03-07,4.002625,2019
2019-03-08,3.99220833333333,2019
2019-03-09,4.1145,2019
2019-03-10,4.24745833333333,2019
2019-03-11,4.52079166666667,2019
2019-03-12,4.5235,2019
2019-03-13,4.66933333333333,2019
2019-03-14,4.9765,2019
2019-03-15,5.23420833333333,2019
2019-03-16,5.38283333333333,2019
2019-03-17,5.62233333333333,2019
2019-03-18,5.85679166666667,2019
2019-03-19,6.109375,2019
2019-03-20,6.35425,2019
2019-03-21,6.828125,2019
2019-03-22,7.41416666666667,2019
2019-03-23,7.59633333333333,2019
2019-03-24,7.554625,2019
2019-03-25,7.59366666666667,2019
2019-03-26,7.940125,2019
2019-03-27,7.88283333333333,2019
2019-03-28,8.56770833333333,2019
2019-03-29,8.83075,2019
2019-03-30,9.145875,2019
2019-03-31,9.64845833333333,2019
2019-04-01,9.97133333333333,2019
2019-04-02,10.0130416666667,2019
2019-04-03,10.40625,2019
2019-04-04,10.3646666666667,2019
2019-04-05,10.24225,2019
2019-04-06,8.71879166666667,2019
2019-04-07,7.66920833333333,2019
2019-04-08,7.47666666666667,2019
2019-04-09,8.03383333333333,2019
2019-04-10,8.42445833333333,2019
2019-04-11,8.73445833333333,2019
2019-04-12,9.18220833333333,2019
2019-04-13,9.49733333333333,2019
2019-04-14,9.20045833333333,2019
2019-04-15,9.71879166666667,2019
2019-04-16,9.44004166666667,2019
2019-04-17,10.0180833333333,2019
2019-04-18,9.85683333333333,2019
2019-04-19,9.901125,2019
2019-04-20,10.3489583333333,2019
2019-04-21,10.609375,2019
2019-04-22,10.3957916666667,2019
2019-04-23,10.3411666666667,2019
2019-04-24,10.546875,2019
2019-04-25,10.5807083333333,2019
2019-04-26,10.63275,2019
2019-04-27,10.1224166666667,2019
2019-04-28,11.0911666666667,2019
2019-04-29,11.140625,2019
2019-04-30,11.4219166666667,2019
2019-05-01,11.8203333333333,2019
2019-05-02,11.7838333333333,2019
2019-05-03,12.471375,2019
2019-05-04,12.6224166666667,2019
2019-05-05,12.6615,2019
2019-05-06,12.4582916666667,2019
2019-05-07,13.322875,2019
2019-05-08,13.9244166666667,2019
2019-05-09,14.1614583333333,2019
2019-05-10,15.39575,2019
2019-05-11,15.8959166666667,2019
2019-05-12,15.4635416666667,2019
2019-05-13,14.3827916666667,2019
2019-05-14,12.6588333333333,2019
2019-05-15,13.1328333333333,2019
2019-05-16,14.236875,2019
2019-05-17,14.9297083333333,2019
2019-05-18,15.3464166666667,2019
2019-05-19,15.6301666666667,2019
2019-05-20,15.7839583333333,2019
2019-05-21,16.2500833333333,2019
2019-05-22,15.7791333333333,2019
2019-05-31,NA,2019
2019-06-01,NA,2019
2019-06-02,NA,2019
2019-06-03,NA,2019
2019-06-04,NA,2019
2019-06-05,NA,2019
2019-06-06,NA,2019
2019-06-07,NA,2019
2019-06-08,NA,2019
2019-06-09,NA,2019
2019-06-10,NA,2019
2019-06-11,NA,2019
2019-06-12,NA,2019
2019-06-13,NA,2019
2019-06-14,NA,2019
2019-06-15,19.5182291666667,2019
2019-06-16,19.6877083333333,2019
2019-06-17,19.1171875,2019
2019-06-18,18.9895833333333,2019
2019-06-19,18.7761458333333,2019
2019-06-20,18.671875,2019
2019-06-21,19.0546875,2019
2019-06-22,18.9947916666667,2019
2019-06-23,18.2005208333333,2019
2019-06-24,17.6276041666667,2019
2019-06-25,17.9348958333333,2019
2019-06-26,18.5625,2019
2019-06-27,18.1145833333333,2019
2019-06-28,17.8463541666667,2019
2019-06-29,18.1302083333333,2019
2019-06-30,18.9140625,2019
2019-07-01,19.8697916666667,2019
2019-07-02,19.4921875,2019
2019-07-03,19.6121875,2019
2019-07-04,19.3828125,2019
2019-07-05,18.8151041666667,2019
2019-07-06,18.3177083333333,2019
2019-07-07,18.1197916666667,2019
2019-07-08,18.4192708333333,2019
2019-07-09,18.90625,2019
2019-07-10,18.671875,2019
2019-07-11,18.4926041666667,2019
2019-07-12,19.1197916666667,2019
2019-07-13,19.5130208333333,2019
2019-07-14,20.1328125,2019
2019-07-15,20.3046875,2019
2019-07-16,20.6145833333333,2019
2019-07-17,20.2161458333333,2019
2019-07-18,19.3958333333333,2019
2019-07-19,19.7486458333333,2019
2019-07-20,20.0891666666667,2019
2019-07-21,20.6120833333333,2019
2019-07-22,20.8139,2019
2019-07-23,20.7838541666667,2019
2019-07-24,20.3125,2019
2019-07-25,20.6171875,2019
2019-07-26,20.6067708333333,2019
2019-07-27,20.9114583333333,2019
2019-07-28,20.9244791666667,2019
2019-07-29,21.1901041666667,2019
2019-07-30,20.6692708333333,2019
2019-07-31,20.5651041666667,2019
2019-08-01,20.1510416666667,2019
2019-08-02,20.0208333333333,2019
2019-08-03,20.4036458333333,2019
2019-08-04,20.9609375,2019
2019-08-05,21.5052083333333,2019
2019-08-06,21.9166666666667,2019
2019-08-07,21.7239583333333,2019
2019-08-08,21.3362,2019
2019-08-09,20.405,2019
2019-08-10,20.2145833333333,2019
2019-08-11,20.2179166666667,2019
2019-08-12,20.2735,2019
2019-08-13,20.4010416666667,2019
2019-08-14,20.8333333333333,2019
2019-08-15,21.296875,2019
2019-08-16,21.140625,2019
2019-08-17,20.9895833333333,2019
2019-08-18,20.7421875,2019
2019-08-19,20.578125,2019
2019-08-20,20.3151041666667,2019
2019-08-21,20.7005208333333,2019
2019-08-22,20.67,2019
2019-08-23,20.2011458333333,2019
2019-08-24,20.0833333333333,2019
2019-08-25,20.4401041666667,2019
2019-08-26,20.2057291666667,2019
2019-08-27,20.5494791666667,2019
2019-08-28,21.15625,2019
2019-08-29,21.28125,2019
2019-08-30,20.8828125,2019
2019-08-31,20.484375,2019
2019-09-01,20.4010416666667,2019
2019-09-02,20.6796875,2019
2019-09-03,20.7109375,2019
2019-09-04,20.8619791666667,2019
2019-09-05,20.6588541666667,2019
2019-09-06,20.6145833333333,2019
2019-09-07,20.3203125,2019
2019-09-08,20.3958333333333,2019
2019-09-09,20.4114583333333,2019
2019-09-10,20.2161458333333,2019
2019-09-11,20.109375,2019
2019-09-12,19.8307291666667,2019
2019-09-13,19.6302083333333,2019
2019-09-14,19.34125,2019
2019-09-15,19.0546875,2019
2019-09-16,18.921875,2019
2019-09-17,18.6979166666667,2019
2019-09-18,18.4583333333333,2019
2019-09-19,18.4895833333333,2019
2019-09-20,18.734375,2019
2019-09-21,18.5989583333333,2019
2019-09-22,18.3255208333333,2019
2019-09-23,17.875,2019
2019-09-24,17.8619791666667,2019
2019-09-25,17.6796875,2019
2019-09-26,17.7473958333333,2019
2019-09-27,17.1692708333333,2019
2019-09-28,16.8645833333333,2019
2019-09-29,16.4140625,2019
2019-09-30,15.9489583333333,2019
2019-10-01,15.8177083333333,2019
2019-10-02,15.8098958333333,2019
2019-10-03,15.575,2019
2019-10-04,15.62,2019
2019-10-05,15.6275,2019
2019-10-06,15.328125,2019
2019-10-07,15.4869791666667,2019
2019-10-08,14.875,2019
2019-10-09,14.11,2019
2019-10-10,13.828125,2019
2019-10-11,13.75,2019
2019-10-12,14.2161458333333,2019
2019-10-13,14.3151041666667,2019
2019-10-14,14.1875,2019
2019-10-15,14.0130208333333,2019
2019-10-16,13.6666666666667,2019
2019-10-17,13.0765625,2019
2019-10-18,12.8463541666667,2019
2019-10-19,12.8723958333333,2019
2019-10-20,12.8203125,2019
2019-10-21,12.8046875,2019
2019-10-22,12.7083333333333,2019
2019-10-23,12.8046875,2019
2019-10-24,12.984375,2019
2019-10-25,13.09375,2019
2019-11-05,11.1319444444444,2019
2019-11-06,10.921875,2019
2019-11-07,10.6067708333333,2019
2019-11-08,10.4479166666667,2019
2019-11-09,10.7838541666667,2019
2019-11-10,10.78125,2019
2019-11-11,10.4765625,2019
2019-11-12,10.5885416666667,2019
2019-11-13,10.6067708333333,2019
2019-11-14,10.2734375,2019
2019-11-15,10.2395833333333,2019
2019-11-16,10.1666666666667,2019
2019-11-17,10.1640625,2019
2019-11-18,10.4322916666667,2019
2019-11-19,10.390625,2019
2019-11-20,9.78645833333333,2019
2019-11-21,9.56510416666667,2019
2019-11-22,9.41927083333333,2019
2019-11-23,9.48177083333333,2019
2019-11-24,9.3125,2019
2019-11-25,9.140625,2019
2019-11-26,8.78125,2019
2019-11-27,8.27604166666667,2019
2019-11-28,7.7578125,2019
2019-11-29,7.23697916666667,2019
2019-11-30,6.90104166666667,2019
2019-12-01,6.84895833333333,2019
2019-12-02,7.16145833333333,2019
2019-12-03,7.28125,2019
2019-12-04,7.37239583333333,2019
2019-12-05,6.92708333333333,2019
2019-12-06,7.078125,2019
2019-12-07,7.18489583333333,2019
2019-12-08,7.30208333333333,2019
2019-12-09,7.29427083333333,2019
2019-12-10,7.36197916666667,2019
2019-12-11,7.40364583333333,2019
2019-12-12,6.94010416666667,2019
2019-12-13,6.90625,2019
2019-12-14,6.90885416666667,2019
2019-12-15,6.79427083333333,2019
2019-12-16,6.7421875,2019
2019-12-17,6.78125,2019
2019-12-18,6.56770833333333,2019
2019-12-19,6.27864583333333,2019
2019-12-20,6.27445652173913,2019
2019-12-21,6.54347826086957,2019
2019-12-22,6.55434782608696,2019
2019-12-23,6.43181818181818,2019
2019-12-24,6.42119565217391,2019
2019-12-25,6.39130434782609,2019
2019-12-26,6.359375,2019
2019-12-27,6.20380434782609,2019
2019-12-28,6.27864583333333,2019
2019-12-29,6.32880434782609,2019
2019-12-30,6.35416666666667,2019
2019-12-31,6.41145833333333,2019
2020-01-01,6.36197916666667,2020
2020-01-02,5.921875,2020
2020-01-03,5.8671875,2020
2020-01-04,5.82291666666667,2020
2020-01-05,5.80208333333333,2020
2020-01-06,5.76822916666667,2020
2020-01-07,5.74739583333333,2020
2020-01-08,5.72395833333333,2020
2020-01-09,5.65885416666667,2020
2020-01-10,5.3984375,2020
2020-01-11,5.40104166666667,2020
2020-01-12,5.2734375,2020
2020-01-13,4.89322916666667,2020
2020-01-14,4.71875,2020
2020-01-15,4.4609375,2020
2020-01-16,4.32552083333333,2020
2020-01-17,4.13541666666667,2020
2020-01-18,3.58854166666667,2020
2020-01-19,3.60416666666667,2020
2020-01-20,3.76302083333333,2020
2020-01-21,4.02864583333333,2020
2020-01-22,4.08333333333333,2020
2020-01-23,4.21354166666667,2020
2020-01-24,4.2890625,2020
2020-01-25,4.10054347826087,2020
2020-01-26,4.2554347826087,2020
2020-01-27,4.17708333333333,2020
2020-01-28,4.22135416666667,2020
2020-01-29,4.4296875,2020
2020-01-30,4.31510416666667,2020
2020-01-31,4.46590909090909,2020
2020-02-01,4.34635416666667,2020
2020-02-02,3.90364583333333,2020
2020-02-03,3.97554347826087,2020
2020-02-04,4.08695652173913,2020
2020-02-05,4.23913043478261,2020
2020-02-06,4.35326086956522,2020
2020-02-07,4.38858695652174,2020
2020-02-08,4.29619565217391,2020
2020-02-09,4.16847826086957,2020
2020-02-10,4.25,2020
2020-02-11,4.40104166666667,2020
2020-02-12,4.484375,2020
2020-02-13,4.60416666666667,2020
2020-02-14,4.47826086956522,2020
2020-02-15,4.63586956521739,2020
2020-02-16,4.66576086956522,2020
2020-02-17,4.35326086956522,2020
2020-02-18,4.26041666666667,2020
2020-02-19,4.11413043478261,2020
2020-02-20,4.13315217391304,2020
2020-02-21,4.1820652173913,2020
2020-02-22,4.53645833333333,2020
2020-02-23,4.44836956521739,2020
2020-02-24,4.38541666666667,2020
2020-02-25,4.5546875,2020
2020-02-26,4.67447916666667,2020
2020-02-27,4.875,2020
2020-02-28,4.86413043478261,2020
2020-02-29,4.81770833333333,2020
2020-03-01,4.51902173913043,2020
2020-03-02,4.71614583333333,2020
2020-03-03,4.86141304347826,2020
2020-03-04,4.74479166666667,2020
2020-03-05,4.8046875,2020
2020-03-06,4.59782608695652,2020
2020-03-07,4.63095238095238,2020
2020-03-08,4.79347826086957,2020
2020-03-09,4.6484375,2020
2020-03-10,5.04076086956522,2020
2020-03-11,5.08695652173913,2020
2020-03-12,4.98369565217391,2020
2020-03-13,5.24728260869565,2020
2020-03-14,4.71875,2020
2020-03-15,4.62239583333333,2020
2020-03-16,4.78645833333333,2020
2020-03-17,5.10416666666667,2020
2020-03-18,5.36413043478261,2020
2020-03-19,5.8125,2020
2020-03-20,6.16927083333333,2020
2020-03-21,6.40885416666667,2020
2020-03-22,6.56510416666667,2020
2020-03-23,6.32670454545455,2020
2020-03-24,5.97010869565217,2020
2020-03-25,5.73913043478261,2020
2020-03-26,5.921875,2020
2020-03-27,6.60597826086957,2020
2020-03-28,6.96195652173913,2020
2020-03-29,7.0703125,2020
2020-03-30,6.9375,2020
2020-03-31,6.36197916666667,2020
2020-04-01,6.04427083333333,2020
2020-04-02,6.26630434782609,2020
2020-04-03,6.375,2020
2020-04-04,6.609375,2020
2020-04-05,6.8125,2020
2020-04-06,7.15340909090909,2020
2020-04-07,7.4375,2020
2020-04-08,7.3984375,2020
2020-04-09,7.94836956521739,2020
2020-04-10,8.85416666666667,2020
2020-04-11,9.23697916666667,2020
2020-04-12,8.75,2020
2020-04-13,9.24728260869565,2020
2020-04-14,9.421875,2020
2020-04-15,10.1067708333333,2020
2020-04-16,10.5255681818182,2020
2020-04-17,10.9510869565217,2020
2020-04-18,11.4947916666667,2020
2020-04-19,11.3515625,2020
2020-04-20,11.1413043478261,2020
2020-04-21,10.8723958333333,2020
2020-04-22,11.0963541666667,2020
2020-04-23,11.5885416666667,2020
2020-04-24,11.4972826086957,2020
2020-04-25,11.7556818181818,2020
2020-04-26,11.2760416666667,2020
2020-04-27,11.1145833333333,2020
2020-04-28,11.0182291666667,2020
2020-04-29,11.2447916666667,2020
2020-04-30,11.3636363636364,2020
2020-05-01,11.296875,2020
2020-05-02,10.7907608695652,2020
2020-05-03,10.6666666666667,2020
2020-05-04,11.1223958333333,2020
2020-05-05,11.0489130434783,2020
2020-05-06,10.8541666666667,2020
2020-05-07,11.5823863636364,2020
2020-05-08,12.4869791666667,2020
2020-05-09,11.953125,2020
2020-05-10,11.2994791666667,2020
2020-05-11,11.0880681818182,2020
2020-05-12,11.2395833333333,2020
2020-05-13,11.25,2020
2020-05-14,10.7005208333333,2020
2020-05-15,12.4322916666667,2020
2020-05-16,13.1302083333333,2020
2020-05-17,13.3423913043478,2020
2020-05-18,13.9635416666667,2020
2020-05-19,14.2159090909091,2020
2020-05-20,13.5896739130435,2020
2020-05-21,13.9895833333333,2020
2020-05-22,14.1354166666667,2020
2020-05-23,12.8179347826087,2020
2020-05-24,12.7119565217391,2020
2020-05-25,13.5815217391304,2020
2020-05-26,13.4348958333333,2020
2020-05-27,13.7102272727273,2020
2020-05-28,15.2239583333333,2020
2020-05-29,15.2994791666667,2020
2020-05-30,14.4809782608696,2020
2020-05-31,13.2838541666667,2020
2020-06-01,13.5755208333333,2020
2020-06-02,14.6692708333333,2020
2020-06-03,15.2890625,2020
2020-06-04,15.2421875,2020
2020-06-05,15.40625,2020
2020-06-06,15.2708333333333,2020
2020-06-07,15.625,2020
2020-06-08,15.5880681818182,2020
2020-06-09,15.4765625,2020
2020-06-10,15.1770833333333,2020
2020-06-11,14.9348958333333,2020
2020-06-12,15.6640625,2020
2020-06-13,15.9076086956522,2020
2020-06-14,15.7682291666667,2020
2020-06-15,15.8070652173913,2020
2020-06-16,15.8411458333333,2020
2020-06-17,16.34375,2020
2020-06-18,16.5807291666667,2020
2020-06-19,16.7864583333333,2020
2020-06-20,16.616847826087,2020
2020-06-21,16.3541666666667,2020
2020-06-22,15.90625,2020
2020-06-23,17.1279761904762,2020
2020-06-24,17.8381818181818,2020
2020-06-25,17.6820652173913,2020
2020-06-26,17.0677083333333,2020
2020-06-27,15.7853260869565,2020
2020-06-28,16.5572916666667,2020
2020-06-29,18.1223958333333,2020
2020-06-30,17.5788043478261,2020
2020-07-01,15.5390625,2020
2020-07-02,16.0815217391304,2020
2020-07-03,16.0989583333333,2020
2020-07-04,16.5729166666667,2020
2020-07-05,16.9296875,2020
2020-07-06,17.3697916666667,2020
2020-07-07,17.0703125,2020
2020-07-08,17.0885416666667,2020
2020-07-09,17.5338541666667,2020
2020-07-10,17.8385416666667,2020
2020-07-11,17.625,2020
2020-07-12,17.320652173913,2020
2020-07-13,18.0896739130435,2020
2020-07-14,18.703125,2020
2020-07-15,19.388125,2020
2020-07-16,19.3315217391304,2020
2020-07-17,19.5298913043478,2020
2020-07-18,19.8409090909091,2020
2020-07-19,20.1847916666667,2020
2020-07-20,20.570652173913,2020
2020-07-21,21.0078125,2020
2020-07-22,20.65625,2020
2020-07-23,19.915625,2020
2020-07-24,19.453125,2020
2020-07-25,19.4320652173913,2020
2020-07-26,20.3571428571429,2020
2020-07-27,21.3151041666667,2020
2020-07-28,21.2526041666667,2020
2020-07-29,20.875,2020
2020-07-30,21.1796875,2020
2020-07-31,21.0677083333333,2020
2020-08-01,20.9429347826087,2020
2020-08-02,20.4266304347826,2020
2020-08-03,20.6588541666667,2020
2020-08-04,21.0442708333333,2020
2020-08-05,21.4010416666667,2020
2020-08-06,20.9346590909091,2020
2020-08-07,19.6983695652174,2020
2020-08-08,20.140625,2020
2020-08-09,20.4114583333333,2020
2020-08-10,20.7738095238095,2020
2020-08-11,20.6171875,2020
2020-08-12,19.5885416666667,2020
2020-08-13,19.2527173913043,2020
2020-08-14,19.6953125,2020
2020-08-15,20.4538043478261,2020
2020-08-16,21.2161458333333,2020
2020-08-17,21.671875,2020
2020-08-18,20.984375,2020
2020-08-19,20.3776041666667,2020
2020-08-20,19.9483695652174,2020
2020-08-21,19.2317708333333,2020
2020-08-22,19.258152173913,2020
2020-08-23,19.6380208333333,2020
2020-08-24,20.2473958333333,2020
2020-08-25,20.1059782608696,2020
2020-08-26,19.9244791666667,2020
2020-08-27,19.8880208333333,2020
2020-08-28,19.9140625,2020
2020-08-29,19.9869791666667,2020
2020-08-30,18.9739583333333,2020
2020-08-31,19.3307291666667,2020
2020-09-01,19.7161458333333,2020
2020-09-02,20.1448863636364,2020
2020-09-03,20.2364130434783,2020
2020-09-04,20.2309782608696,2020
2020-09-05,20.0896739130435,2020
2020-09-06,20.25,2020
2020-09-07,20.2890625,2020
2020-09-08,19.6822916666667,2020
2020-09-09,19.6711956521739,2020
2020-09-10,20.0570652173913,2020
2020-09-11,20.2317708333333,2020
2020-09-12,19.5546875,2020
2020-09-13,18.9505208333333,2020
2020-09-14,18.6432291666667,2020
2020-09-15,18.8203125,2020
2020-09-16,19.0896739130435,2020
2020-09-17,19.4646739130435,2020
2020-09-18,19.3352272727273,2020
2020-09-19,19.2255434782609,2020
2020-09-20,19.1223958333333,2020
2020-09-21,18.7994791666667,2020
2020-09-22,18.7282608695652,2020
2020-09-23,18.5052083333333,2020
2020-09-24,18.0869565217391,2020
2020-09-25,17.4270833333333,2020
2020-09-26,17.640625,2020
2020-09-27,17.6358695652174,2020
2020-09-28,17.6732954545455,2020
2020-09-29,17.71875,2020
2020-09-30,17.8532608695652,2020
2020-10-01,17.9048913043478,2020
2020-10-02,17.796875,2020
2020-10-03,17.804347826087,2020
2020-10-04,17.6335227272727,2020
2020-10-05,17.4479166666667,2020
2020-10-06,17.3463541666667,2020
2020-10-07,17.2717391304348,2020
2020-10-08,17.3586956521739,2020
2020-10-09,17.070652173913,2020
2020-10-10,16.0598958333333,2020
2020-10-11,15.7239583333333,2020
2020-10-12,15.3776041666667,2020
2020-10-13,15.0494791666667,2020
2020-10-14,14.9239130434783,2020
2020-10-15,14.9427083333333,2020
2020-10-16,15.1114130434783,2020
2020-10-17,14.991847826087,2020
2020-10-18,14.4261363636364,2020
2020-10-19,14.2838541666667,2020
2020-10-20,14.1484375,2020
2020-10-21,13.8385416666667,2020
2020-10-22,13.2526041666667,2020
2020-10-23,13.0598958333333,2020
2020-10-24,12.4947916666667,2020
2020-10-25,12.1711956521739,2020
2020-10-26,12.3333333333333,2020
2020-10-27,12.5052083333333,2020
2020-10-28,12.7391304347826,2020
2020-10-29,12.7826086956522,2020
2020-10-30,12.3994565217391,2020
2020-10-31,11.8409090909091,2020
2020-11-01,11.7135416666667,2020
2020-11-02,11.6467391304348,2020
2020-11-03,11.6692708333333,2020
2020-11-04,11.7760416666667,2020
2020-11-05,11.5340909090909,2020
2020-11-06,11.109375,2020
2020-11-07,10.8039772727273,2020
2020-11-08,10.3885869565217,2020
2020-11-09,10.2734375,2020
2020-11-10,10.2527173913043,2020
2020-11-11,10.1276041666667,2020
2020-11-12,9.89488636363636,2020
2020-11-13,9.46354166666667,2020
2020-11-14,9.04076086956522,2020
2020-11-15,8.90364583333333,2020
2020-11-16,8.69345238095238,2020
2020-11-17,8.22395833333333,2020
2020-11-18,7.78385416666667,2020
2020-11-19,8.13541666666667,2020
2020-11-20,8.1953125,2020
2020-11-21,8.1640625,2020
2020-11-22,8.16369047619048,2020
2020-11-23,8.25520833333333,2020
2020-11-24,8.1929347826087,2020
2020-11-25,8.00260416666667,2020
2020-11-26,8.16145833333333,2020
2020-11-27,8.26630434782609,2020
2020-11-28,7.7578125,2020
2020-11-29,7.90340909090909,2020
2020-11-30,7.671875,2020
2020-12-01,7.34375,2020
2020-12-02,7.29947916666667,2020
2020-12-03,7.31510416666667,2020
2020-12-04,7.55208333333333,2020
2020-12-05,7.52083333333333,2020
2020-12-06,7.61141304347826,2020
2020-12-07,7.59635416666667,2020
2020-12-08,7.53693181818182,2020
2020-12-09,7.6171875,2020
2020-12-10,7.5078125,2020
2020-12-11,7.3695652173913,2020
2020-12-12,7.125,2020
2020-12-13,6.77083333333333,2020
2020-12-14,6.8125,2020
2020-12-15,6.66666666666667,2020
2020-12-16,6.578125,2020
2020-12-17,6.4921875,2020
2020-12-18,6.69270833333333,2020
2020-12-19,6.54891304347826,2020
2020-12-20,6.47395833333333,2020
2020-12-21,6.47010869565217,2020
2020-12-22,6.33333333333333,2020
2020-12-23,6.21875,2020
2020-12-24,6.07608695652174,2020
2020-12-25,5.94021739130435,2020
2020-12-26,5.96022727272727,2020
2020-12-27,5.88352272727273,2020
2020-12-28,5.953125,2020
2020-12-29,5.89322916666667,2020
2020-12-30,5.47554347826087,2020
2020-12-31,5.30208333333333,2020
2021-01-01,5.54891304347826,2021
2021-01-02,5.6953125,2021
2021-01-03,5.28532608695652,2021
2021-01-04,5.40909090909091,2021
2021-01-05,5.42447916666667,2021
2021-01-06,5.29947916666667,2021
2021-01-07,5.31818181818182,2021
2021-01-08,5.39322916666667,2021
2021-01-09,5.34375,2021
2021-01-10,5.31770833333333,2021
2021-01-11,5.39402173913043,2021
2021-01-12,5.29076086956522,2021
2021-01-13,5.05729166666667,2021
2021-01-14,5.08854166666667,2021
2021-01-15,5.26358695652174,2021
2021-01-16,5.3179347826087,2021
2021-01-17,5.44270833333333,2021
2021-01-18,5.46354166666667,2021
2021-01-19,5.43489583333333,2021
2021-01-20,5.45108695652174,2021
2021-01-21,5.34090909090909,2021
2021-01-22,5.10677083333333,2021
2021-01-23,4.99728260869565,2021
2021-01-24,4.90625,2021
2021-01-25,4.9296875,2021
2021-01-26,4.91927083333333,2021
2021-01-27,4.87784090909091,2021
2021-01-28,4.875,2021
2021-01-29,4.953125,2021
2021-01-30,5.0078125,2021
2021-01-31,4.88858695652174,2021
2021-02-01,4.8046875,2021
2021-02-02,4.82552083333333,2021
2021-02-03,4.80989583333333,2021
2021-02-04,4.9429347826087,2021
2021-02-05,5.01302083333333,2021
2021-02-06,5.1171875,2021
2021-02-07,4.70923913043478,2021
2021-02-08,4.359375,2021
2021-02-09,4.23697916666667,2021
2021-02-10,4.12215909090909,2021
2021-02-11,4.16576086956522,2021
2021-02-12,3.77173913043478,2021
2021-02-13,3.64945652173913,2021
2021-02-14,3.953125,2021
2021-02-15,4.17663043478261,2021
2021-02-16,4.359375,2021
2021-02-17,4.26358695652174,2021
2021-02-18,4.15489130434783,2021
2021-02-19,4.30059523809524,2021
2021-02-20,4.43229166666667,2021
2021-02-21,4.65760869565217,2021
2021-02-22,4.83333333333333,2021
2021-02-23,4.41927083333333,2021
2021-02-24,4.26488095238095,2021
2021-02-25,4.35054347826087,2021
2021-02-26,4.52445652173913,2021
2021-02-27,4.29947916666667,2021
2021-02-28,4.71875,2021
2021-03-01,4.9609375,2021
2021-03-02,4.76041666666667,2021
2021-03-03,4.86458333333333,2021
2021-03-04,4.71022727272727,2021
2021-03-05,4.86141304347826,2021
2021-03-06,4.89322916666667,2021
2021-03-07,4.96875,2021
2021-03-08,4.92119565217391,2021
2021-03-09,4.8804347826087,2021
2021-03-10,5,2021
2021-03-11,4.88858695652174,2021
2021-03-12,5.0625,2021
2021-03-13,5.41032608695652,2021
2021-03-14,5.43465909090909,2021
2021-03-15,5.16145833333333,2021
2021-03-16,5.23369565217391,2021
2021-03-17,5.578125,2021
2021-03-18,5.70572916666667,2021
2021-03-19,5.8125,2021
2021-03-20,5.65909090909091,2021
2021-03-21,5.7578125,2021
2021-03-22,5.66927083333333,2021
2021-03-23,5.63636363636364,2021
2021-03-24,5.91576086956522,2021
2021-03-25,6.27604166666667,2021
2021-03-26,6.54947916666667,2021
2021-03-27,6.64945652173913,2021
2021-03-28,6.51190476190476,2021
2021-03-29,5.83072916666667,2021
2021-03-30,6.21428571428571,2021
2021-03-31,6.671875,2021
2021-04-01,7.3070652173913,2021
2021-04-02,7.15760869565217,2021
2021-04-03,6.92663043478261,2021
2021-04-04,6.96354166666667,2021
2021-04-05,7.3125,2021
2021-04-06,7.83854166666667,2021
2021-04-07,7.87228260869565,2021
2021-04-08,7.94270833333333,2021
2021-04-09,7.79891304347826,2021
2021-04-10,7.328125,2021
2021-04-11,7.45833333333333,2021
2021-04-12,7.9140625,2021
2021-04-13,8.02556818181818,2021
2021-04-14,8.59375,2021
2021-04-15,9.359375,2021
2021-04-16,10.1086956521739,2021
2021-04-17,10.7798913043478,2021
2021-04-18,11.2678571428571,2021
2021-04-19,11.4728260869565,2021
2021-04-20,11.6988636363636,2021
2021-04-21,12.1385869565217,2021
2021-04-22,11.9103260869565,2021
2021-04-23,11.3802083333333,2021
2021-04-24,9.63020833333333,2021
2021-04-25,10.3928571428571,2021
2021-04-26,10.328125,2021
2021-04-27,11.0260416666667,2021
2021-04-28,11.5652173913043,2021
2021-04-29,11.8693181818182,2021
2021-04-30,12.0052083333333,2021
2021-05-01,12.6277173913043,2021
2021-05-02,12.8177083333333,2021
2021-05-03,12.5795454545455,2021
2021-05-04,12.6171875,2021
2021-05-05,12.078125,2021
2021-05-06,12.6222826086957,2021
2021-05-07,12.0244565217391,2021
2021-05-08,12.3607954545455,2021
2021-05-09,12.6711956521739,2021
2021-05-10,12.9864130434783,2021
2021-05-11,13.2916666666667,2021
2021-05-12,14.1875,2021
2021-05-13,14.1614583333333,2021
2021-05-14,13.3984375,2021
2021-05-15,13.7604166666667,2021
2021-05-16,14.1614583333333,2021
2021-05-17,13.3645833333333,2021
2021-05-18,13.7130681818182,2021
2021-05-19,14.75,2021
2021-05-20,14.6171875,2021
2021-05-21,14.0788043478261,2021
2021-05-22,14.5755208333333,2021
2021-05-23,13.8152173913043,2021
2021-05-24,12.5598958333333,2021
2021-05-25,13.5390625,2021
2021-05-26,13.9266304347826,2021
2021-05-27,13.6171875,2021
2021-05-28,14,2021
2021-05-29,14.46875,2021
2021-05-30,14.6141304347826,2021
2021-05-31,15.4479166666667,2021
2021-06-01,16.2613636363636,2021
2021-06-02,17.2916666666667,2021
2021-06-03,18.2421875,2021
2021-06-04,17.7635869565217,2021
2021-06-05,15.9431818181818,2021
2021-06-06,15.9895833333333,2021
2021-06-07,15.0489130434783,2021
2021-06-08,14.7682291666667,2021
2021-06-09,15.6630434782609,2021
2021-06-10,15.866847826087,2021
2021-06-11,15.4836956521739,2021
2021-06-12,15.2554347826087,2021
2021-06-13,15.3396739130435,2021
2021-06-14,15.3586956521739,2021
2021-06-15,15.633152173913,2021
2021-06-16,16.4755434782609,2021
2021-06-17,16.8515625,2021
2021-06-18,17.4289772727273,2021
2021-06-19,17.1761363636364,2021
2021-06-20,16.1875,2021
2021-06-21,17.2635869565217,2021
2021-06-22,18.1145833333333,2021
2021-06-23,15.6363636363636,2021
2021-06-24,15.2942708333333,2021
2021-06-25,17.2786458333333,2021
2021-06-26,19.6086956521739,2021
2021-06-27,21.2043269230769,2021
2021-06-28,23.0135869565217,2021
2021-06-29,22.6067708333333,2021
2021-06-30,17.241847826087,2021
2021-07-01,16.4945652173913,2021
2021-07-02,18.859375,2021
2021-07-03,18.9453125,2021
2021-07-04,19.515625,2021
2021-07-05,19.2554347826087,2021
2021-07-06,18.6903409090909,2021
2021-07-07,19.8288043478261,2021
2021-07-08,18.3559782608696,2021
2021-07-09,19.0760869565217,2021
2021-07-10,19.6875,2021
2021-07-11,20.4103260869565,2021
2021-07-12,20.570652173913,2021
2021-07-13,20.9403409090909,2021
2021-07-14,20.4602272727273,2021
2021-07-15,19.7630208333333,2021
2021-07-16,18.7109375,2021
2021-07-17,18.9713541666667,2021
2021-07-18,19.6141304347826,2021
2021-07-19,20.6222826086957,2021
2021-07-20,20.7083333333333,2021
2021-07-21,20.1171875,2021
2021-07-22,20.4348958333333,2021
2021-07-23,20.6931818181818,2021
2021-07-24,21.3288043478261,2021
2021-07-25,21.7201086956522,2021
2021-07-26,21.5078125,2021
2021-07-27,21.8011363636364,2021
2021-07-28,22,2021
2021-07-29,22.4429347826087,2021
2021-07-30,22.9090909090909,2021
2021-07-31,22.8411458333333,2021
2021-08-01,23.1385869565217,2021
2021-08-02,22.6505681818182,2021
2021-08-03,21.8532608695652,2021
2021-08-04,22.4090909090909,2021
2021-08-05,22.578125,2021
2021-08-06,22.133152173913,2021
2021-08-07,21.8411458333333,2021
2021-08-08,21.9701086956522,2021
2021-08-09,22.1684782608696,2021
2021-08-10,22.1484375,2021
2021-08-11,22.5238095238095,2021
2021-08-12,22.8423913043478,2021
2021-08-13,22.6032608695652,2021
2021-08-14,22.71875,2021
2021-08-15,22.40625,2021
2021-08-16,21.4713541666667,2021
2021-08-17,21.46875,2021
2021-08-18,21.3203125,2021
2021-08-19,21.5078125,2021
2021-08-20,21.5516304347826,2021
2021-08-21,20.7604166666667,2021
2021-08-22,20.3070652173913,2021
2021-08-23,20.2291666666667,2021
2021-08-24,19.9701086956522,2021
2021-08-25,19.6901041666667,2021
2021-08-26,19.796875,2021
2021-08-27,20.0190217391304,2021
2021-08-28,19.8967391304348,2021
2021-08-29,20.0494791666667,2021
2021-08-30,19.34375,2021
2021-08-31,19.0896739130435,2021
2021-09-01,19.0026041666667,2021
2021-09-02,19.0326086956522,2021
2021-09-03,18.8559782608696,2021
2021-09-04,18.7755681818182,2021
2021-09-05,19.1988636363636,2021
2021-09-06,19.3396739130435,2021
2021-09-07,19.5380434782609,2021
2021-09-08,20.1770833333333,2021
2021-09-09,20.0442708333333,2021
2021-09-10,19.6358695652174,2021
2021-09-11,19.3645833333333,2021
2021-09-12,19.383152173913,2021
2021-09-13,19.1684782608696,2021
2021-09-14,18.8369565217391,2021
2021-09-15,18.40625,2021
2021-09-16,17.5298913043478,2021
2021-09-17,17.1536458333333,2021
2021-09-18,16.5729166666667,2021
2021-09-19,17.2786458333333,2021
2021-09-20,17.125,2021
2021-09-21,17.3515625,2021
2021-09-22,17.7135416666667,2021
2021-09-23,17.9088541666667,2021
2021-09-24,17.8489583333333,2021
2021-09-25,17.7838541666667,2021
2021-09-26,17.6510416666667,2021
2021-09-27,16.8385416666667,2021
2021-09-28,16.6354166666667,2021
2021-09-29,16.6692708333333,2021
2021-09-30,15.7994791666667,2021
2021-10-01,16.2135416666667,2021
2021-10-02,16.2890625,2021
2021-10-03,16.1484375,2021
2021-10-04,15.9322916666667,2021
2021-10-05,15.515625,2021
2021-10-06,14.9765625,2021
2021-10-07,14.9479166666667,2021
2021-10-08,14.9192708333333,2021
2021-10-09,14.7734375,2021
2021-10-10,14.2291666666667,2021
2021-10-11,14.0833333333333,2021
2021-10-12,13.6901041666667,2021
2021-10-13,12.9453125,2021
2021-10-14,13.1484375,2021
2021-10-15,13.1692708333333,2021
2021-10-16,12.9505208333333,2021
2021-10-17,12.7317708333333,2021
2021-10-18,12.9817708333333,2021
2021-10-19,12.8203125,2021
2021-10-20,12.8723958333333,2021
2021-10-21,12.2473958333333,2021
2021-10-22,11.2239583333333,2021
2021-10-23,12.0078125,2021
2021-10-24,11.7395833333333,2021
2021-10-25,9.30989583333333,2021
2021-10-26,8.03645833333333,2021
2021-10-27,9.9921875,2021
2021-10-28,10.2109375,2021
2021-10-29,10.1588541666667,2021
2021-10-30,9.89322916666667,2021
2021-10-31,9.734375,2021
2021-11-01,9.60416666666667,2021
2021-11-02,9.63541666666667,2021
2021-11-03,9.15104166666667,2021
2021-11-04,9.5,2021
2021-11-05,9.328125,2021
2021-11-06,9.1015625,2021
2021-11-07,9.06510416666667,2021
2021-11-08,8.95380434782609,2021
2021-11-09,8.84895833333333,2021
2021-11-10,8.79427083333333,2021
2021-11-11,8.86458333333333,2021
2021-11-12,8.77604166666667,2021
2021-11-13,8.6484375,2021
2021-11-14,8.3125,2021
2021-11-15,8.203125,2021
2021-11-16,7.890625,2021
2021-11-17,7.90364583333333,2021
2021-11-18,7.88802083333333,2021
2021-11-19,7.859375,2021
2021-11-20,7.890625,2021
2021-11-21,7.95572916666667,2021
2021-11-22,7.9765625,2021
2021-11-23,7.8515625,2021
2021-11-24,7.67708333333333,2021
2021-11-25,7.46875,2021
2021-11-26,7.296875,2021
2021-11-27,7.23697916666667,2021
2021-11-28,7.21354166666667,2021
2021-11-29,7.3515625,2021
2021-11-30,7.4140625,2021
2021-12-01,7.47135416666667,2021
2021-12-02,7.22395833333333,2021
2021-12-03,6.95052083333333,2021
2021-12-04,6.94791666666667,2021
2021-12-05,6.78385416666667,2021
2021-12-06,6.55989583333333,2021
2021-12-07,6.734375,2021
2021-12-08,6.67119565217391,2021
2021-12-09,6.5234375,2021
2021-12-10,6.5,2021
2021-12-11,6.09114583333333,2021
2021-12-12,5.78645833333333,2021
2021-12-13,5.61197916666667,2021
2021-12-14,5.70833333333333,2021
2021-12-15,5.8125,2021
2021-12-16,5.71875,2021
2021-12-17,5.47395833333333,2021
2021-12-18,4.859375,2021
2021-12-19,5.27083333333333,2021
2021-12-20,4.94791666666667,2021
2021-12-21,4.73177083333333,2021
2021-12-22,4.9453125,2021
2021-12-23,4.68489583333333,2021
2021-12-24,4.765625,2021
2021-12-25,4.78645833333333,2021
2021-12-26,4.22916666666667,2021
2021-12-27,3.72916666666667,2021
2021-12-28,3.59635416666667,2021
2021-12-29,3.5,2021
2021-12-30,3.546875,2021
2021-12-31,3.38020833333333,2021
2022-01-01,3.50520833333333,2022
2022-01-02,3.42708333333333,2022
2022-01-03,3.08854166666667,2022
2022-01-04,3.28645833333333,2022
2022-01-05,3.45572916666667,2022
2022-01-06,3.39322916666667,2022
2022-01-07,3.72395833333333,2022
2022-01-08,3.57291666666667,2022
2022-01-09,3.90364583333333,2022
2022-01-10,3.87760416666667,2022
2022-01-11,3.50520833333333,2022
2022-01-12,3.59114583333333,2022
2022-01-13,3.8828125,2022
2022-01-14,4.21614583333333,2022
2022-01-15,4.37239583333333,2022
2022-01-16,4.45572916666667,2022
2022-01-17,4.51041666666667,2022
2022-01-18,4.515625,2022
2022-01-19,4.49739583333333,2022
2022-01-20,4.4296875,2022
2022-01-21,4.2734375,2022
2022-01-22,4.2734375,2022
2022-01-23,4.234375,2022
2022-01-24,4.2265625,2022
2022-01-25,4.171875,2022
2022-01-26,4.15885416666667,2022
2022-01-27,3.9765625,2022
2022-01-28,3.95572916666667,2022
2022-01-29,4.16666666666667,2022
2022-01-30,4.16145833333333,2022
2022-01-31,3.88020833333333,2022
2022-02-01,3.83854166666667,2022
2022-02-02,3.91145833333333,2022
2022-02-03,4.1953125,2022
2022-02-04,4.3203125,2022
2022-02-05,4.29947916666667,2022
2022-02-06,4.41927083333333,2022
2022-02-07,4.54166666666667,2022
2022-02-08,4.51302083333333,2022
2022-02-09,4.71875,2022
2022-02-10,4.80729166666667,2022
2022-02-11,4.66666666666667,2022
2022-02-12,4.3125,2022
2022-02-13,4.35416666666667,2022
2022-02-14,4.72395833333333,2022
2022-02-15,4.53125,2022
2022-02-16,4.65625,2022
2022-02-17,4.64583333333333,2022
2022-02-18,4.8984375,2022
2022-02-19,4.97395833333333,2022
2022-02-20,4.70833333333333,2022
2022-02-21,4.421875,2022
2022-02-22,3.875,2022
2022-02-23,3.7421875,2022
2022-02-24,4.26822916666667,2022
2022-02-25,4.1015625,2022
2022-02-26,3.63020833333333,2022
2022-02-27,3.74479166666667,2022
2022-02-28,4.00260416666667,2022
2022-03-01,4.23958333333333,2022
2022-03-02,4.453125,2022
2022-03-03,4.7734375,2022
2022-03-04,4.99479166666667,2022
2022-03-05,4.7734375,2022
2022-03-06,4.85054347826087,2022
2022-03-07,5.00520833333333,2022
2022-03-08,5.16927083333333,2022
2022-03-09,5.09895833333333,2022
2022-03-10,4.83072916666667,2022
2022-03-11,5.1640625,2022
2022-03-12,5.19021739130435,2022
2022-03-13,5.41761363636364,2022
2022-03-14,5.5703125,2022
2022-03-15,5.67447916666667,2022
2022-03-16,5.84635416666667,2022
2022-03-17,5.875,2022
2022-03-18,5.88020833333333,2022
2022-03-19,5.828125,2022
2022-03-20,5.64583333333333,2022
2022-03-21,5.5703125,2022
2022-03-22,5.92447916666667,2022
2022-03-23,6.2890625,2022
2022-03-24,6.171875,2022
2022-03-25,6.30989583333333,2022
2022-03-26,6.421875,2022
2022-03-27,6.61458333333333,2022
2022-03-28,6.9921875,2022
2022-03-29,6.91145833333333,2022
2022-03-30,6.91145833333333,2022
2022-03-31,7.09114583333333,2022
2022-04-01,7.11197916666667,2022
2022-04-02,7.06510416666667,2022
2022-04-03,6.94270833333333,2022
2022-04-04,6.51822916666667,2022
2022-04-05,6.28125,2022
2022-04-06,6.35416666666667,2022
2022-04-07,6.95833333333333,2022
2022-04-08,7.33072916666667,2022
2022-04-09,7.19010416666667,2022
2022-04-10,7.13541666666667,2022
2022-04-11,7.18489583333333,2022
2022-04-12,7.09114583333333,2022
2022-04-13,6.84375,2022
2022-04-14,6.84635416666667,2022
2022-04-15,6.83333333333333,2022
2022-04-16,6.734375,2022
2022-04-17,6.75260416666667,2022
2022-04-18,6.86458333333333,2022
2022-04-19,6.96875,2022
2022-04-20,6.921875,2022
2022-04-21,7.171875,2022
2022-04-22,7.84895833333333,2022
2022-04-23,8.18489583333333,2022
2022-04-24,8.12760416666667,2022
2022-04-25,8.19270833333333,2022
2022-04-26,7.97395833333333,2022
2022-04-27,8.2109375,2022
2022-04-28,8.43489583333333,2022
2022-04-29,8.65104166666667,2022
2022-04-30,9.10677083333333,2022
2022-05-01,9.0859375,2022
2022-05-02,9.33333333333333,2022
2022-05-03,9.25520833333333,2022
2022-05-04,9.08072916666667,2022
2022-05-05,9.05729166666667,2022
2022-05-06,9.2421875,2022
2022-05-07,9.31510416666667,2022
2022-05-08,9.6640625,2022
2022-05-09,10.1692708333333,2022
2022-05-10,10.1328125,2022
2022-05-11,10.0442708333333,2022
2022-05-12,9.18229166666667,2022
2022-05-13,9.05729166666667,2022
2022-05-14,9.3515625,2022
2022-05-15,9.5859375,2022
2022-05-16,9.65364583333333,2022
2022-05-17,9.87239583333333,2022
2022-05-18,10.0651041666667,2022
2022-05-19,10.1822916666667,2022
2022-05-20,10.4453125,2022
2022-05-21,10.7864583333333,2022
2022-05-22,11.4088541666667,2022
2022-05-23,12.4505208333333,2022
2022-05-24,11.1770833333333,2022
2022-05-25,10.4635416666667,2022
2022-05-26,10.4348958333333,2022
2022-05-27,11.2447916666667,2022
2022-05-28,11.234375,2022
2022-05-29,11.9140625,2022
2022-05-30,11.9739583333333,2022
2022-05-31,12.5598958333333,2022
2022-06-01,13.1328125,2022
2022-06-02,13.6302083333333,2022
2022-06-03,13.5182291666667,2022
2022-06-04,12.5182291666667,2022
2022-06-05,11.6640625,2022
2022-06-06,12.7526041666667,2022
2022-06-07,13.1953125,2022
2022-06-08,12.5052083333333,2022
2022-06-09,12.0338541666667,2022
2022-06-10,12.5052083333333,2022
2022-06-11,13.3255208333333,2022
2022-06-12,13.9348958333333,2022
2022-06-13,14.234375,2022
2022-06-14,14.8697916666667,2022
2022-06-15,14.4140625,2022
2022-06-16,13.5234375,2022
2022-06-17,14.0989583333333,2022
2022-06-18,14.171875,2022
2022-06-19,13.3359375,2022
2022-06-20,14.3229166666667,2022
2022-06-21,14.0807291666667,2022
2022-06-22,14.6067708333333,2022
2022-06-23,15.3151041666667,2022
2022-06-24,15.7317708333333,2022
2022-06-25,15.9921875,2022
2022-06-26,17.1380208333333,2022
2022-06-27,17.9010416666667,2022
2022-06-28,15.78125,2022
2022-06-29,13.5026041666667,2022
2022-06-30,15.1197916666667,2022
2022-07-01,16.3645833333333,2022
2022-07-02,15.328125,2022
2022-07-03,14.7786458333333,2022
2022-07-04,14.3489583333333,2022
2022-07-05,14.3828125,2022
2022-07-06,16.1041666666667,2022
2022-07-07,17.0885416666667,2022
2022-07-08,17.4348958333333,2022
2022-07-09,17.8359375,2022
2022-07-10,18.1640625,2022
2022-07-11,18.8567708333333,2022
2022-07-12,19.1770833333333,2022
2022-07-13,19.2578125,2022
2022-07-14,19.0677083333333,2022
2022-07-15,18.4270833333333,2022
2022-07-16,16.7604166666667,2022
2022-07-17,17.6744791666667,2022
2022-07-18,17.328125,2022
2022-07-19,17.9192708333333,2022
2022-07-20,17.8854166666667,2022
2022-07-21,18.2994791666667,2022
2022-07-22,17.640625,2022
2022-07-23,17.3098958333333,2022
2022-07-24,18.3385416666667,2022
2022-07-25,19.0625,2022
2022-07-26,20.6302083333333,2022
2022-07-27,21.7473958333333,2022
2022-07-28,21.1744791666667,2022
2022-07-29,21.0546875,2022
2022-07-30,22.4973958333333,2022
2022-07-31,23.0625,2022
2022-08-01,22.7291666666667,2022
2022-08-02,19.3723958333333,2022
2022-08-03,18.2135416666667,2022
2022-08-04,18.46875,2022
2022-08-05,19.3619791666667,2022
2022-08-06,20.1536458333333,2022
2022-08-07,21.0208333333333,2022
2022-08-08,21.3802083333333,2022
2022-08-09,21.4817708333333,2022
2022-08-10,20.7682291666667,2022
2022-08-11,20.015625,2022
2022-08-12,20.1510416666667,2022
2022-08-13,20.3046875,2022
2022-08-14,20.5677083333333,2022
2022-08-15,21.0026041666667,2022
2022-08-16,21.4661458333333,2022
2022-08-17,21.7213541666667,2022
2022-08-18,22.3125,2022
2022-08-19,22.5703125,2022
2022-08-20,22.1510416666667,2022
2022-08-21,21.3932291666667,2022
2022-08-22,20.9401041666667,2022
2022-08-23,21.3255208333333,2022
2022-08-24,21.7213541666667,2022
2022-08-25,22.2994791666667,2022
2022-08-26,21.8385416666667,2022
2022-08-27,20.6041666666667,2022
2022-08-28,19.8411458333333,2022
2022-08-29,20.1927083333333,2022
2022-08-30,21.1015625,2022
2022-08-31,21.7942708333333,2022
2022-09-01,21.7213541666667,2022
2022-09-02,21.3203125,2022
2022-09-03,20.7630208333333,2022
2022-09-04,20.6380208333333,2022
2022-09-05,20.234375,2022
2022-09-06,19.9140625,2022
2022-09-07,20.0885416666667,2022
2022-09-08,19.5364583333333,2022
2022-09-09,19.5130208333333,2022
2022-09-10,19.7057291666667,2022
2022-09-11,19.9895833333333,2022
2022-09-12,19.6484375,2022
2022-09-13,19.421875,2022
2022-09-14,19.1171875,2022
2022-09-15,19.1848958333333,2022
2022-09-16,18.8046875,2022
2022-09-17,17.9947916666667,2022
2022-09-18,17.5807291666667,2022
2022-09-19,17.6536458333333,2022
2022-09-20,17.7578125,2022
2022-09-21,17.4947916666667,2022
2022-09-22,17.5052083333333,2022
2022-09-23,17.9166666666667,2022
2022-09-24,18,2022
2022-09-25,18.0052083333333,2022
2022-09-26,18.1067708333333,2022
2022-09-27,18.0390625,2022
2022-09-28,18.1041666666667,2022
2022-09-29,17.78125,2022
2022-09-30,17.7708333333333,2022
2022-10-01,17.5364583333333,2022
2022-10-02,17.4557291666667,2022
2022-10-03,17.5807291666667,2022
2022-10-04,17.5130208333333,2022
2022-10-05,17.375,2022
2022-10-06,17.3151041666667,2022
2022-10-07,17.4036458333333,2022
2022-10-08,17.3203125,2022
2022-10-09,17.0052083333333,2022
2022-10-10,17.078125,2022
2022-10-11,16.3854166666667,2022
2022-10-12,16.0338541666667,2022
2022-10-13,16.0260416666667,2022
2022-10-14,16.1510416666667,2022
2022-10-15,16.1692708333333,2022
2022-10-16,15.9895833333333,2022
2022-10-17,15.953125,2022
2022-10-18,15.8802083333333,2022
2022-10-19,15.8203125,2022
2022-10-20,15.8802083333333,2022
2022-10-21,15.1666666666667,2022
2022-10-22,14.7135416666667,2022
2022-10-23,13.7526041666667,2022
2022-10-24,13.9375,2022
2022-10-25,13.3828125,2022
2022-10-26,13.0651041666667,2022
2022-10-27,13.2135416666667,2022
2022-10-28,13.2942708333333,2022
2022-10-29,13.4270833333333,2022
2022-10-30,13.1223958333333,2022
2022-10-31,13.1979166666667,2022
2022-11-01,12.6796875,2022
2022-11-02,12.4765625,2022
2022-11-03,11.9739583333333,2022
2022-11-04,11.5416666666667,2022
2022-11-05,11.0575,2022
2022-11-06,10.8854166666667,2022
2022-11-07,10.4765625,2022
2022-11-08,10.0625,2022
2022-11-09,9.6015625,2022
2022-11-10,9.68489583333333,2022
2022-11-11,9.66927083333333,2022
2022-11-12,9.59375,2022
2022-11-13,9.453125,2022
2022-11-14,9.2421875,2022
2022-11-15,8.95572916666667,2022
2022-11-16,8.62760416666667,2022
2022-11-17,8.22916666666667,2022
2022-11-18,7.49739583333333,2022
2022-11-19,7.09635416666667,2022
2022-11-20,7.36197916666667,2022
2022-11-21,7.73697916666667,2022
2022-11-22,7.94010416666667,2022
2022-11-23,8.05208333333333,2022
2022-11-24,8.25,2022
2022-11-25,8.25260416666667,2022
2022-11-26,7.75260416666667,2022
2022-11-27,7.40104166666667,2022
2022-11-28,6.9375,2022
2022-11-29,5.96354166666667,2022
2022-11-30,5.88802083333333,2022
2022-12-01,5.80989583333333,2022
2022-12-02,5.60677083333333,2022
2022-12-03,5.8125,2022
2022-12-04,5.7265625,2022
2022-12-05,5.59895833333333,2022
2022-12-06,5.72135416666667,2022
2022-12-07,5.78125,2022
2022-12-08,5.55729166666667,2022
2022-12-09,5.40104166666667,2022
2022-12-10,4.78125,2022
2022-12-11,5.08854166666667,2022
2022-12-12,5.10677083333333,2022
2022-12-13,5.125,2022
2022-12-14,5.26302083333333,2022
2022-12-15,5.22395833333333,2022
2022-12-16,4.95833333333333,2022
2022-12-17,4.8984375,2022
2022-12-18,4.70833333333333,2022
2022-12-19,3.89322916666667,2022
2022-12-20,3.57291666666667,2022
2022-12-21,3.1015625,2022
2022-12-22,2.65104166666667,2022
2022-12-23,2.3359375,2022
2022-12-24,2.81510416666667,2022
2022-12-25,3.5,2022
2022-12-26,3.89322916666667,2022
2022-12-27,4.43489583333333,2022
2022-12-28,4.796875,2022
2022-12-29,4.9765625,2022
2022-12-30,4.96875,2022
2022-12-31,4.89322916666667,2022
2023-01-01,5.06510416666667,2023
2023-01-02,5.0078125,2023
2023-01-03,5.03804347826087,2023
2023-01-04,5.0390625,2023
2023-01-05,5.09375,2023
2023-01-06,5.05208333333333,2023
2023-01-07,5.09635416666667,2023
2023-01-08,5.07552083333333,2023
2023-01-09,5.0703125,2023
2023-01-10,5.09239130434783,2023
2023-01-11,5.0546875,2023
2023-01-12,5.171875,2023
2023-01-13,5.4765625,2023
2023-01-14,5.046875,2023
2023-01-15,5.02864583333333,2023
2023-01-16,5.16666666666667,2023
2023-01-17,5.24739583333333,2023
2023-01-18,5.21875,2023
2023-01-19,5.00260416666667,2023
2023-01-20,5.1015625,2023
2023-01-21,5.1640625,2023
2023-01-22,5.09782608695652,2023
2023-01-23,5.15885416666667,2023
2023-01-24,5.26041666666667,2023
2023-01-25,5.32552083333333,2023
2023-01-26,5.3125,2023
2023-01-27,5.21875,2023
2023-01-28,5.07552083333333,2023
2023-01-29,4.546875,2023
2023-01-30,4.38020833333333,2023
2023-01-31,4.55989583333333,2023
2023-02-01,4.65364583333333,2023
2023-02-02,4.78385416666667,2023
2023-02-03,4.76902173913043,2023
2023-02-04,4.79427083333333,2023
2023-02-05,4.89322916666667,2023
2023-02-06,5.08854166666667,2023
2023-02-07,5.21354166666667,2023
2023-02-08,4.93229166666667,2023
2023-02-09,4.98177083333333,2023
2023-02-10,4.99728260869565,2023
2023-02-11,5.046875,2023
2023-02-12,5.11197916666667,2023
2023-02-13,5.08072916666667,2023
2023-02-14,4.64322916666667,2023
2023-02-15,4.6875,2023
2023-02-16,4.83854166666667,2023
2023-02-17,4.88541666666667,2023
2023-02-18,5.01822916666667,2023
2023-02-19,5.0234375,2023
2023-02-20,5.18489583333333,2023
2023-02-21,4.953125,2023
2023-02-22,4.65364583333333,2023
2023-02-23,4.203125,2023
2023-02-24,3.98697916666667,2023
2023-02-25,4.27864583333333,2023
2023-02-26,4.20572916666667,2023
2023-02-27,4.30729166666667,2023
2023-02-28,4.38586956521739,2023
2023-03-01,4.17447916666667,2023
2023-03-02,4.36458333333333,2023
2023-03-03,4.30729166666667,2023
2023-03-04,4.22395833333333,2023
2023-03-05,4.36197916666667,2023
2023-03-06,4.4765625,2023
2023-03-07,4.77864583333333,2023
2023-03-08,4.77083333333333,2023
2023-03-09,4.81510416666667,2023
2023-03-10,4.75520833333333,2023
2023-03-11,4.89402173913043,2023
2023-03-12,5.07880434782609,2023
2023-03-13,5.2578125,2023
2023-03-14,5.04947916666667,2023
2023-03-15,5.14583333333333,2023
2023-03-16,5.04947916666667,2023
2023-03-17,5.0390625,2023
2023-03-18,5.6875,2023
2023-03-19,6.00260416666667,2023
2023-03-20,6.44010416666667,2023
2023-03-21,6.7734375,2023
2023-03-22,6.5546875,2023
2023-03-23,6.79427083333333,2023
2023-03-24,6.28385416666667,2023
2023-03-25,6.28385416666667,2023
2023-03-26,5.8125,2023
2023-03-27,6.11197916666667,2023
2023-03-28,6.203125,2023
2023-03-29,6.3828125,2023
2023-03-30,6.6640625,2023
2023-03-31,6.765625,2023
2023-04-01,6.44270833333333,2023
2023-04-02,6.4140625,2023
2023-04-03,6.64322916666667,2023
2023-04-04,7.04427083333333,2023
2023-04-05,7.01041666666667,2023
2023-04-06,7.14322916666667,2023
2023-04-07,7.1171875,2023
2023-04-08,7.23177083333333,2023
2023-04-09,6.93489583333333,2023
2023-04-10,6.6640625,2023
2023-04-11,6.85416666666667,2023
2023-04-12,7.02083333333333,2023
2023-04-13,7.3359375,2023
2023-04-14,7.33072916666667,2023
2023-04-15,7.2734375,2023
2023-04-16,6.85416666666667,2023
2023-04-17,6.54947916666667,2023
2023-04-18,6.73697916666667,2023
2023-04-19,6.9765625,2023
2023-04-20,6.72916666666667,2023
2023-04-21,6.84510869565217,2023
2023-04-22,7.20572916666667,2023
2023-04-23,7.45833333333333,2023
2023-04-24,7.5546875,2023
2023-04-25,8.42708333333333,2023
2023-04-26,8.95572916666667,2023
2023-04-27,9.265625,2023
2023-04-28,9.79166666666667,2023
2023-04-29,10.7057291666667,2023
2023-04-30,10.1354166666667,2023
2023-05-01,9.76041666666667,2023
2023-05-02,11.366847826087,2023
2023-05-03,11.9817708333333,2023
2023-05-04,11.7083333333333,2023
2023-05-05,9.890625,2023
2023-05-06,9.72916666666667,2023
2023-05-07,10.5,2023
2023-05-08,11.6380208333333,2023
2023-05-09,12.4270833333333,2023
2023-05-10,12.421875,2023
2023-05-11,13.4114583333333,2023
2023-05-12,14.0104166666667,2023
2023-05-13,14.890625,2023
2023-05-14,15.1484375,2023
2023-05-15,14.8046875,2023
2023-05-16,13.8880208333333,2023
2023-05-17,12.6744791666667,2023
2023-05-18,12.4296875,2023
2023-05-19,13.5182291666667,2023
2023-05-20,14.5130208333333,2023
2023-05-21,15.125,2023
2023-05-22,13.9505208333333,2023
2023-05-23,14.0260416666667,2023
2023-05-24,15.1927083333333,2023
2023-05-25,15.9166666666667,2023
2023-05-26,15.8411458333333,2023
2023-05-27,17.3723958333333,2023
2023-05-28,16.5703125,2023
2023-05-29,16,2023
2023-05-30,16.2109375,2023
2023-05-31,15.9739583333333,2023
2023-06-01,15.640625,2023
2023-06-02,16.3567708333333,2023
2023-06-03,16.8255208333333,2023
2023-06-04,17.2578125,2023
2023-06-05,17.5651041666667,2023
2023-06-06,17.4479166666667,2023
2023-06-07,18.2473958333333,2023
2023-06-08,17.90625,2023
2023-06-09,15.8385416666667,2023
2023-06-10,14.6276041666667,2023
2023-06-11,15.7421875,2023
2023-06-12,17.0520833333333,2023
2023-06-13,17.46875,2023
2023-06-14,16.4895833333333,2023
2023-06-15,15.4713541666667,2023
2023-06-16,16.3515625,2023
2023-06-17,16.445652173913,2023
2023-06-18,16.328125,2023
2023-06-19,16.1822916666667,2023
2023-06-20,16.890625,2023
2023-06-21,17.7239583333333,2023
2023-06-22,18.1223958333333,2023
2023-06-23,18.4583333333333,2023
2023-06-24,18.5833333333333,2023
2023-06-25,18.6067708333333,2023
2023-06-26,18.7239583333333,2023
2023-06-27,18.9429347826087,2023
2023-06-28,18.671875,2023
2023-06-29,18.8359375,2023
2023-06-30,19.3671875,2023
2023-07-01,19.1901041666667,2023
2023-07-02,19.6171875,2023
2023-07-03,19.875,2023
2023-07-04,20.0989583333333,2023
2023-07-05,20.7161458333333,2023
2023-07-06,21.2526041666667,2023
2023-07-07,21.0104166666667,2023
2023-07-08,20.2526041666667,2023
2023-07-09,19.5625,2023
2023-07-10,19.4010416666667,2023
2023-07-11,19.4739583333333,2023
2023-07-12,19.328125,2023
2023-07-13,19.4010416666667,2023
2023-07-14,19.1428571428571,2023
