"cu","Rmeas","year","enhanced","2.5%","10%","50%","90%","97.5%","line_y"
"Great Central","BYO",1978,"1",-0.112588531253573,0.0405457112778137,0.295632531648287,0.542682546903083,0.694953677330425,1.40689169297372
"Great Central","BYO",1979,"1",-0.185217311695341,-0.0175784227039241,0.228172180234706,0.456911593842279,0.595635953055018,1.40689169297372
"Great Central","BYO",1980,"1",-0.568809472521408,-0.422880611350081,-0.187329538164199,0.0514936327893986,0.195166191036159,1.40689169297372
"Great Central","BYO",1981,"1",0.0298748073611544,0.193616858043411,0.43792765883004,0.656659068166831,0.780922799233854,1.40689169297372
"Great Central","BYO",1982,"1",-0.415986058858449,-0.264378504708794,-0.0233883698791102,0.213194456891768,0.355695205829753,1.40689169297372
"Great Central","BYO",1983,"1",-0.412349509224753,-0.253097930835894,0.00676206762346609,0.252230886688888,0.395371067868201,1.40689169297372
"Great Central","BYO",1984,"1",-0.511591151575781,-0.36039019893096,-0.115694087952685,0.118932012102634,0.264664790352628,1.40689169297372
"Great Central","BYO",1985,"1",-0.552608644128866,-0.396187135959199,-0.151764321546205,0.0945119662655168,0.24488441772752,1.40689169297372
"Great Central","BYO",1986,"1",-0.843089238590383,-0.68586399353449,-0.440450925297421,-0.18020624918578,-0.0173952231881139,1.40689169297372
"Great Central","BYO",1987,"1",-0.701400990462763,-0.544037101545917,-0.285039661732131,-0.0376294136149522,0.118196296334642,1.40689169297372
"Great Central","BYO",1988,"1",-0.43997561410332,-0.283769312975735,-0.0471064468232232,0.182378664037947,0.315257855914555,1.40689169297372
"Great Central","BYO",1989,"1",-0.543077468053437,-0.395712010052801,-0.176798304014653,0.0323478853682968,0.158108969657015,1.40689169297372
"Great Central","BYO",1990,"1",-0.986794360082986,-0.839611709609343,-0.589678696901546,-0.325318569467387,-0.155268284127932,1.40689169297372
"Great Central","BYO",1991,"1",-0.586137528867255,-0.417149386012155,-0.163717135079553,0.0742586616165511,0.207217102996258,1.40689169297372
"Great Central","BYO",1992,"1",-0.822923389794691,-0.681371475254744,-0.435186078457958,-0.179084051978184,-0.0232767537488498,1.40689169297372
"Great Central","BYO",1993,"1",-0.574561324968888,-0.413870915691083,-0.178069052554187,0.0551419138725265,0.193245860391671,1.40689169297372
"Great Central","BYO",1994,"1",-0.366972680159092,-0.233822985089859,-0.00274996892787716,0.217761034849259,0.361179724177896,1.40689169297372
"Great Central","BYO",1995,"1",-0.191343854771914,-0.0311964818468564,0.247073531164329,0.533240543229346,0.701920516654811,1.40689169297372
"Great Central","BYO",1996,"1",0.0671642276634936,0.229824027686103,0.476635239930838,0.695441537840181,0.821891542333894,1.40689169297372
"Great Central","BYO",1997,"1",-0.299638288813225,-0.14683525003794,0.078236718916,0.30959661956227,0.454553816824921,1.40689169297372
"Great Central","BYO",1998,"1",-0.224505695080834,-0.0708340112220467,0.162578138666353,0.383231705141435,0.520936238117296,1.40689169297372
"Great Central","BYO",1999,"1",-0.401489774311248,-0.250797771497128,-0.0115805385412298,0.222283301116038,0.369451719494667,1.40689169297372
"Great Central","BYO",2000,"1",-0.134448692392979,0.0434944293362344,0.327443820306224,0.607861352534195,0.769807622317612,1.40689169297372
"Great Central","BYO",2001,"1",-0.483419553072495,-0.325834588684957,-0.0659257210329116,0.191803411364721,0.339840527059033,1.40689169297372
"Great Central","BYO",2002,"1",-0.543512923659547,-0.365872426752229,-0.100280301503077,0.159061196524109,0.311355085096131,1.40689169297372
"Great Central","BYO",2003,"1",-0.674915276454288,-0.504484549962281,-0.241044186797038,0.0243583592487206,0.1798627718671,1.40689169297372
"Great Central","BYO",2004,"1",-0.840404437228162,-0.682529277008427,-0.431424281873674,-0.165019365140283,0.00234868080754723,1.40689169297372
"Great Central","BYO",2005,"1",-0.622808739553455,-0.457362084762916,-0.196349443110757,0.0548876605874666,0.21718797505079,1.40689169297372
"Great Central","BYO",2006,"1",-0.670459760599141,-0.5174719456304,-0.268829282619525,-0.0168642003882692,0.150114323439205,1.40689169297372
"Great Central","BYO",2007,"1",-0.497387386335762,-0.345547163102836,-0.0982298826616361,0.157661504905308,0.308000775288909,1.40689169297372
"Great Central","BYO",2008,"1",-0.0270094348040094,0.125907356070225,0.37554292925456,0.628826263487613,0.769068813514912,1.40689169297372
"Great Central","BYO",2009,"1",-0.0232083376897627,0.124191065908125,0.357090770338005,0.582623206168706,0.715803638213635,1.40689169297372
"Great Central","BYO",2010,"1",0.165997099200637,0.337154097900927,0.583854245865155,0.815188082452089,0.942055091809258,1.40689169297372
"Great Central","BYO",2011,"1",-0.229497187160605,-0.071655925107277,0.18054394456625,0.420329044149293,0.559388160352852,1.40689169297372
"Great Central","BYO",2012,"1",-0.301939007580821,-0.147256268602806,0.104872206423739,0.337856311166491,0.485237153299018,1.40689169297372
"Great Central","BYO",2013,"1",-0.831201908624636,-0.68322568468437,-0.414459364621917,-0.123716192532325,0.0537649388874776,1.40689169297372
"Great Central","BYO",2014,"1",-0.499085623933219,-0.332490623732596,-0.0587220190163373,0.212529598115279,0.373732970427704,1.40689169297372
"Great Central","BYO",2015,"1",-0.506663495455823,-0.338157833717129,-0.0666141814121497,0.194350406410524,0.346713708859227,1.40689169297372
"Great Central","BYO",2016,"1",-0.012762666847533,0.148846394429354,0.396557451957855,0.621245340345409,0.751321301457803,1.40689169297372
"Great Central","BYO",2017,"1",-0.344544228634751,-0.186313732056356,0.0669508452913901,0.317457557985654,0.467463389499274,1.40689169297372
"Great Central","BYO",2018,"1",-0.570659178108917,-0.395599899362607,-0.0846115424220022,0.235223044413251,0.421266495459148,1.40689169297372
"Great Central","BYO",2019,"1",-0.439449617299716,-0.245761001486001,0.0665455079132578,0.380248110171621,0.558040672440527,1.40689169297372
"Great Central","BYO",2020,"1",-0.67414513507307,-0.516006733471084,-0.258777493939066,0.00319201229034665,0.166314953176295,1.40689169297372
"Great Central","BYO",2021,"1",-0.653822549794762,-0.487774890203135,-0.221791655200825,0.0392675268091599,0.196687469427064,1.40689169297372
"Great Central","BYB",1978,"1",0.126600639302902,0.285452372695761,0.528998875372229,0.760487737953255,0.891561963804131,1.31034587358349
"Great Central","BYB",1979,"1",-0.106224941833723,0.0416798243655247,0.269532178587657,0.485549476328312,0.62153401883943,1.31034587358349
"Great Central","BYB",1980,"1",-0.398438314331393,-0.271442171618056,-0.0552650015957212,0.16470034893221,0.295524743375763,1.31034587358349
"Great Central","BYB",1981,"1",-0.115384615376647,0.0241455464021939,0.243352738161498,0.44144641567903,0.557635550621454,1.31034587358349
"Great Central","BYB",1982,"1",-0.341060918660636,-0.201211457392893,0.00721523138049029,0.225783579393685,0.353429022322221,1.31034587358349
"Great Central","BYB",1983,"1",-0.342985897738262,-0.203804781293732,0.0237594835416459,0.248346977925471,0.381919521131484,1.31034587358349
"Great Central","BYB",1984,"1",-0.315347101505521,-0.169546974109079,0.0537726244099339,0.270934163781857,0.406543882993889,1.31034587358349
"Great Central","BYB",1985,"1",-0.36092304228268,-0.222851400105697,0.00440183228954538,0.221924979083072,0.364484344905449,1.31034587358349
"Great Central","BYB",1986,"1",-0.2809867730833,-0.132166363824908,0.105470066611325,0.337973718506041,0.47565691953709,1.31034587358349
"Great Central","BYB",1987,"1",-0.542413448102,-0.399463809656188,-0.173446346226775,0.0663186317668348,0.210405436113675,1.31034587358349
"Great Central","BYB",1988,"1",-0.212703114568981,-0.0663115960808078,0.154991777444247,0.360954329036894,0.482533630671739,1.31034587358349
"Great Central","BYB",1989,"1",-0.543051475014472,-0.420912011550115,-0.225543797802379,-0.0271165695920285,0.102239298416669,1.31034587358349
"Great Central","BYB",1990,"1",-0.499891915442909,-0.34126076008559,-0.105503208360693,0.125530492480037,0.274098375578669,1.31034587358349
"Great Central","BYB",1991,"1",-0.616111275391042,-0.473999511216589,-0.245986549151008,-0.0211389621916193,0.107642630496837,1.31034587358349
"Great Central","BYB",1992,"1",-0.734492424483344,-0.590951896845421,-0.364237245587468,-0.130330532569393,0.0136694868176663,1.31034587358349
"Great Central","BYB",1993,"1",-0.513825284806503,-0.374473523613284,-0.159171842280317,0.0497215649435784,0.183657310545199,1.31034587358349
"Great Central","BYB",1994,"1",-0.396682094039088,-0.265307742948364,-0.0658056461522278,0.135917520997109,0.265673006089812,1.31034587358349
"Great Central","BYB",1995,"1",-0.242570377693219,-0.0948439276157803,0.165155472776624,0.431206033927697,0.59269117551398,1.31034587358349
"Great Central","BYB",1996,"1",-0.0655942303953,0.069098665332951,0.287537435897494,0.485690320610787,0.609159502549365,1.31034587358349
"Great Central","BYB",1997,"1",-0.561909725245161,-0.43180901164883,-0.225177077535838,-0.00530812734958626,0.136116793162219,1.31034587358349
"Great Central","BYB",1998,"1",-0.20657412301078,-0.0637438005653678,0.155310907742196,0.357222198359863,0.479323444799519,1.31034587358349
"Great Central","BYB",1999,"1",-0.816675415754889,-0.686100540974009,-0.470009357762569,-0.231146423462636,-0.0827325552545849,1.31034587358349
"Great Central","BYB",2000,"1",-0.272667571057473,-0.118346944624154,0.15302663650683,0.413515398805502,0.576331666597784,1.31034587358349
"Great Central","BYB",2001,"1",-0.491037159045297,-0.343969966991349,-0.0987068552353634,0.142971594010873,0.294240378279885,1.31034587358349
"Great Central","BYB",2002,"1",-0.488232585947076,-0.333291132041024,-0.0689343198746233,0.181437408341717,0.33991902892022,1.31034587358349
"Great Central","BYB",2003,"1",-0.674406002840031,-0.512988066906471,-0.255787981539077,0.0046288819614568,0.166538426226298,1.31034587358349
"Great Central","BYB",2004,"1",-0.905343541114958,-0.755147526606587,-0.509556689311166,-0.252320866530029,-0.0815880477817748,1.31034587358349
"Great Central","BYB",2005,"1",-0.761871682425282,-0.609836207116398,-0.374218214328208,-0.135336545011,0.0168734906009804,1.31034587358349
"Great Central","BYB",2006,"1",-0.663103362819436,-0.520166086708602,-0.292485236363261,-0.0603468025832811,0.0861977019316732,1.31034587358349
"Great Central","BYB",2007,"1",-0.421563922323072,-0.283887365317333,-0.05766063914343,0.179283701342384,0.324469532257364,1.31034587358349
"Great Central","BYB",2008,"1",0.0268110481717734,0.178342176372094,0.418852117128603,0.650443198345853,0.791495935198201,1.31034587358349
"Great Central","BYB",2009,"1",-0.0764078116482863,0.0575533797237519,0.270544927021618,0.478966239325016,0.611666730748712,1.31034587358349
"Great Central","BYB",2010,"1",0.239554136142133,0.398826571153194,0.630059211920981,0.839508478315026,0.963490396225577,1.31034587358349
"Great Central","BYB",2011,"1",-0.171336681479545,-0.0333104693686554,0.197604203825454,0.425474670404837,0.56622596173541,1.31034587358349
"Great Central","BYB",2012,"1",-0.301797451618732,-0.151895224348576,0.0841983457538173,0.315357324851611,0.45983035495595,1.31034587358349
"Great Central","BYB",2013,"1",-0.71448838171733,-0.573984366533161,-0.323029428674532,-0.0500592211023708,0.12033827607339,1.31034587358349
"Great Central","BYB",2014,"1",-0.378918091221756,-0.213643744668559,0.0540810638426183,0.315593240370835,0.46954409530024,1.31034587358349
"Great Central","BYB",2015,"1",-0.424855289835083,-0.262198240219027,-0.00172270739724567,0.246791934555071,0.405296027454608,1.31034587358349
"Great Central","BYB",2016,"1",-0.199965825882313,-0.058766369266521,0.156480657489602,0.368113329853196,0.491320884939228,1.31034587358349
"Great Central","BYB",2017,"1",-0.367694359467919,-0.215837049379189,0.0339313859691721,0.280893528606744,0.428912376296249,1.31034587358349
"Great Central","BYB",2018,"1",-0.60701204602813,-0.437490029044842,-0.143167990237665,0.166409161835572,0.360546675559978,1.31034587358349
"Great Central","BYB",2019,"1",-0.44962029123812,-0.28497821536898,0.0164210167499865,0.317003616338269,0.504713756310234,1.31034587358349
"Great Central","BYB",2020,"1",-0.699355361490199,-0.546749945514751,-0.295669110346717,-0.0294657630626844,0.134617833277165,1.31034587358349
"Great Central","BYB",2021,"1",-0.569569877259853,-0.408835021870939,-0.15585398409247,0.0949774975776972,0.251966400611184,1.31034587358349
"Sproat","BYO",1979,"0",-0.29359619528231,-0.0855308390428742,0.260872818910655,0.575388978450561,0.757159622052729,1.40689169297372
"Sproat","BYO",1980,"0",-0.423405759523102,-0.190909997662462,0.162008377886322,0.433469653910937,0.593167379564616,1.40689169297372
"Sproat","BYO",1981,"0",-0.271153477660758,-0.0359897232568844,0.326982324334867,0.597199596588921,0.745821888337519,1.40689169297372
"Sproat","BYO",1982,"0",-0.530748940485148,-0.290586423775732,0.0849427832903666,0.372181868364971,0.530814055491146,1.40689169297372
"Sproat","BYO",1983,"0",-0.236319813133828,0.018641011002898,0.41085381758131,0.705837840015008,0.863643833471898,1.40689169297372
"Sproat","BYO",1984,"1",-0.492156627074881,-0.269171597211028,0.0717235299570804,0.362443772621294,0.51297111323173,1.40689169297372
"Sproat","BYO",1985,"0",-0.779694427316837,-0.549163231198766,-0.197472336352609,0.0715350225329124,0.223160403102988,1.40689169297372
"Sproat","BYO",1986,"0",-0.616479927376605,-0.36693432786313,0.00321224567825773,0.280277459998325,0.421855594398599,1.40689169297372
"Sproat","BYO",1987,"0",-0.459537243715689,-0.22076588377518,0.136413689671194,0.42051664622344,0.579041501634649,1.40689169297372
"Sproat","BYO",1988,"0",-0.515951050447633,-0.277024232186427,0.100524512228561,0.383549831531674,0.533253108267796,1.40689169297372
"Sproat","BYO",1989,"0",-0.638917761901653,-0.40899060765494,-0.0515730208086058,0.213031819646043,0.349649421501737,1.40689169297372
"Sproat","BYO",1990,"0",-0.915307500059891,-0.694644073740652,-0.344310005169983,-0.0633548097023124,0.0819922593272268,1.40689169297372
"Sproat","BYO",1991,"0",-1.01087742155768,-0.771104075573063,-0.414067110908593,-0.132445912158965,0.0166701072473528,1.40689169297372
"Sproat","BYO",1992,"0",-0.947294145853166,-0.720217959442755,-0.334792513313356,-0.0516928985661431,0.101175850044327,1.40689169297372
"Sproat","BYO",1993,"0",-0.853091526217887,-0.619597947534844,-0.246306051898406,0.045866422428588,0.199504932204258,1.40689169297372
"Sproat","BYO",1994,"0",-0.520507818101806,-0.288988495839472,0.0705374125945859,0.34063249136228,0.484665320328366,1.40689169297372
"Sproat","BYO",1995,"0",-0.33203420552083,-0.109364675073054,0.227416267473467,0.530849738608506,0.697973616253531,1.40689169297372
"Sproat","BYO",1996,"0",-0.18227862889791,0.0559382114538702,0.435776694829988,0.722908008420031,0.872397779918204,1.40689169297372
"Sproat","BYO",1997,"0",-0.537823163264169,-0.306441033653692,0.0540169057170976,0.331159187373644,0.482928807269445,1.40689169297372
"Sproat","BYO",1998,"0",-0.631714929192194,-0.40676975752637,-0.0402126541667203,0.234538851716879,0.388460609204998,1.40689169297372
"Sproat","BYO",1999,"0",-0.493000315263611,-0.254642504377842,0.122705632766881,0.414910913827352,0.571384982519383,1.40689169297372
"Sproat","BYO",2000,"0",-0.475142417501445,-0.241473203533397,0.120975309645924,0.416321766117245,0.567600372125781,1.40689169297372
"Sproat","BYO",2001,"0",-0.801813894809796,-0.571732647099585,-0.19442776559904,0.114143716604077,0.280939527047933,1.40689169297372
"Sproat","BYO",2002,"0",-0.775471549800119,-0.531766772049902,-0.139854881869534,0.157895677814901,0.31411619111566,1.40689169297372
"Sproat","BYO",2003,"0",-0.909513828687629,-0.668768115480095,-0.288408574055435,0.0117135346614285,0.1760263216374,1.40689169297372
"Sproat","BYO",2004,"0",-1.08557457061177,-0.84702235320506,-0.47896920719537,-0.175059690105263,-0.00623061966701093,1.40689169297372
"Sproat","BYO",2005,"0",-1.11195050739188,-0.88364346021831,-0.505014092795867,-0.201183482858335,-0.0338734245539272,1.40689169297372
"Sproat","BYO",2006,"0",-0.874326461483956,-0.648491277261618,-0.295699258609182,0.00753295285572353,0.173133427779472,1.40689169297372
"Sproat","BYO",2007,"0",-0.768860946098203,-0.555220511883102,-0.214881845365259,0.0813630969907994,0.240820748651755,1.40689169297372
"Sproat","BYO",2008,"0",-0.717292883768428,-0.503896229741694,-0.157917597885848,0.129525277814247,0.280837322172786,1.40689169297372
"Sproat","BYO",2009,"0",-0.397696080354963,-0.166974111667224,0.19177538045721,0.460364712026654,0.605044365667322,1.40689169297372
"Sproat","BYO",2010,"0",-0.33177114656407,-0.0807364332898441,0.310263062589628,0.615042842190666,0.769876797962291,1.40689169297372
"Sproat","BYO",2011,"0",-0.485756996540756,-0.237385194357565,0.167817990881585,0.479272466937969,0.642780596147176,1.40689169297372
"Sproat","BYO",2012,"0",-0.863669727185161,-0.625112793374211,-0.242687765369014,0.0509105524026794,0.215434313299664,1.40689169297372
"Sproat","BYO",2013,"0",-0.765683391724625,-0.531275240613511,-0.162375030900471,0.123488316301209,0.27345769262516,1.40689169297372
"Sproat","BYO",2014,"0",-1.09225117792416,-0.8522553773744,-0.474448526113021,-0.177350679292352,-0.0224478832067015,1.40689169297372
"Sproat","BYO",2015,"0",-1.20678686067008,-0.953636927820348,-0.544324339550425,-0.223374339066174,-0.0512703423317611,1.40689169297372
"Sproat","BYO",2016,"0",-0.992680082033619,-0.74533573390686,-0.348987625478313,-0.0555989065544068,0.105105628265139,1.40689169297372
"Sproat","BYO",2017,"0",-1.40936505358093,-1.17594692192365,-0.786061170244611,-0.465851550763591,-0.295102959555655,1.40689169297372
"Sproat","BYO",2018,"0",-1.35305698718684,-1.1014653256901,-0.719268098605441,-0.408197803995086,-0.246350935965121,1.40689169297372
"Sproat","BYO",2019,"0",-1.39905816749185,-1.16042711557023,-0.772065715452993,-0.452452030279801,-0.273719240658367,1.40689169297372
"Sproat","BYO",2020,"0",-1.46574630225192,-1.22117001212766,-0.836193904856672,-0.512403126404815,-0.327140545058212,1.40689169297372
"Sproat","BYO",2021,"0",-1.402425443378,-1.15042383512638,-0.748290433446961,-0.415080374029993,-0.23312504601513,1.40689169297372
"Sproat","BYB",1979,"0",-0.113222785415989,0.067153996590622,0.342808156657719,0.598722517417407,0.744616066965968,1.31034587358349
"Sproat","BYB",1980,"0",-0.339798059974868,-0.149063697954413,0.111544345479766,0.334363054918668,0.467569149640952,1.31034587358349
"Sproat","BYB",1981,"0",-0.160425580404133,0.0285654961287065,0.29722914101054,0.511493728653324,0.647777423506456,1.31034587358349
"Sproat","BYB",1982,"0",-0.256087893932918,-0.0370898569609832,0.245957334917836,0.474436853297823,0.605564538985775,1.31034587358349
"Sproat","BYB",1983,"0",-0.420242083964671,-0.217353018320389,0.0635164583930585,0.304983479835543,0.44937108117493,1.31034587358349
"Sproat","BYB",1984,"1",-0.213295113686495,-0.0197567766371574,0.253660345571587,0.483538350752741,0.61852182287589,1.31034587358349
"Sproat","BYB",1985,"0",-0.527476197254935,-0.338126469784947,-0.0750287016989954,0.144090024173024,0.28310080772984,1.31034587358349
"Sproat","BYB",1986,"0",-0.485197489875263,-0.27794940712766,0.00130917385570051,0.228101426546688,0.356412205444522,1.31034587358349
"Sproat","BYB",1987,"0",-0.280897909139443,-0.08747161248643,0.184996222061836,0.415122641645426,0.554287519432993,1.31034587358349
"Sproat","BYB",1988,"0",-0.194515442554479,0.0147504910226026,0.292578057742368,0.517188672706657,0.652157319414823,1.31034587358349
"Sproat","BYB",1989,"0",-0.516387088013211,-0.318519330001607,-0.0586730695662379,0.159016675095494,0.28832593439604,1.31034587358349
"Sproat","BYB",1990,"0",-0.57731115382102,-0.377112828005383,-0.114517468200441,0.110026154755573,0.244245570719169,1.31034587358349
"Sproat","BYB",1991,"0",-0.753274108864028,-0.544823090156969,-0.275304629839646,-0.0473692041397697,0.093015723205882,1.31034587358349
"Sproat","BYB",1992,"0",-0.652072736195128,-0.448190670548352,-0.165736026756308,0.0654281220742011,0.201772117745718,1.31034587358349
"Sproat","BYB",1993,"0",-0.779211500370484,-0.567857304169454,-0.291135758882392,-0.0500467376021099,0.0975612148238641,1.31034587358349
"Sproat","BYB",1994,"0",-0.417088342459273,-0.219650476786222,0.0537736614428379,0.270571094354329,0.397639900311618,1.31034587358349
"Sproat","BYB",1995,"0",-0.270937494468452,-0.0923963406213186,0.171185304674653,0.416196897153931,0.560662276471759,1.31034587358349
"Sproat","BYB",1996,"0",-0.227995247554847,-0.0277712165216371,0.256268702127807,0.484215637801668,0.613133258632278,1.31034587358349
"Sproat","BYB",1997,"0",-0.539996563644624,-0.347023079140728,-0.0777045490666595,0.153698681641354,0.28912367687072,1.31034587358349
"Sproat","BYB",1998,"0",-0.584121581159904,-0.380813907949413,-0.106046914361402,0.12249691300572,0.255646349565758,1.31034587358349
"Sproat","BYB",1999,"0",-0.741829538594644,-0.54142230775662,-0.259806590898561,-0.0120110047409312,0.125612856207514,1.31034587358349
"Sproat","BYB",2000,"0",-0.611815406856609,-0.409696548256034,-0.126974758244172,0.120335401209475,0.262227646927912,1.31034587358349
"Sproat","BYB",2001,"0",-0.694217758348482,-0.490173963811595,-0.201448756023499,0.0492613002713611,0.194662350673007,1.31034587358349
"Sproat","BYB",2002,"0",-0.566232560497355,-0.354290602402147,-0.0581733287996045,0.193517359712768,0.339939251143472,1.31034587358349
"Sproat","BYB",2003,"0",-0.67651768175559,-0.474350116785132,-0.178523909937736,0.0747897573341817,0.226769974549026,1.31034587358349
"Sproat","BYB",2004,"0",-0.780598741370199,-0.573751867913698,-0.282203300351675,-0.0346832220218928,0.108955963420794,1.31034587358349
"Sproat","BYB",2005,"0",-0.791080661485786,-0.595705132958747,-0.314997631104001,-0.0633436737502823,0.087813467864574,1.31034587358349
"Sproat","BYB",2006,"0",-0.44063199988859,-0.249412575031034,0.0259959582735565,0.27267193896091,0.422635151505142,1.31034587358349
"Sproat","BYB",2007,"0",-0.419862739858137,-0.242673626683126,0.0217420016980725,0.261951167618807,0.399801826929244,1.31034587358349
"Sproat","BYB",2008,"0",-0.416083483727315,-0.228166622704706,0.032225865052661,0.267256049305246,0.408297638119224,1.31034587358349
"Sproat","BYB",2009,"0",-0.0938933275186578,0.100775523955078,0.372423765961578,0.591345351491566,0.717948423522748,1.31034587358349
"Sproat","BYB",2010,"0",-0.0801722262921944,0.144798939245907,0.44378475904146,0.694963380016307,0.841494394528832,1.31034587358349
"Sproat","BYB",2011,"0",-0.299467793025632,-0.0818696098619881,0.223539798770865,0.475989128458658,0.627191056916419,1.31034587358349
"Sproat","BYB",2012,"0",-0.63452596312696,-0.420529721849626,-0.133198810033475,0.117749101655951,0.277462877492973,1.31034587358349
"Sproat","BYB",2013,"0",-0.571225724756337,-0.373021674807145,-0.0896937644750295,0.15136229122315,0.292456431321157,1.31034587358349
"Sproat","BYB",2014,"0",-0.817040824597101,-0.614732474035491,-0.324602472748069,-0.0708786628041391,0.0818898067514299,1.31034587358349
"Sproat","BYB",2015,"0",-0.879052090034983,-0.655847106385021,-0.351386748938262,-0.081721590232167,0.0728990256589814,1.31034587358349
"Sproat","BYB",2016,"0",-0.712138240954924,-0.487545915687316,-0.185878380106761,0.0632550051025348,0.215244806379793,1.31034587358349
"Sproat","BYB",2017,"0",-1.07934717021013,-0.874430244453708,-0.57749061802309,-0.305566148005709,-0.146084414985407,1.31034587358349
"Sproat","BYB",2018,"0",-1.02526375339631,-0.813960080656112,-0.513018042783575,-0.255478583117446,-0.103346575330594,1.31034587358349
"Sproat","BYB",2019,"0",-1.07014225424998,-0.871437114078461,-0.570882640178336,-0.303551522574168,-0.141393768218196,1.31034587358349
"Sproat","BYB",2020,"0",-1.11436367815165,-0.908466118437183,-0.613598890238254,-0.343274104471097,-0.182985106558726,1.31034587358349
"Sproat","BYB",2021,"0",-0.95906069657292,-0.746204195156595,-0.435769551555301,-0.160219754391038,0.00141549650867817,1.31034587358349
"Hucuktlis","BYO",1978,"1",-0.553310901072868,-0.303602973073415,0.101069957485436,0.517379477705117,0.762782238391928,1.40689169297372
"Hucuktlis","BYO",1979,"1",-0.564841959261512,-0.304066058407701,0.0782798675792602,0.432666051201883,0.640611397521782,1.40689169297372
"Hucuktlis","BYO",1980,"1",-0.621131221183754,-0.37167487828004,0.0125708164644331,0.367061946610418,0.587844452925581,1.40689169297372
"Hucuktlis","BYO",1981,"1",-0.304450291437039,-0.01315797009948,0.380010315969989,0.687994773286288,0.854221614053135,1.40689169297372
"Hucuktlis","BYO",1982,"1",-0.549531009720135,-0.264872267101736,0.107614126748135,0.416510019696027,0.589688997918472,1.40689169297372
"Hucuktlis","BYO",1983,"1",-0.520187343018861,-0.240604001191728,0.138695116809926,0.448643340484045,0.619928647894041,1.40689169297372
"Hucuktlis","BYO",1984,"1",-0.544597275241976,-0.24502696368082,0.167990889767746,0.490756481552109,0.664143691672054,1.40689169297372
"Hucuktlis","BYO",1985,"1",-1.2403453807013,-0.997667794244837,-0.640178434573086,-0.324598333167602,-0.140494694712512,1.40689169297372
"Hucuktlis","BYO",1986,"1",-1.0039888188411,-0.766133777872141,-0.376446327560934,0.0225327244353266,0.24253661493857,1.40689169297372
"Hucuktlis","BYO",1987,"1",-0.989336141011445,-0.72774353982414,-0.347528125623679,-0.0254676877103582,0.160052868944243,1.40689169297372
"Hucuktlis","BYO",1988,"1",-0.563649668942105,-0.270770018735116,0.132475894686699,0.437568773157826,0.611894750120249,1.40689169297372
"Hucuktlis","BYO",1989,"1",-1.01515475508789,-0.727097647807,-0.319886885202591,0.012943083866085,0.185256942634398,1.40689169297372
"Hucuktlis","BYO",1990,"1",-1.62005064539962,-1.34695044945272,-0.954837970633922,-0.597574448138403,-0.381770367832017,1.40689169297372
"Hucuktlis","BYO",1991,"1",-1.34630893544073,-1.07491023509675,-0.675516876916389,-0.348872419416786,-0.153542676603638,1.40689169297372
"Hucuktlis","BYO",1992,"1",-0.754990031107077,-0.483055936773381,-0.106389564077597,0.191866858448171,0.353545155762827,1.40689169297372
"Hucuktlis","BYO",1993,"1",-0.143658868748603,0.181088650168437,0.618645446919388,0.933088923119148,1.10210502264716,1.40689169297372
"Hucuktlis","BYO",1994,"1",-1.40980038924173,-1.17772449475029,-0.810384218361398,-0.460828259143489,-0.255684685344334,1.40689169297372
"Hucuktlis","BYO",1995,"1",-1.13687788512851,-0.916224723901791,-0.532158781981,-0.127876695987523,0.0992600739556391,1.40689169297372
"Hucuktlis","BYO",1996,"1",-0.952654313363946,-0.636794428442874,-0.236100005364427,0.0807642638645231,0.26906302106651,1.40689169297372
"Hucuktlis","BYO",1997,"1",-1.2852505925723,-0.989587741788289,-0.584477018973044,-0.246845433456979,-0.0428888387285925,1.40689169297372
"Hucuktlis","BYO",1998,"1",-0.710553977186663,-0.399470081481883,0.0490052158732084,0.388899484740216,0.581256912583063,1.40689169297372
"Hucuktlis","BYO",1999,"1",-1.12451518940973,-0.883898286551695,-0.535371238557618,-0.194480351456509,-0.00530036697487765,1.40689169297372
"Hucuktlis","BYO",2000,"1",-0.62627093454994,-0.363805560251293,0.0346487793844634,0.350247312746518,0.53249991286236,1.40689169297372
"Hucuktlis","BYO",2001,"1",-0.441733707484299,-0.161914945089592,0.236752470292814,0.580206807441315,0.765520374668842,1.40689169297372
"Hucuktlis","BYO",2002,"1",-0.789561837659452,-0.530255103874877,-0.165989896417422,0.180621930244829,0.373561415374033,1.40689169297372
"Hucuktlis","BYO",2003,"1",-0.439902510845263,-0.207531686296501,0.205844750756119,0.622935459872387,0.876367707667194,1.40689169297372
"Hucuktlis","BYO",2004,"0",-0.679464168540906,-0.471032533262419,-0.0743479679441421,0.373546163048778,0.610907888772509,1.40689169297372
"Hucuktlis","BYO",2005,"0",-0.759994089766154,-0.52084642470572,-0.0528282499869821,0.437483757517557,0.732618414285484,1.40689169297372
"Hucuktlis","BYO",2006,"1",-0.867915484205433,-0.655845630173003,-0.263301513528159,0.172736397963249,0.419782182147743,1.40689169297372
"Hucuktlis","BYO",2007,"0",-1.0141746235725,-0.81297633637503,-0.455512595858267,-0.113848395234915,0.082865318465017,1.40689169297372
"Hucuktlis","BYO",2008,"0",-0.559644100553404,-0.345919512100182,0.0025718080159951,0.339376622290009,0.527632523992137,1.40689169297372
"Hucuktlis","BYO",2009,"0",-0.771601832308261,-0.539550159401016,-0.161614786233962,0.20062149802457,0.411997959634884,1.40689169297372
"Hucuktlis","BYO",2010,"0",0.193989985386426,0.425845535603679,0.797214136616724,1.14405627615544,1.33989685045116,1.40689169297372
"Hucuktlis","BYO",2011,"0",-0.125974374413623,0.0915317632136839,0.451029633814721,0.779570826837447,0.960669598842883,1.40689169297372
"Hucuktlis","BYO",2012,"0",-0.570351416838471,-0.36650667950546,-0.0115717796654096,0.334119710211977,0.527894347096139,1.40689169297372
"Hucuktlis","BYO",2013,"0",-0.924632231955923,-0.693365660204356,-0.325013057554855,0.0349616812620758,0.245944881769291,1.40689169297372
"Hucuktlis","BYO",2014,"0",-0.862607892773252,-0.638445806274712,-0.265274181482899,0.0928487517777715,0.315448072106788,1.40689169297372
"Hucuktlis","BYO",2015,"0",-0.703303328618821,-0.427129290511966,0.0161645803795336,0.435019214288451,0.667040604216072,1.40689169297372
"Hucuktlis","BYO",2016,"0",-0.775928013969583,-0.518112081601043,-0.0841061499106397,0.338106389949978,0.595244012802723,1.40689169297372
"Hucuktlis","BYO",2017,"0",-0.924134303892685,-0.657388369999632,-0.213924270617984,0.221904718407474,0.483685838592435,1.40689169297372
"Hucuktlis","BYO",2018,"0",-0.847814086821095,-0.584611606927601,-0.146994813884596,0.262467795973036,0.50335785849935,1.40689169297372
"Hucuktlis","BYO",2019,"0",-0.916126586311815,-0.677974258650668,-0.316695110978913,0.0493963686500195,0.257530979424285,1.40689169297372
"Hucuktlis","BYO",2020,"0",-0.748631360350911,-0.515093639024815,-0.133581022379398,0.237476463820159,0.457464378428568,1.40689169297372
"Hucuktlis","BYO",2021,"0",-0.686616962936378,-0.470577010018614,-0.119275014430662,0.227303823642025,0.427293775482576,1.40689169297372
"Hucuktlis","BYB",1978,"1",-0.549660229347704,-0.364204904384199,-0.0221357302640204,0.349268855414042,0.5802845573,1.31034587358349
"Hucuktlis","BYB",1979,"1",-0.543635328189441,-0.356263270757607,-0.039691793647096,0.285933971505802,0.48349409643007,1.31034587358349
"Hucuktlis","BYB",1980,"1",-0.0781511784776803,0.118322881054359,0.446506284427483,0.753040949746393,0.937703105703821,1.31034587358349
"Hucuktlis","BYB",1981,"1",-0.713218575159635,-0.526159098663554,-0.2332440444299,0.0563440002992718,0.233464737021554,1.31034587358349
"Hucuktlis","BYB",1982,"1",-0.495185967835415,-0.30548275229863,0.00455868795692016,0.284628089249691,0.462830502338786,1.31034587358349
"Hucuktlis","BYB",1983,"1",-0.316087267144964,-0.118701456104903,0.19509658179829,0.485945957083421,0.658813756859286,1.31034587358349
"Hucuktlis","BYB",1984,"1",-0.709608300495919,-0.51251812380246,-0.201236158587573,0.104428651922972,0.28367951240238,1.31034587358349
"Hucuktlis","BYB",1985,"1",-0.403297010773122,-0.209993815344059,0.0898544702301427,0.379145438713534,0.546442645681902,1.31034587358349
"Hucuktlis","BYB",1986,"1",-0.201681080964606,-0.00285498544482987,0.334684520223951,0.669674223867418,0.87571222523184,1.31034587358349
"Hucuktlis","BYB",1987,"1",-0.495975208018086,-0.299495473936775,0.00991051394952525,0.308980237498403,0.492722960333103,1.31034587358349
"Hucuktlis","BYB",1988,"1",-0.0395098578179777,0.159639890048462,0.471367384628126,0.754569912120503,0.917898764034046,1.31034587358349
"Hucuktlis","BYB",1989,"1",-0.164766916165992,0.0468170308734072,0.368302947579591,0.664792164239187,0.828827842009094,1.31034587358349
"Hucuktlis","BYB",1990,"1",-0.577624898858366,-0.367041235117446,-0.0441168360848359,0.267192179847015,0.44704014264117,1.31034587358349
"Hucuktlis","BYB",1991,"1",-0.619620811929965,-0.417666660750009,-0.108088420731898,0.193128340150717,0.380338406944995,1.31034587358349
"Hucuktlis","BYB",1992,"1",-0.261666320661512,-0.0680545392086381,0.228094698849816,0.51264648579631,0.673943352855401,1.31034587358349
"Hucuktlis","BYB",1993,"1",-0.341645312247508,-0.149617127099758,0.163705006653687,0.443525515439475,0.607222094742149,1.31034587358349
"Hucuktlis","BYB",1994,"1",-1.00493606444721,-0.829266915973404,-0.516111456995486,-0.193603023712983,-0.00413242203005534,1.31034587358349
"Hucuktlis","BYB",1995,"1",-0.798556609289608,-0.599712195727891,-0.275732030933615,0.071300204140224,0.269614549987304,1.31034587358349
"Hucuktlis","BYB",1996,"1",-0.312771494661605,-0.105136357443395,0.216637765624334,0.501079641534037,0.667811100728227,1.31034587358349
"Hucuktlis","BYB",1997,"1",-0.664882001473911,-0.458568180233334,-0.131299900955566,0.170542598943591,0.346150080997317,1.31034587358349
"Hucuktlis","BYB",1998,"1",-1.49739901934713,-1.30947469193405,-0.986999272893345,-0.656232383257186,-0.442842376428933,1.31034587358349
"Hucuktlis","BYB",1999,"1",-1.08437355619513,-0.88630904600851,-0.567835535690767,-0.261099982089548,-0.0731787334909756,1.31034587358349
"Hucuktlis","BYB",2000,"1",-1.62455409181738,-1.4430005908883,-1.12244604417091,-0.779352768760573,-0.570785648083698,1.31034587358349
"Hucuktlis","BYB",2001,"1",-0.800613748898021,-0.603741947243838,-0.283872729442833,0.0247797883367268,0.205336942524797,1.31034587358349
"Hucuktlis","BYB",2002,"1",-0.477938703520533,-0.267646444521303,0.0567567166587528,0.364566923614111,0.531357530877628,1.31034587358349
"Hucuktlis","BYB",2003,"1",-0.974839903906183,-0.798856426371432,-0.438531833701499,-0.0241711156511082,0.225389887073685,1.31034587358349
"Hucuktlis","BYB",2004,"0",-0.195554138107939,0.00304440713916279,0.355994531415256,0.714685564102869,0.9401487321181,1.31034587358349
"Hucuktlis","BYB",2005,"0",0.0125381378607858,0.216218335642913,0.596087391805039,0.997137205667286,1.24794845103189,1.31034587358349
"Hucuktlis","BYB",2006,"1",-0.180657775743934,0.0287285423302734,0.382920126080851,0.736981591310407,0.946707346781786,1.31034587358349
"Hucuktlis","BYB",2007,"0",-1.45249749006131,-1.27532766412444,-0.943760184485763,-0.581295824087635,-0.357541274360844,1.31034587358349
"Hucuktlis","BYB",2008,"0",-0.451884461970534,-0.239902407794698,0.0905293023363027,0.420085233459325,0.627709231812729,1.31034587358349
"Hucuktlis","BYB",2009,"0",-0.838757079052637,-0.641012629580709,-0.298911896447781,0.0526668565474495,0.271664873169306,1.31034587358349
"Hucuktlis","BYB",2010,"0",-0.489741241209754,-0.297817010512285,0.0449564229429793,0.377386871363061,0.564979322744858,1.31034587358349
"Hucuktlis","BYB",2011,"0",-0.597768344114775,-0.398623014930472,-0.0697292091399238,0.257759642130169,0.462754337661445,1.31034587358349
"Hucuktlis","BYB",2012,"0",-1.07028642884998,-0.874865701727848,-0.53506955776262,-0.190285748197688,0.038372094532694,1.31034587358349
"Hucuktlis","BYB",2013,"0",-0.694409377097652,-0.496108688083341,-0.149282877152197,0.195225857987587,0.410197312032794,1.31034587358349
"Hucuktlis","BYB",2014,"0",-0.603825019678533,-0.350569480718322,0.0710043221867949,0.508377823278416,0.759729078393267,1.31034587358349
"Hucuktlis","BYB",2015,"0",-0.491902088675902,-0.212199830902858,0.237619816933061,0.684448178859964,0.948296219748443,1.31034587358349
"Hucuktlis","BYB",2016,"0",-0.533370235292177,-0.260526254097795,0.200296763163691,0.659444910629494,0.918265935703784,1.31034587358349
"Hucuktlis","BYB",2017,"0",-0.607877720201012,-0.332017718859853,0.139004668039973,0.601404797402199,0.870158882723758,1.31034587358349
"Hucuktlis","BYB",2018,"0",-0.571118275436022,-0.307075649236948,0.155132539424925,0.609595610719901,0.887626090010123,1.31034587358349
"Hucuktlis","BYB",2019,"0",-0.642473052223902,-0.377884935730741,0.0649330798670187,0.505877156245827,0.764905194796068,1.31034587358349
"Hucuktlis","BYB",2020,"0",-0.544853635784047,-0.304990407020549,0.119697999955761,0.548237879749145,0.795320310340376,1.31034587358349
"Hucuktlis","BYB",2021,"0",-0.518787452990405,-0.24150290365532,0.192336264838601,0.619064024881345,0.866110167624711,1.31034587358349
