"date","rsproat","year"
2016-08-19,1.85499995946884,"2016"
2016-08-20,1.80599997043609,"2016"
2016-08-21,1.76499996582667,"2016"
2016-08-22,1.72571425778525,"2016"
2016-08-23,1.64428569589342,"2016"
2016-08-24,1.56714284420013,"2016"
2016-08-25,1.49857142993382,"2016"
2016-08-26,1.44142857619694,"2016"
2016-08-27,1.38714286259243,"2016"
2016-08-28,1.3614285843713,"2016"
2016-08-29,1.41714286804199,"2016"
2016-08-30,1.59285715648106,"2016"
2016-08-31,1.80000000340598,"2016"
2016-09-01,2.02142855099269,"2016"
2016-09-02,2.23999997547695,"2016"
2016-09-03,2.46857139042446,"2016"
2016-09-04,2.68142851761409,"2016"
2016-09-05,2.81857136317662,"2016"
2016-09-06,2.83285706383841,"2016"
2016-09-07,2.80999994277954,"2016"
2016-09-08,2.77142851693289,"2016"
2016-09-09,2.72857138088771,"2016"
2016-09-10,2.66999997411455,"2016"
2016-09-11,2.59571426255362,"2016"
2016-09-12,2.51285713059562,"2016"
2016-09-13,2.43428570883615,"2016"
2016-09-14,2.38999996866499,"2016"
2016-09-15,2.37428569793701,"2016"
2016-09-16,2.44285712923322,"2016"
2016-09-17,2.56857139723641,"2016"
2016-09-18,2.71571428435189,"2016"
2016-09-19,2.87142855780465,"2016"
2016-09-20,3.06142854690552,"2016"
2016-09-21,3.25,"2016"
2016-09-22,3.43285713876997,"2016"
2016-09-23,3.54714284624372,"2016"
2016-09-24,3.61571427753993,"2016"
2016-09-25,3.66142855371748,"2016"
2016-09-26,3.69571426936558,"2016"
2016-09-27,3.68857141903469,"2016"
2016-09-28,3.67999999863761,"2016"
2016-09-29,3.69571430342538,"2016"
2016-09-30,3.71571431841169,"2016"
2016-10-01,3.8471428666796,"2016"
2016-10-02,4.2642857006618,"2016"
2016-10-03,4.88999996866499,"2016"
2016-10-04,6.51857134274074,"2016"
2016-10-05,8.81428572109768,"2016"
2016-10-06,11.5457142761776,"2016"
2016-10-07,14.2842857497079,"2016"
2016-10-08,16.8128571510315,"2016"
2016-10-09,18.9385714530945,"2016"
2016-10-10,21.6999999455043,"2016"
2016-10-11,25.8428573608398,"2016"
2016-10-12,31.485714503697,"2016"
2016-10-13,38.7428577968052,"2016"
2016-10-14,47.385714667184,"2016"
2016-10-15,56.0857151576451,"2016"
2016-10-16,64.5428575788225,"2016"
2016-10-17,72.3142858232771,"2016"
2016-10-18,78.1714286804199,"2016"
2016-10-19,82.4285714285714,"2016"
2016-10-20,84.528570992606,"2016"
2016-10-21,84.9714279174805,"2016"
2016-10-22,85.8571417672294,"2016"
2016-10-23,90.042856488909,"2016"
2016-10-24,96.7999997820173,"2016"
2016-10-25,104.242856706892,"2016"
2016-10-26,109.242856706892,"2016"
2016-10-27,113.742856706892,"2016"
2016-10-28,117.785714285714,"2016"
2016-10-29,120.571428571429,"2016"
2016-10-30,123.857142857143,"2016"
2016-10-31,137.857142857143,"2016"
2016-11-01,152.428571428571,"2016"
2016-11-02,169.714285714286,"2016"
2016-11-03,186.571428571429,"2016"
2016-11-04,204,"2016"
2016-11-05,229.571428571429,"2016"
2016-11-06,253.428571428571,"2016"
2016-11-07,259.428571428571,"2016"
2016-11-08,258.571428571429,"2016"
2016-11-09,255,"2016"
2016-11-10,251,"2016"
2016-11-11,246.714285714286,"2016"
2016-11-12,232,"2016"
2016-11-13,212.142857142857,"2016"
2016-11-14,193.571428571429,"2016"
2016-11-15,177.571428571429,"2016"
2016-11-16,161.714285714286,"2016"
2016-11-17,147.571428571429,"2016"
2016-11-18,135,"2016"
2016-11-19,126.142857142857,"2016"
2016-11-20,122.142857142857,"2016"
2016-11-21,122.428571428571,"2016"
2016-11-22,124.571428571429,"2016"
2016-11-23,127.142857142857,"2016"
2016-11-24,127.857142857143,"2016"
2016-11-25,126,"2016"
2016-11-26,122.142857142857,"2016"
2016-11-27,115.928571428571,"2016"
2016-11-28,107.671428135463,"2016"
2016-11-29,99.8714283534459,"2016"
2016-11-30,93.5571430751256,"2016"
2016-12-01,88.2000002179827,"2016"
2016-12-02,83.5428575788225,"2016"
2016-12-03,79.5857151576451,"2016"
2016-12-04,75.8285724094936,"2016"
2016-12-05,72.2857159205846,"2016"
2016-12-06,68.4571440560477,"2016"
2016-12-07,64.0714291163853,"2016"
2016-12-08,59.9142864772252,"2016"
2016-12-09,56.0857146126883,"2016"
2016-12-10,52.5571425301688,"2016"
2016-12-11,49.3142852783203,"2016"
2016-12-12,46.3428562709263,"2016"
2016-12-13,43.542856488909,"2016"
2016-12-14,40.7428567068917,"2016"
2016-12-15,38.042856488909,"2016"
2016-12-16,35.9285708836147,"2016"
2016-12-17,34.2571424756731,"2016"
2016-12-18,32.9999997275216,"2016"
2016-12-19,32.1571429116385,"2016"
2016-12-20,31.6428571428572,"2016"
2016-12-21,31.3571428571429,"2016"
2016-12-22,31.1714286804199,"2016"
2016-12-23,30.7571430206299,"2016"
2016-12-24,30.3571431296213,"2016"
2016-12-25,29.900000163487,"2016"
2016-12-26,29.58571434021,"2016"
2016-12-27,29.2857142857143,"2016"
2016-12-28,28.9571429661342,"2016"
2016-12-29,28.6142856052944,"2016"
2016-12-30,28.0714285714286,"2016"
2016-12-31,27.3000000544957,"2016"
2017-01-01,26.41428565979,"2017"
2017-01-02,25.1857141767229,"2017"
2017-01-03,23.91428565979,"2017"
2017-01-04,22.7142854418073,"2017"
2017-01-05,21.6142856052944,"2017"
2017-01-06,20.7285712105887,"2017"
2017-01-07,19.928571156093,"2017"
2017-01-08,19.1714284079415,"2017"
2017-01-09,18.4428570611136,"2017"
2017-01-10,17.6428571428571,"2017"
2017-01-11,16.7857144219535,"2017"
2017-01-12,15.9142857960292,"2017"
2017-01-13,15.0142859050206,"2017"
2017-01-14,15.628571510315,"2017"
2017-01-15,22.2857141494751,"2017"
2017-01-16,32.9714281899589,"2017"
2017-01-17,44.542857170105,"2017"
2017-01-18,55.6142861502511,"2017"
2017-01-19,65.9285714285714,"2017"
2017-01-20,75.400000163487,"2017"
2017-01-21,82.5571430751256,"2017"
2017-01-22,83,"2017"
2017-01-23,78.8285718645368,"2017"
2017-01-24,73.2571427481515,"2017"
2017-01-25,67.7571422031947,"2017"
2017-01-26,62.7999997820173,"2017"
2017-01-27,58.7714282444545,"2017"
2017-01-28,55.3857138497489,"2017"
2017-01-29,52.4714284624372,"2017"
2017-01-30,49.9285708836147,"2017"
2017-01-31,47.6999996730259,"2017"
2017-02-01,45.8428568158831,"2017"
2017-02-02,44.1285711015974,"2017"
2017-02-03,42.0857140677316,"2017"
2017-02-04,39.9857139587402,"2017"
2017-02-05,37.9428569248744,"2017"
2017-02-06,36.3285713195801,"2017"
2017-02-07,35.4714284624372,"2017"
2017-02-08,35.0428570338658,"2017"
2017-02-09,34.7142857142857,"2017"
2017-02-10,34.514285496303,"2017"
2017-02-11,34.514285496303,"2017"
2017-02-12,37.2285712105887,"2017"
2017-02-13,46.6571431841169,"2017"
2017-02-14,57.3428573608398,"2017"
2017-02-15,66.9428574698312,"2017"
2017-02-16,75.457143511091,"2017"
2017-02-17,83.0714296613421,"2017"
2017-02-18,89.7571443830218,"2017"
2017-02-19,93.028573172433,"2017"
2017-02-20,88.6714303152902,"2017"
2017-02-21,81.8285729544503,"2017"
2017-02-22,75.1428587777274,"2017"
2017-02-23,69.1142866952079,"2017"
2017-02-24,63.6285721915109,"2017"
2017-02-25,58.7000007629395,"2017"
2017-02-26,54.3428579057966,"2017"
2017-02-27,50.6428576878139,"2017"
2017-02-28,47.9142864772252,"2017"
2017-03-01,45.8000008719308,"2017"
2017-03-02,43.9571440560477,"2017"
2017-03-03,42.3571439470564,"2017"
2017-03-04,41.0285720825195,"2017"
2017-03-05,39.8857149396624,"2017"
2017-03-06,38.6857147216797,"2017"
2017-03-07,37.2000002179827,"2017"
2017-03-08,35.6714286804199,"2017"
2017-03-09,34.6142856052944,"2017"
2017-03-10,35.1285711015974,"2017"
2017-03-11,36.9428569248744,"2017"
2017-03-12,40.014285496303,"2017"
2017-03-13,43.5999995640346,"2017"
2017-03-14,47.5999995640346,"2017"
2017-03-15,51.7428567068917,"2017"
2017-03-16,55.3428568158831,"2017"
2017-03-17,57.2285712105887,"2017"
2017-03-18,57.7428572518485,"2017"
2017-03-19,57.9428569248744,"2017"
2017-03-20,58.971429007394,"2017"
2017-03-21,60.6000006539481,"2017"
2017-03-22,63.1857152666364,"2017"
2017-03-23,65.9857150486537,"2017"
2017-03-24,69.0857146126883,"2017"
2017-03-25,73.0142860412598,"2017"
2017-03-26,77.1714292253767,"2017"
2017-03-27,80.4000004359654,"2017"
2017-03-28,82.1285716465541,"2017"
2017-03-29,82.2142857142857,"2017"
2017-03-30,81.7000002179827,"2017"
2017-03-31,80.6142861502511,"2017"
2017-04-01,78.4142859322684,"2017"
2017-04-02,75.6428571428571,"2017"
2017-04-03,72.8571428571429,"2017"
2017-04-04,70.8428573608398,"2017"
2017-04-05,70.6714281354632,"2017"
2017-04-06,71.2571422031948,"2017"
2017-04-07,72.0999995640346,"2017"
2017-04-08,72.9285714285714,"2017"
2017-04-09,72.8571428571429,"2017"
2017-04-10,72.485714503697,"2017"
2017-04-11,71.9285714285714,"2017"
2017-04-12,69.9142859322684,"2017"
2017-04-13,67.4428574698312,"2017"
2017-04-14,65.0428575788225,"2017"
2017-04-15,63.7000002179827,"2017"
2017-04-16,64.014285496303,"2017"
2017-04-17,65.6571426391602,"2017"
2017-04-18,67.2285712105887,"2017"
2017-04-19,68.7000002179827,"2017"
2017-04-20,70.7428572518485,"2017"
2017-04-21,73.0571430751256,"2017"
2017-04-22,74.485714503697,"2017"
2017-04-23,74.5000010899135,"2017"
2017-04-24,72.957143511091,"2017"
2017-04-25,71.0285720825195,"2017"
2017-04-26,69.0285720825195,"2017"
2017-04-27,66.5000010899135,"2017"
2017-04-28,63.6571437290737,"2017"
2017-04-29,60.8714294433594,"2017"
2017-04-30,58.2714287894113,"2017"
2017-05-01,56.2285717555455,"2017"
2017-05-02,54.9000004359654,"2017"
2017-05-03,54.0285715375628,"2017"
2017-05-04,53.2857142857143,"2017"
2017-05-05,52.6428571428571,"2017"
2017-05-06,52.0714285714286,"2017"
2017-05-07,51.3571428571429,"2017"
2017-05-08,50.4428569248744,"2017"
2017-05-09,49.3142858232771,"2017"
2017-05-10,48.0285715375628,"2017"
2017-05-11,46.7285712105887,"2017"
2017-05-12,45.5,"2017"
2017-05-13,44.4428569248744,"2017"
2017-05-14,43.4428569248744,"2017"
2017-05-15,42.2999997820173,"2017"
2017-05-16,40.9999994550432,"2017"
2017-05-17,39.7714282444545,"2017"
2017-05-18,38.7714282444545,"2017"
2017-05-19,38.0857135227748,"2017"
2017-05-20,37.6571420942034,"2017"
2017-05-21,37.3857138497489,"2017"
2017-05-22,37.199999673026,"2017"
2017-05-23,37.0857140677316,"2017"
2017-05-24,37.0428570338658,"2017"
2017-05-25,37.0571430751256,"2017"
2017-05-26,37.0428575788226,"2017"
2017-05-27,36.957143511091,"2017"
2017-05-28,36.8571434020996,"2017"
2017-05-29,36.8000003269741,"2017"
2017-05-30,36.8714288984026,"2017"
2017-05-31,36.9428574698312,"2017"
2017-06-01,36.8000003269741,"2017"
2017-06-02,36.4000004359654,"2017"
2017-06-03,35.7571432931083,"2017"
2017-06-04,35.0285718100412,"2017"
2017-06-05,34.371429170881,"2017"
2017-06-06,33.7428575243269,"2017"
2017-06-07,33.0142857687814,"2017"
2017-06-08,32.3000000544957,"2017"
2017-06-09,31.6428571428571,"2017"
2017-06-10,31.014285496303,"2017"
2017-06-11,30.3428570883615,"2017"
2017-06-12,29.8999998910087,"2017"
2017-06-13,30.1142856052944,"2017"
2017-06-14,30.4571429661342,"2017"
2017-06-15,30.8285713195801,"2017"
2017-06-16,31.2428569793701,"2017"
2017-06-17,31.7285712105887,"2017"
2017-06-18,32.2714282444545,"2017"
2017-06-19,32.3857141222273,"2017"
2017-06-20,31.6000001089914,"2017"
2017-06-21,30.6714286804199,"2017"
2017-06-22,29.7571430206299,"2017"
2017-06-23,28.8571431296213,"2017"
2017-06-24,27.9142859322684,"2017"
2017-06-25,26.9714287349156,"2017"
2017-06-26,26.0571428026472,"2017"
2017-06-27,25.1571426391602,"2017"
2017-06-28,24.2714282444545,"2017"
2017-06-29,23.3857141222273,"2017"
2017-06-30,22.4857139587402,"2017"
2017-07-01,21.5714282989502,"2017"
2017-07-02,20.6571426391602,"2017"
2017-07-03,19.7714285169329,"2017"
2017-07-04,18.91428565979,"2017"
2017-07-05,18.0714285714286,"2017"
2017-07-06,17.2285713468279,"2017"
2017-07-07,16.3714284896851,"2017"
2017-07-08,15.5571428026472,"2017"
2017-07-09,14.7714285169329,"2017"
2017-07-10,14.0285712650844,"2017"
2017-07-11,13.2857142857143,"2017"
2017-07-12,12.5714285714286,"2017"
2017-07-13,11.8642857415335,"2017"
2017-07-14,11.2228572028024,"2017"
2017-07-15,10.6228572300502,"2017"
2017-07-16,10.0571429388864,"2017"
2017-07-17,9.53714302607944,"2017"
2017-07-18,9.06714296340942,"2017"
2017-07-19,8.65428577150617,"2017"
2017-07-20,8.31428568703788,"2017"
2017-07-21,8.00142853600638,"2017"
2017-07-22,7.72714281082153,"2017"
2017-07-23,7.49857139587402,"2017"
2017-07-24,7.26285709653582,"2017"
2017-07-25,7.05285712650844,"2017"
2017-07-26,6.81999996730259,"2017"
2017-07-27,6.58142859595162,"2017"
2017-07-28,6.33428573608398,"2017"
2017-07-29,6.07714291981288,"2017"
2017-07-30,5.81428575515747,"2017"
2017-07-31,5.57142857142857,"2017"
2017-08-01,5.33999994822911,"2017"
2017-08-02,5.1114285332816,"2017"
2017-08-03,4.89857135500227,"2017"
2017-08-04,4.70999997002738,"2017"
2017-08-05,4.53142854145595,"2017"
2017-08-06,4.35714285714286,"2017"
2017-08-07,4.19000002316066,"2017"
2017-08-08,4.02142861911229,"2017"
2017-08-09,3.87000005585807,"2017"
2017-08-10,3.72571434293475,"2017"
2017-08-11,3.57714291981288,"2017"
2017-08-12,3.43142860276359,"2017"
2017-08-13,3.2914286000388,"2017"
2017-08-14,3.15142859731402,"2017"
2017-08-15,3.02142861911229,"2017"
2017-08-16,2.88428575651986,"2017"
2017-08-17,2.7500000340598,"2017"
2017-08-18,2.62714287212917,"2017"
2017-08-19,2.51714287485395,"2017"
2017-08-20,2.41000001771109,"2017"
2017-08-21,2.30142859050206,"2017"
2017-08-22,2.19714285646166,"2017"
2017-08-23,2.1042856999806,"2017"
2017-08-24,2.01857142789023,"2017"
2017-08-25,1.94000000613076,"2017"
2017-08-26,1.85714285714286,"2017"
2017-08-27,1.77714284828731,"2017"
2017-08-28,1.70999998705728,"2017"
2017-08-29,1.64999999318804,"2017"
2017-08-30,1.5971428666796,"2017"
2017-08-31,1.53714287281036,"2017"
2017-09-01,1.45571429388864,"2017"
2017-09-02,1.38000001226153,"2017"
2017-09-03,1.31000001089914,"2017"
2017-09-04,1.26714287485395,"2017"
2017-09-05,1.24000000953674,"2017"
2017-09-06,1.21571428435189,"2017"
2017-09-07,1.20571427685874,"2017"
2017-09-08,1.21857142448425,"2017"
2017-09-09,1.23142857210977,"2017"
2017-09-10,1.24428571973528,"2017"
2017-09-11,1.23428571224213,"2017"
2017-09-12,1.21285714421953,"2017"
2017-09-13,1.19000000613076,"2017"
2017-09-14,1.16714286804199,"2017"
2017-09-15,1.15142858028412,"2017"
2017-09-16,1.14142857279096,"2017"
2017-09-17,1.13714284556253,"2017"
2017-09-18,1.13428570543017,"2017"
2017-09-19,1.13285713536399,"2017"
2017-09-20,1.13285713536399,"2017"
2017-09-21,1.13142856529781,"2017"
2017-09-22,1.13142856529781,"2017"
2017-09-23,1.12857142516545,"2017"
2017-09-24,1.12285714490073,"2017"
2017-09-25,1.11714286463601,"2017"
2017-09-26,1.11428572450365,"2017"
2017-09-27,1.11285715443747,"2017"
2017-09-28,1.11285715443747,"2017"
2017-09-29,1.10857144423894,"2017"
2017-09-30,1.10142859390804,"2017"
2017-10-01,1.09285715648106,"2017"
2017-10-02,1.08428571905409,"2017"
2017-10-03,1.07285714149475,"2017"
2017-10-04,1.0628571340016,"2017"
2017-10-05,1.05285712650844,"2017"
2017-10-06,1.03999997888293,"2017"
2017-10-07,1.02999997138977,"2017"
2017-10-08,1.02285712105887,"2017"
2017-10-09,1.01857141086034,"2017"
2017-10-10,1.01385712623596,"2017"
2017-10-11,1.00714284181595,"2017"
2017-10-12,0.998999987329757,"2017"
2017-10-13,1.02471428258079,"2017"
2017-10-14,2.70900002547673,"2017"
2017-10-15,5.75042848927634,"2017"
2017-10-16,10.9918571710587,"2017"
2017-10-17,16.9208571740559,"2017"
2017-10-18,22.9661427821432,"2017"
2017-10-19,29.9128568513053,"2017"
2017-10-20,37.1428567341396,"2017"
2017-10-21,42.528570992606,"2017"
2017-10-22,46.2571427481515,"2017"
2017-10-23,47.4428569248744,"2017"
2017-10-24,47.5571425301688,"2017"
2017-10-25,47.1714281354632,"2017"
2017-10-26,45.514285496303,"2017"
2017-10-27,43.1857141767229,"2017"
2017-10-28,40.6999996730259,"2017"
2017-10-29,38.1714281354632,"2017"
2017-10-30,35.7428567068917,"2017"
2017-10-31,33.4428569248745,"2017"
2017-11-01,31.2714285169329,"2017"
2017-11-02,29.2428569793701,"2017"
2017-11-03,27.3714283534459,"2017"
2017-11-04,25.6428571428572,"2017"
2017-11-05,24.0714285714286,"2017"
2017-11-06,22.6285713740758,"2017"
2017-11-07,21.3428570883615,"2017"
2017-11-08,20.2714285169329,"2017"
2017-11-09,20.08571434021,"2017"
2017-11-10,21.4285714285714,"2017"
2017-11-11,25.1285716465541,"2017"
2017-11-12,31.5142860412598,"2017"
2017-11-13,39.0142863137381,"2017"
2017-11-14,46.4714292798723,"2017"
2017-11-15,53.8714288984026,"2017"
2017-11-16,66.9428574698312,"2017"
2017-11-17,83.5428575788225,"2017"
2017-11-18,97.2714287894113,"2017"
2017-11-19,113.071428571429,"2017"
2017-11-20,134.871428353446,"2017"
2017-11-21,155.671428135463,"2017"
2017-11-22,176.857142857143,"2017"
2017-11-23,195.857142857143,"2017"
2017-11-24,208.571428571429,"2017"
2017-11-25,219.714285714286,"2017"
2017-11-26,224,"2017"
2017-11-27,221.714285714286,"2017"
2017-11-28,219.142857142857,"2017"
2017-11-29,213.714285714286,"2017"
2017-11-30,201.142857142857,"2017"
2017-12-01,187.142857142857,"2017"
2017-12-02,172.857142857143,"2017"
2017-12-03,158.714285714286,"2017"
2017-12-04,142.414285932268,"2017"
2017-12-05,126.128571646554,"2017"
2017-12-06,111.214285714286,"2017"
2017-12-07,98.2857142857143,"2017"
2017-12-08,87.3285713195801,"2017"
2017-12-09,78.2142857142857,"2017"
2017-12-10,70.6000001089914,"2017"
2017-12-11,64.1571426391602,"2017"
2017-12-12,58.6285711015974,"2017"
2017-12-13,53.8428568158831,"2017"
2017-12-14,49.7285712105887,"2017"
2017-12-15,46.2999997820173,"2017"
2017-12-16,43.4285708836147,"2017"
2017-12-17,40.9571424211774,"2017"
2017-12-18,38.7428567068917,"2017"
2017-12-19,36.7428567068917,"2017"
2017-12-20,34.8999998910086,"2017"
2017-12-21,33.1285711015974,"2017"
2017-12-22,31.3428568158831,"2017"
2017-12-23,29.5,"2017"
2017-12-24,27.6857141767229,"2017"
2017-12-25,26.1571429116385,"2017"
2017-12-26,25.0142857687814,"2017"
2017-12-27,24.1999999455043,"2017"
2017-12-28,23.5714285714286,"2017"
2017-12-29,23.0428573063442,"2017"
2017-12-30,22.6142858777727,"2017"
2017-12-31,22.2714285169329,"2017"
2018-01-01,21.8428570883615,"2018"
2018-01-02,21.6142858777727,"2018"
2018-01-03,22.0285715375628,"2018"
2018-01-04,22.8428573608398,"2018"
2018-01-05,24.1285716465541,"2018"
2018-01-06,26.0428570338658,"2018"
2018-01-07,28.2428572518485,"2018"
2018-01-08,30.571428843907,"2018"
2018-01-09,32.571428843907,"2018"
2018-01-10,33.971429007394,"2018"
2018-01-11,35.0857148851667,"2018"
2018-01-12,35.8142863682338,"2018"
2018-01-13,36.442858014788,"2018"
2018-01-14,40.5142860412598,"2018"
2018-01-15,48.3999998910087,"2018"
2018-01-16,59.5857140677316,"2018"
2018-01-17,71.5571425301688,"2018"
2018-01-18,90.7857137407575,"2018"
2018-01-19,111.757142203195,"2018"
2018-01-20,130.899999346052,"2018"
2018-01-21,145.014285496303,"2018"
2018-01-22,153.285714285714,"2018"
2018-01-23,156,"2018"
2018-01-24,156,"2018"
2018-01-25,148.714285714286,"2018"
2018-01-26,146.571428571429,"2018"
2018-01-27,146.428571428571,"2018"
2018-01-28,145.857142857143,"2018"
2018-01-29,144.571428571429,"2018"
2018-01-30,143.428571428571,"2018"
2018-01-31,142.428571428571,"2018"
2018-02-01,140.285714285714,"2018"
2018-02-02,130.34285736084,"2018"
2018-02-03,118.757143293108,"2018"
2018-02-04,107.985714503697,"2018"
2018-02-05,99.2428577968052,"2018"
2018-02-06,92.0142865862165,"2018"
2018-02-07,85.7571432931083,"2018"
2018-02-08,79.8857149396624,"2018"
2018-02-09,74.2571432931083,"2018"
2018-02-10,69.1000001089913,"2018"
2018-02-11,64.471429007394,"2018"
2018-02-12,60,"2018"
2018-02-13,55.7142857142857,"2018"
2018-02-14,51.8571434020996,"2018"
2018-02-15,48.5428575788226,"2018"
2018-02-16,45.5428575788226,"2018"
2018-02-17,42.8000003269741,"2018"
2018-02-18,40.2285717555455,"2018"
2018-02-19,37.8714288984026,"2018"
2018-02-20,35.6857144492013,"2018"
2018-02-21,33.58571434021,"2018"
2018-02-22,31.4714284624372,"2018"
2018-02-23,29.5,"2018"
2018-02-24,27.6428574153355,"2018"
2018-02-25,26.0571430751256,"2018"
2018-02-26,24.8428573608398,"2018"
2018-02-27,23.7857145581927,"2018"
2018-02-28,22.8428573608399,"2018"
2018-03-01,21.9571432386126,"2018"
2018-03-02,21.1428574153355,"2018"
2018-03-03,20.4285717010498,"2018"
2018-03-04,19.6571431841169,"2018"
2018-03-05,18.8000003269741,"2018"
2018-03-06,17.985714503697,"2018"
2018-03-07,17.2142859867641,"2018"
2018-03-08,16.5142859050206,"2018"
2018-03-09,15.900000163487,"2018"
2018-03-10,15.400000163487,"2018"
2018-03-11,15.1714286804199,"2018"
2018-03-12,15.1142858777727,"2018"
2018-03-13,15.1285716465541,"2018"
2018-03-14,15.1857144492013,"2018"
2018-03-15,15.2857144219535,"2018"
2018-03-16,15.4285715648106,"2018"
2018-03-17,15.542857170105,"2018"
2018-03-18,15.4714285986764,"2018"
2018-03-19,15.2857142857143,"2018"
2018-03-20,15.1999999455043,"2018"
2018-03-21,15.1857143129621,"2018"
2018-03-22,15.1714285441807,"2018"
2018-03-23,15.2142857142857,"2018"
2018-03-24,15.41428565979,"2018"
2018-03-25,15.8571428571429,"2018"
2018-03-26,16.3428572246007,"2018"
2018-03-27,16.7571428843907,"2018"
2018-03-28,17.1857141767229,"2018"
2018-03-29,17.6857141767229,"2018"
2018-03-30,18.099999836513,"2018"
2018-03-31,18.3285713195801,"2018"
2018-04-01,18.2857140132359,"2018"
2018-04-02,18.4142853873117,"2018"
2018-04-03,19.1571426391602,"2018"
2018-04-04,20.7999997820173,"2018"
2018-04-05,24.0714282989502,"2018"
2018-04-06,27.8571428571428,"2018"
2018-04-07,31.9857142312186,"2018"
2018-04-08,37.7000002179827,"2018"
2018-04-09,44.0571428026472,"2018"
2018-04-10,50.3285713195801,"2018"
2018-04-11,57.0428575788225,"2018"
2018-04-12,62.0571436200823,"2018"
2018-04-13,66.0857146126883,"2018"
2018-04-14,69.1714292253767,"2018"
2018-04-15,70.0428575788225,"2018"
2018-04-16,69.3714294433594,"2018"
2018-04-17,67.6000006539481,"2018"
2018-04-18,64.1714286804199,"2018"
2018-04-19,60.4285714285714,"2018"
2018-04-20,56.8142858232771,"2018"
2018-04-21,53.4857139587402,"2018"
2018-04-22,50.5571425301688,"2018"
2018-04-23,48.0999995640346,"2018"
2018-04-24,46.0999995640346,"2018"
2018-04-25,44.3142852783203,"2018"
2018-04-26,42.8571423121861,"2018"
2018-04-27,41.6571426391602,"2018"
2018-04-28,40.6714286804199,"2018"
2018-04-29,39.8285713195801,"2018"
2018-04-30,39.0714285714286,"2018"
2018-05-01,38.3428573608398,"2018"
2018-05-02,37.5285715375628,"2018"
2018-05-03,36.6285716465541,"2018"
2018-05-04,35.8428573608399,"2018"
2018-05-05,35.1857141767229,"2018"
2018-05-06,34.8428573608399,"2018"
2018-05-07,34.7285712105887,"2018"
2018-05-08,34.5714285714286,"2018"
2018-05-09,34.4000004359654,"2018"
2018-05-10,34.2714287894113,"2018"
2018-05-11,34.1285716465541,"2018"
2018-05-12,33.957143511091,"2018"
2018-05-13,33.5571433476039,"2018"
2018-05-14,32.9000007084438,"2018"
2018-05-15,32.2142862592425,"2018"
2018-05-16,31.5714288439069,"2018"
2018-05-17,30.9000004359654,"2018"
2018-05-18,30.1000001089913,"2018"
2018-05-19,29.1999999455043,"2018"
2018-05-20,28.2285714830671,"2018"
2018-05-21,27.2714285169329,"2018"
2018-05-22,26.3142855507987,"2018"
2018-05-23,25.2999997820173,"2018"
2018-05-24,24.2285712105887,"2018"
2018-05-25,23.1857141767229,"2018"
2018-05-26,22.1714284079415,"2018"
2018-05-27,21.1714284079415,"2018"
2018-05-28,20.1714284079415,"2018"
2018-05-29,19.1714284079415,"2018"
2018-05-30,18.3571428571428,"2018"
2018-05-31,17.6999999455043,"2018"
2018-06-01,17.0999999727522,"2018"
2018-06-02,16.5714285714286,"2018"
2018-06-03,16.3142855507987,"2018"
2018-06-04,16.2142857142857,"2018"
2018-06-05,17.1428571428571,"2018"
2018-06-06,18.8571428571429,"2018"
2018-06-07,20.6000001089914,"2018"
2018-06-08,22.3000001907349,"2018"
2018-06-09,23.900000163487,"2018"
2018-06-10,25.2142859867641,"2018"
2018-06-11,26.3285715920585,"2018"
2018-06-12,26.3714288984026,"2018"
2018-06-13,25.4571432386126,"2018"
2018-06-14,24.400000163487,"2018"
2018-06-15,23.3285715920585,"2018"
2018-06-16,22.3000000544957,"2018"
2018-06-17,21.3000000544957,"2018"
2018-06-18,20.3428573608399,"2018"
2018-06-19,19.4428571973528,"2018"
2018-06-20,18.5428570338658,"2018"
2018-06-21,17.6857143129621,"2018"
2018-06-22,16.957142829895,"2018"
2018-06-23,16.2285714830671,"2018"
2018-06-24,15.5,"2018"
2018-06-25,14.7714285169329,"2018"
2018-06-26,14.08571434021,"2018"
2018-06-27,13.4714287349156,"2018"
2018-06-28,12.8714287621634,"2018"
2018-06-29,12.2142858505249,"2018"
2018-06-30,11.610000201634,"2018"
2018-07-01,11.0528573989868,"2018"
2018-07-02,10.5442859104701,"2018"
2018-07-03,10.065714427403,"2018"
2018-07-04,9.66857147216797,"2018"
2018-07-05,9.33571434020996,"2018"
2018-07-06,9.04714284624372,"2018"
2018-07-07,8.79571424211775,"2018"
2018-07-08,8.56714282717024,"2018"
2018-07-09,8.35285711288452,"2018"
2018-07-10,8.12857137407575,"2018"
2018-07-11,7.84999997275216,"2018"
2018-07-12,7.53714275360107,"2018"
2018-07-13,7.23142855507987,"2018"
2018-07-14,6.92857142857143,"2018"
2018-07-15,6.62857144219535,"2018"
2018-07-16,6.33142859595162,"2018"
2018-07-17,6.04714291436331,"2018"
2018-07-18,5.76857151303972,"2018"
2018-07-19,5.50714295251029,"2018"
2018-07-20,5.25714295251029,"2018"
2018-07-21,5.01428576878139,"2018"
2018-07-22,4.791428565979,"2018"
2018-07-23,4.59142855235509,"2018"
2018-07-24,4.4028570992606,"2018"
2018-07-25,4.22857138088771,"2018"
2018-07-26,4.0628570829119,"2018"
2018-07-27,3.90142849513463,"2018"
2018-07-28,3.74571422168187,"2018"
2018-07-29,3.59428569248744,"2018"
2018-07-30,3.44571426936558,"2018"
2018-07-31,3.30428573063442,"2018"
2018-08-01,3.17428571837289,"2018"
2018-08-02,3.05142859050206,"2018"
2018-08-03,2.94285716329302,"2018"
2018-08-04,2.8471429007394,"2018"
2018-08-05,2.76000002452306,"2018"
2018-08-06,2.69000002316066,"2018"
2018-08-07,2.63142858232771,"2018"
2018-08-08,2.57428574562073,"2018"
2018-08-09,2.52000001498631,"2018"
2018-08-10,2.46428571428571,"2018"
2018-08-11,2.41142855371748,"2018"
2018-08-12,2.36428570747375,"2018"
2018-08-13,2.31714286123003,"2018"
2018-08-14,2.27285715511867,"2018"
2018-08-15,2.23571429933821,"2018"
2018-08-16,2.19857144355774,"2018"
2018-08-17,2.16428572790963,"2018"
2018-08-18,2.13428572246007,"2018"
2018-08-19,2.10142857687814,"2018"
2018-08-20,2.07000000136239,"2018"
2018-08-21,2.03857142584665,"2018"
2018-08-22,2.00571426323482,"2018"
2018-08-23,1.97428570474897,"2018"
2018-08-24,1.9442857163293,"2018"
2018-08-25,1.91428572790963,"2018"
2018-08-26,1.88285715239389,"2018"
2018-08-27,1.85285714694432,"2018"
2018-08-28,1.82428571156093,"2018"
2018-08-29,1.79571429320744,"2018"
2018-08-30,1.76857142789023,"2018"
2018-08-31,1.73714285237449,"2018"
2018-09-01,1.70714284692492,"2018"
2018-09-02,1.68142856870379,"2018"
2018-09-03,1.65571429048266,"2018"
2018-09-04,1.63142858232771,"2018"
2018-09-05,1.61857143470219,"2018"
2018-09-06,1.64857144015176,"2018"
2018-09-07,1.78428571564811,"2018"
2018-09-08,2.26285714762551,"2018"
2018-09-09,2.99571425574166,"2018"
2018-09-10,3.79999993528639,"2018"
2018-09-11,4.93857135091509,"2018"
2018-09-12,6.4657142332622,"2018"
2018-09-13,8.42428571837289,"2018"
2018-09-14,10.6542858396258,"2018"
2018-09-15,12.5714286395482,"2018"
2018-09-16,14.180000100817,"2018"
2018-09-17,15.6914285932268,"2018"
2018-09-18,17.8571429933821,"2018"
2018-09-19,21.4571429661342,"2018"
2018-09-20,25.2142859867641,"2018"
2018-09-21,28.6000003814697,"2018"
2018-09-22,31.7428577968052,"2018"
2018-09-23,34.6714292253767,"2018"
2018-09-24,37.3571434020996,"2018"
2018-09-25,38.7428577968052,"2018"
2018-09-26,38.0000005449567,"2018"
2018-09-27,36.471429007394,"2018"
2018-09-28,35.7714287894113,"2018"
2018-09-29,35.5,"2018"
2018-09-30,35.3714283534459,"2018"
2018-10-01,35.2857142857143,"2018"
2018-10-02,35.2999997820173,"2018"
2018-10-03,35.3714283534459,"2018"
2018-10-04,35.3857138497489,"2018"
2018-10-05,34.3857138497489,"2018"
2018-10-06,32.9428566523961,"2018"
2018-10-07,31.3999996185303,"2018"
2018-10-08,29.8285710471017,"2018"
2018-10-09,28.2428567068917,"2018"
2018-10-10,26.7285712105887,"2018"
2018-10-11,25.2285712105887,"2018"
2018-10-12,23.7142854418073,"2018"
2018-10-13,22.2571427481515,"2018"
2018-10-14,20.8714286259243,"2018"
2018-10-15,19.58571434021,"2018"
2018-10-16,18.400000163487,"2018"
2018-10-17,17.2571428843907,"2018"
2018-10-18,16.2142858505249,"2018"
2018-10-19,15.2571430206299,"2018"
2018-10-20,14.3857143947056,"2018"
2018-10-21,13.6142857415335,"2018"
2018-10-22,13.2142857142857,"2018"
2018-10-23,13.3142856870379,"2018"
2018-10-24,13.7428572518485,"2018"
2018-10-25,14.7714287894113,"2018"
2018-10-26,16.4714288711548,"2018"
2018-10-27,18.6285717827933,"2018"
2018-10-28,21.1857147216797,"2018"
2018-10-29,23.9142860685076,"2018"
2018-10-30,27.8714288984026,"2018"
2018-10-31,32.1428571428571,"2018"
2018-11-01,37.6857141767229,"2018"
2018-11-02,42.8999996185303,"2018"
2018-11-03,47.4571421486991,"2018"
2018-11-04,51.242856161935,"2018"
2018-11-05,54.1714275905064,"2018"
2018-11-06,55.0714274815151,"2018"
2018-11-07,55.042856488909,"2018"
2018-11-08,52.8142852783203,"2018"
2018-11-09,49.9428569248744,"2018"
2018-11-10,47.0285715375628,"2018"
2018-11-11,45.0571430751255,"2018"
2018-11-12,43.9142859322684,"2018"
2018-11-13,43.1142861502511,"2018"
2018-11-14,42.485714503697,"2018"
2018-11-15,41.985714503697,"2018"
2018-11-16,41.6000001089913,"2018"
2018-11-17,41.2428572518485,"2018"
2018-11-18,40.3000003269741,"2018"
2018-11-19,39.0714291163853,"2018"
2018-11-20,38.2428577968053,"2018"
2018-11-21,37.771429334368,"2018"
2018-11-22,37.6000006539481,"2018"
2018-11-23,41.2142862592425,"2018"
2018-11-24,50.9000004359654,"2018"
2018-11-25,62.2285717555455,"2018"
2018-11-26,72.7714287894113,"2018"
2018-11-27,81.7142857142857,"2018"
2018-11-28,89.214285169329,"2018"
2018-11-29,95.4999989100865,"2018"
2018-11-30,97.2142846243722,"2018"
2018-12-01,92.1857136317662,"2018"
2018-12-02,84.714285169329,"2018"
2018-12-03,77.214285169329,"2018"
2018-12-04,70.3714278084891,"2018"
2018-12-05,64.3571423121861,"2018"
2018-12-06,59.6142856052944,"2018"
2018-12-07,56.5714285714286,"2018"
2018-12-08,56.3142852783203,"2018"
2018-12-09,58.8285713195801,"2018"
2018-12-10,64.3857143947056,"2018"
2018-12-11,78.2285717555455,"2018"
2018-12-12,96.285714830671,"2018"
2018-12-13,114.428571973528,"2018"
2018-12-14,134.100000653948,"2018"
2018-12-15,153.671429225377,"2018"
2018-12-16,171.200000217983,"2018"
2018-12-17,188.714285714286,"2018"
2018-12-18,199.571428571429,"2018"
2018-12-19,204.142857142857,"2018"
2018-12-20,206.714285714286,"2018"
2018-12-21,205.285714285714,"2018"
2018-12-22,199.714285714286,"2018"
2018-12-23,191.714285714286,"2018"
2018-12-24,178.714285714286,"2018"
2018-12-25,162.714285714286,"2018"
2018-12-26,148.142857142857,"2018"
2018-12-27,135,"2018"
2018-12-28,122.628571646554,"2018"
2018-12-29,111.485714503697,"2018"
2018-12-30,102.014285496303,"2018"
2018-12-31,99.8714283534459,"2018"
2019-01-01,107.014285496303,"2019"
2019-01-02,116.585714067732,"2019"
2019-01-03,125.442856924874,"2019"
2019-01-04,132.957142421177,"2019"
2019-01-05,139.385713849749,"2019"
2019-01-06,147,"2019"
2019-01-07,155.142857142857,"2019"
2019-01-08,157.857142857143,"2019"
2019-01-09,158.714285714286,"2019"
2019-01-10,159,"2019"
2019-01-11,159.428571428571,"2019"
2019-01-12,159.571428571429,"2019"
2019-01-13,157.285714285714,"2019"
2019-01-14,148.142857142857,"2019"
2019-01-15,137.285714285714,"2019"
2019-01-16,128.857142857143,"2019"
2019-01-17,122.285714285714,"2019"
2019-01-18,116.714285714286,"2019"
2019-01-19,112.571428571429,"2019"
2019-01-20,109.785714285714,"2019"
2019-01-21,107.742856706892,"2019"
2019-01-22,104.528570992606,"2019"
2019-01-23,98.4714279174805,"2019"
2019-01-24,91.3571417672294,"2019"
2019-01-25,84.6999991280692,"2019"
2019-01-26,78.4714279174805,"2019"
2019-01-27,72.3999993460519,"2019"
2019-01-28,66.7428567068917,"2019"
2019-01-29,62.1428565979004,"2019"
2019-01-30,58.714285169329,"2019"
2019-01-31,55.9714284624372,"2019"
2019-02-01,53.6857141767229,"2019"
2019-02-02,51.714285169329,"2019"
2019-02-03,49.9857139587402,"2019"
2019-02-04,48.4428569248744,"2019"
2019-02-05,46.514285496303,"2019"
2019-02-06,44.0428570338658,"2019"
2019-02-07,41.4714284624372,"2019"
2019-02-08,38.9857139587402,"2019"
2019-02-09,36.7285712105887,"2019"
2019-02-10,34.5999995640346,"2019"
2019-02-11,32.5857140677316,"2019"
2019-02-12,30.7857142857143,"2019"
2019-02-13,29.1142858777727,"2019"
2019-02-14,27.5571430751256,"2019"
2019-02-15,26.0857146126883,"2019"
2019-02-16,24.6142861502511,"2019"
2019-02-17,23.2142862592425,"2019"
2019-02-18,21.9142862047468,"2019"
2019-02-19,20.6571431841169,"2019"
2019-02-20,19.5142860412598,"2019"
2019-02-21,18.485714503697,"2019"
2019-02-22,17.5571429388864,"2019"
2019-02-23,16.6714286804199,"2019"
2019-02-24,15.8714286259242,"2019"
2019-02-25,15.1428571428571,"2019"
2019-02-26,14.4285714285714,"2019"
2019-02-27,13.7428571156093,"2019"
2019-02-28,13.08571434021,"2019"
2019-03-01,12.4428571973528,"2019"
2019-03-02,11.8571428571429,"2019"
2019-03-03,11.3085714067732,"2019"
2019-03-04,10.7885713577271,"2019"
2019-03-05,10.3014285223825,"2019"
2019-03-06,9.84999997275216,"2019"
2019-03-07,9.42571422031946,"2019"
2019-03-08,9.0971427645002,"2019"
2019-03-09,8.87428569793701,"2019"
2019-03-10,8.67714282444545,"2019"
2019-03-11,8.51428576878139,"2019"
2019-03-12,8.39571435110909,"2019"
2019-03-13,8.31142861502511,"2019"
2019-03-14,8.26285716465541,"2019"
2019-03-15,8.21142864227295,"2019"
2019-03-16,8.16571426391602,"2019"
2019-03-17,8.22142859867641,"2019"
2019-03-18,8.37571430206299,"2019"
2019-03-19,8.63285718645368,"2019"
2019-03-20,9.03999996185303,"2019"
2019-03-21,9.52714279719762,"2019"
2019-03-22,10.0499999182565,"2019"
2019-03-23,10.6185714176723,"2019"
2019-03-24,11.165714263916,"2019"
2019-03-25,11.6514284951346,"2019"
2019-03-26,12.0428570338658,"2019"
2019-03-27,12.2999999182565,"2019"
2019-03-28,12.4857142312186,"2019"
2019-03-29,12.6285713740757,"2019"
2019-03-30,12.6714285441807,"2019"
2019-03-31,12.7428571156093,"2019"
2019-04-01,12.9000000272478,"2019"
2019-04-02,13.3285714558192,"2019"
2019-04-03,14.9857142312186,"2019"
2019-04-04,18.2857141494751,"2019"
2019-04-05,22.1000001089913,"2019"
2019-04-06,26.0000002724784,"2019"
2019-04-07,29.7428572518485,"2019"
2019-04-08,33.257143156869,"2019"
2019-04-09,36.4000004359654,"2019"
2019-04-10,38.2285717555455,"2019"
2019-04-11,38.3571434020996,"2019"
2019-04-12,37.8428573608398,"2019"
2019-04-13,37.0714285714286,"2019"
2019-04-14,36.2857142857143,"2019"
2019-04-15,35.7571427481515,"2019"
2019-04-16,35.6142856052944,"2019"
2019-04-17,35.6285716465541,"2019"
2019-04-18,35.5857146126883,"2019"
2019-04-19,35.5571430751256,"2019"
2019-04-20,35.7285717555455,"2019"
2019-04-21,35.9285719735282,"2019"
2019-04-22,35.8285718645369,"2019"
2019-04-23,35.2571432931083,"2019"
2019-04-24,34.385714667184,"2019"
2019-04-25,33.400000163487,"2019"
2019-04-26,32.3142860957555,"2019"
2019-04-27,31.0285718100412,"2019"
2019-04-28,29.6285716465541,"2019"
2019-04-29,28.2285717555455,"2019"
2019-04-30,26.8428573608399,"2019"
2019-05-01,25.5428573063442,"2019"
2019-05-02,24.3714286259243,"2019"
2019-05-03,23.3285715920585,"2019"
2019-05-04,22.3857143947056,"2019"
2019-05-05,21.2142859867641,"2019"
2019-05-06,19.9285715648106,"2019"
2019-05-07,18.8285715920585,"2019"
2019-05-08,17.900000163487,"2019"
2019-05-09,17.0857146126883,"2019"
2019-05-10,16.3285715920585,"2019"
2019-05-11,15.6714286804199,"2019"
2019-05-12,15.5,"2019"
2019-05-13,15.6428572790963,"2019"
2019-05-14,15.7571430206299,"2019"
2019-05-15,15.7857144219535,"2019"
2019-05-16,15.7714286531721,"2019"
2019-05-17,15.7142858505249,"2019"
2019-05-18,15.5428573063442,"2019"
2019-05-19,15.2285716193063,"2019"
2019-05-20,14.8142858232771,"2019"
2019-05-21,14.3428572246007,"2019"
2019-05-22,13.8714286259243,"2019"
2019-05-23,13.3857143947057,"2019"
2019-05-24,12.9142857960292,"2019"
2019-05-25,12.4857143674578,"2019"
2019-05-26,12.08571434021,"2019"
2019-05-27,11.7142857142857,"2019"
2019-05-28,11.3714284896851,"2019"
2019-05-29,11.042857170105,"2019"
2019-05-30,10.7157143184117,"2019"
2019-05-31,10.3871428625924,"2019"
2019-06-01,10.0357142857143,"2019"
2019-06-02,9.66285719190324,"2019"
2019-06-03,9.27571432931082,"2019"
2019-06-04,8.88857153483799,"2019"
2019-06-05,8.50142860412598,"2019"
2019-06-06,8.0971428326198,"2019"
2019-06-07,7.72571434293474,"2019"
2019-06-08,7.40571430751256,"2019"
2019-06-09,7.12428569793701,"2019"
2019-06-10,6.87428569793701,"2019"
2019-06-11,6.62999997820173,"2019"
2019-06-12,6.40000002724784,"2019"
2019-06-13,6.19571433748518,"2019"
2019-06-14,5.99142857960292,"2019"
2019-06-15,5.78571428571429,"2019"
2019-06-16,5.56571429116385,"2019"
2019-06-17,5.35142857687814,"2019"
2019-06-18,5.15000002724784,"2019"
2019-06-19,4.94714287349156,"2019"
2019-06-20,4.74857139587402,"2019"
2019-06-21,4.55428573063442,"2019"
2019-06-22,4.37142862592425,"2019"
2019-06-23,4.20714289801461,"2019"
2019-06-24,4.07428577968053,"2019"
2019-06-25,3.97000002861023,"2019"
2019-06-26,3.88142858232771,"2019"
2019-06-27,3.81142861502511,"2019"
2019-06-28,3.75,"2019"
2019-06-29,3.68285713876997,"2019"
2019-06-30,3.62428569793701,"2019"
2019-07-01,3.5342857156481,"2019"
2019-07-02,3.42285714830671,"2019"
2019-07-03,3.31000001089913,"2019"
2019-07-04,3.1942856992994,"2019"
2019-07-05,3.08285713195801,"2019"
2019-07-06,2.98857140541077,"2019"
2019-07-07,2.96142857415336,"2019"
2019-07-08,3.0142857006618,"2019"
2019-07-09,3.09428569248744,"2019"
2019-07-10,3.18285710471017,"2019"
2019-07-11,3.27285712105887,"2019"
2019-07-12,3.35571428707668,"2019"
2019-07-13,3.44285712923322,"2019"
2019-07-14,3.47999998501369,"2019"
2019-07-15,3.45571429388864,"2019"
2019-07-16,3.41428572790963,"2019"
2019-07-17,3.37000002179827,"2019"
2019-07-18,3.32714288575309,"2019"
2019-07-19,3.28999999591282,"2019"
2019-07-20,3.23714286940438,"2019"
2019-07-21,3.16428572790963,"2019"
2019-07-22,3.07857142175947,"2019"
2019-07-23,2.98714286940438,"2019"
2019-07-24,2.90714287757874,"2019"
2019-07-25,2.83428573608398,"2019"
2019-07-26,2.76000002452305,"2019"
2019-07-27,2.6942857333592,"2019"
2019-07-28,2.63285715239389,"2019"
2019-07-29,2.62142859186445,"2019"
2019-07-30,2.9928571496691,"2019"
2019-07-31,3.47142859867641,"2019"
2019-08-01,3.93857141903469,"2019"
2019-08-02,4.38571429252625,"2019"
2019-08-03,4.8471429007394,"2019"
2019-08-04,5.28857145990644,"2019"
2019-08-05,5.66285719190325,"2019"
2019-08-06,5.66428579602923,"2019"
2019-08-07,5.53428574970791,"2019"
2019-08-08,5.39285721097674,"2019"
2019-08-09,5.24000004359654,"2019"
2019-08-10,5.03285714558193,"2019"
2019-08-11,4.82714285169329,"2019"
2019-08-12,4.62428569793701,"2019"
2019-08-13,4.42285711424691,"2019"
2019-08-14,4.22714284488133,"2019"
2019-08-15,4.02857140132359,"2019"
2019-08-16,3.84142855235508,"2019"
2019-08-17,3.66285712378366,"2019"
2019-08-18,3.53571428571428,"2019"
2019-08-19,3.42571428843907,"2019"
2019-08-20,3.31428568703788,"2019"
2019-08-21,3.20714282989502,"2019"
2019-08-22,3.09428569248744,"2019"
2019-08-23,2.96142857415336,"2019"
2019-08-24,2.87285716193063,"2019"
2019-08-25,2.76857144492013,"2019"
2019-08-26,2.65142856325422,"2019"
2019-08-27,2.57428571156093,"2019"
2019-08-28,2.50142857006618,"2019"
2019-08-29,2.46000000408718,"2019"
2019-08-30,2.46428571428572,"2019"
2019-08-31,2.43857141903469,"2019"
2019-09-01,2.41142855371748,"2019"
2019-09-02,2.37999997820173,"2019"
2019-09-03,2.28142855848585,"2019"
2019-09-04,2.19857140949794,"2019"
2019-09-05,2.14857142312186,"2019"
2019-09-06,2.09285712242126,"2019"
2019-09-07,2.05999997683934,"2019"
2019-09-08,2.25428571019854,"2019"
2019-09-09,2.74142857960292,"2019"
2019-09-10,3.43142858573368,"2019"
2019-09-11,4.36428574153355,"2019"
2019-09-12,5.71571435247148,"2019"
2019-09-13,7.20714293207441,"2019"
2019-09-14,9.04571431023734,"2019"
2019-09-15,11.0385714939662,"2019"
2019-09-16,12.8671428135463,"2019"
2019-09-17,14.6085713250296,"2019"
2019-09-18,15.9714284624372,"2019"
2019-09-19,16.9999997275216,"2019"
2019-09-20,17.9142853873117,"2019"
2019-09-21,18.7285712105887,"2019"
2019-09-22,19.1285711015974,"2019"
2019-09-23,19.3714283534459,"2019"
2019-09-24,19.4428569248744,"2019"
2019-09-25,19.5285712650844,"2019"
2019-09-26,19.3285713195801,"2019"
2019-09-27,18.9571426936558,"2019"
2019-09-28,18.2142854418073,"2019"
2019-09-29,17.3714283534459,"2019"
2019-09-30,16.5714282989502,"2019"
2019-10-01,15.8428569521223,"2019"
2019-10-02,15.1714282717024,"2019"
2019-10-03,14.5999997002738,"2019"
2019-10-04,14.2285712105887,"2019"
2019-10-05,13.9999998637608,"2019"
2019-10-06,13.8285713195801,"2019"
2019-10-07,13.5857142039708,"2019"
2019-10-08,13.2857141494751,"2019"
2019-10-09,12.9714284624372,"2019"
2019-10-10,12.6571427753993,"2019"
2019-10-11,12.2285713468279,"2019"
2019-10-12,11.7999999182565,"2019"
2019-10-13,12.1285713740757,"2019"
2019-10-14,14.1857143129621,"2019"
2019-10-15,17.8285715920584,"2019"
2019-10-16,22.1857145854405,"2019"
2019-10-17,26.8428573608398,"2019"
2019-10-18,31.9000000272478,"2019"
2019-10-19,37.4571429661342,"2019"
2019-10-20,42.2714285169329,"2019"
2019-10-21,45.1857141767229,"2019"
2019-10-22,46.3142852783203,"2019"
2019-10-23,46.5142849513463,"2019"
2019-10-24,46.1428565979004,"2019"
2019-10-25,45.0857140677316,"2019"
2019-10-26,43.1714281354632,"2019"
2019-10-27,40.9999994550433,"2019"
2019-10-28,38.7571422031948,"2019"
2019-10-29,36.4857139587402,"2019"
2019-10-30,34.2142857142857,"2019"
2019-10-31,32.0285712650844,"2019"
2019-11-01,29.9571426936558,"2019"
2019-11-02,28.0142857687814,"2019"
2019-11-03,26.1857144492013,"2019"
2019-11-04,24.5000002724784,"2019"
2019-11-05,22.9285717010498,"2019"
2019-11-06,21.5000002724784,"2019"
2019-11-07,20.1857147216797,"2019"
2019-11-08,18.9857146399362,"2019"
2019-11-09,17.985714503697,"2019"
2019-11-10,17.1000003814697,"2019"
2019-11-11,16.342857497079,"2019"
2019-11-12,16.0142859050206,"2019"
2019-11-13,16.2428571156093,"2019"
2019-11-14,19.2714286531721,"2019"
2019-11-15,23.5000002724784,"2019"
2019-11-16,27.7571431568691,"2019"
2019-11-17,31.8285714558193,"2019"
2019-11-18,35.6428574153355,"2019"
2019-11-19,38.8857143947056,"2019"
2019-11-20,41.485714503697,"2019"
2019-11-21,41.6571426391602,"2019"
2019-11-22,40.6142850603376,"2019"
2019-11-23,39.2999992370605,"2019"
2019-11-24,37.9857139587402,"2019"
2019-11-25,36.6857136317662,"2019"
2019-11-26,35.4285708836147,"2019"
2019-11-27,34.128570829119,"2019"
2019-11-28,32.3428568158831,"2019"
2019-11-29,30.4714284624372,"2019"
2019-11-30,28.6714286804199,"2019"
2019-12-01,27.0571428026472,"2019"
2019-12-02,25.6285713740757,"2019"
2019-12-03,24.6142858777727,"2019"
2019-12-04,24.4714287349156,"2019"
2019-12-05,24.7428572518485,"2019"
2019-12-06,25.1571429116385,"2019"
2019-12-07,25.6428571428571,"2019"
2019-12-08,26.1714284079415,"2019"
2019-12-09,27.4571426936558,"2019"
2019-12-10,29.0571428026472,"2019"
2019-12-11,30.0714285714286,"2019"
2019-12-12,30.8142858232771,"2019"
2019-12-13,31.5714288439069,"2019"
2019-12-14,32.971429007394,"2019"
2019-12-15,36.8142863682338,"2019"
2019-12-16,42.5285726274763,"2019"
2019-12-17,48.742858341762,"2019"
2019-12-18,54.9714295523507,"2019"
2019-12-19,61.1142861502511,"2019"
2019-12-20,66.771429334368,"2019"
2019-12-21,71.3000003269741,"2019"
2019-12-22,72.8142863682338,"2019"
2019-12-23,71.2142857142857,"2019"
2019-12-24,68.1999996730259,"2019"
2019-12-25,64.6999996730259,"2019"
2019-12-26,61.1857141767229,"2019"
2019-12-27,58.0571425301688,"2019"
2019-12-28,56.2285712105887,"2019"
2019-12-29,56.8999993460519,"2019"
2019-12-30,58.4142848423549,"2019"
2019-12-31,62.742856161935,"2019"
2020-01-01,72.5142849513463,"2020"
2020-01-02,82.7857137407575,"2020"
2020-01-03,92.6571420942034,"2020"
2020-01-04,102.685713631766,"2020"
2020-01-05,112.542856488909,"2020"
2020-01-06,120.442856924874,"2020"
2020-01-07,124.571428571429,"2020"
2020-01-08,122.285714285714,"2020"
2020-01-09,118.257143293108,"2020"
2020-01-10,113.442858014788,"2020"
2020-01-11,106.557144165039,"2020"
2020-01-12,96.9714300973075,"2020"
2020-01-13,88.4571446010045,"2020"
2020-01-14,80.6285732814244,"2020"
2020-01-15,73.9571446010045,"2020"
2020-01-16,70.2285723005022,"2020"
2020-01-17,71.2571432931083,"2020"
2020-01-18,76,"2020"
2020-01-19,83.014285496303,"2020"
2020-01-20,94.3857138497489,"2020"
2020-01-21,109.785713740758,"2020"
2020-01-22,126.171428135463,"2020"
2020-01-23,140.642857142857,"2020"
2020-01-24,152.285714285714,"2020"
2020-01-25,160.428571428571,"2020"
2020-01-26,166.714285714286,"2020"
2020-01-27,168.857142857143,"2020"
2020-01-28,168,"2020"
2020-01-29,174,"2020"
2020-01-30,179.428571428571,"2020"
2020-01-31,181.571428571429,"2020"
2020-02-01,182,"2020"
2020-02-02,180,"2020"
2020-02-03,175.571428571429,"2020"
2020-02-04,168.857142857143,"2020"
2020-02-05,153.571428571429,"2020"
2020-02-06,137.942856924874,"2020"
2020-02-07,123.685713631766,"2020"
2020-02-08,110.942856924874,"2020"
2020-02-09,100.114285060338,"2020"
2020-02-10,91.2428567068917,"2020"
2020-02-11,83.5571425301688,"2020"
2020-02-12,76.2285712105887,"2020"
2020-02-13,69.6571426391602,"2020"
2020-02-14,63.8714288984026,"2020"
2020-02-15,58.7999997820173,"2020"
2020-02-16,54.3714288984026,"2020"
2020-02-17,50.4142859322684,"2020"
2020-02-18,46.8571428571429,"2020"
2020-02-19,43.6000001089914,"2020"
2020-02-20,40.8000003269741,"2020"
2020-02-21,38.3714288984026,"2020"
2020-02-22,36.2142862592425,"2020"
2020-02-23,34.2571432931083,"2020"
2020-02-24,32.5428575788226,"2020"
2020-02-25,31.2857148306711,"2020"
2020-02-26,30.6857147216797,"2020"
2020-02-27,30.1571431841169,"2020"
2020-02-28,29.7142859867641,"2020"
2020-02-29,29.3571431296212,"2020"
2020-03-01,29.1571431841169,"2020"
2020-03-02,29.2000002179827,"2020"
2020-03-03,29.1857144492013,"2020"
2020-03-04,28.7857142857143,"2020"
2020-03-05,28.3000000544957,"2020"
2020-03-06,27.7428572518485,"2020"
2020-03-07,27.1999999455043,"2020"
2020-03-08,26.6714284079416,"2020"
2020-03-09,25.9714284624372,"2020"
2020-03-10,25.1571429116386,"2020"
2020-03-11,24.2285714830671,"2020"
2020-03-12,23.3142858232771,"2020"
2020-03-13,22.4428571973528,"2020"
2020-03-14,21.5428573063442,"2020"
2020-03-15,20.5857146126883,"2020"
2020-03-16,19.6285716465541,"2020"
2020-03-17,18.7000002179827,"2020"
2020-03-18,17.8714288984026,"2020"
2020-03-19,17.1142860140119,"2020"
2020-03-20,16.4714288711548,"2020"
2020-03-21,15.942857333592,"2020"
2020-03-22,15.4857143674578,"2020"
2020-03-23,15.0857144764491,"2020"
2020-03-24,14.7428572518485,"2020"
2020-03-25,14.5571429388864,"2020"
2020-03-26,14.9714287349156,"2020"
2020-03-27,15.9428571973528,"2020"
2020-03-28,17.2428572518485,"2020"
2020-03-29,18.6571429116385,"2020"
2020-03-30,20.1000001089914,"2020"
2020-03-31,21.4857143674578,"2020"
2020-04-01,22.6857144492013,"2020"
2020-04-02,23.2142857142857,"2020"
2020-04-03,23.0714285714286,"2020"
2020-04-04,22.5142857687814,"2020"
2020-04-05,21.7857142857143,"2020"
2020-04-06,21,"2020"
2020-04-07,20.2714285169329,"2020"
2020-04-08,19.7142854418073,"2020"
2020-04-09,19.2999997820173,"2020"
2020-04-10,18.9714284624372,"2020"
2020-04-11,18.6999999455043,"2020"
2020-04-12,18.5571428026472,"2020"
2020-04-13,18.5714282989502,"2020"
2020-04-14,18.6714284079415,"2020"
2020-04-15,18.7857142857143,"2020"
2020-04-16,18.9428571973528,"2020"
2020-04-17,19.1714286804199,"2020"
2020-04-18,19.4714284624372,"2020"
2020-04-19,19.8714286259242,"2020"
2020-04-20,20.2857145581927,"2020"
2020-04-21,20.6714286804199,"2020"
2020-04-22,21.1999999455043,"2020"
2020-04-23,22.1999999455043,"2020"
2020-04-24,23.6571426391601,"2020"
2020-04-25,25.3571428571429,"2020"
2020-04-26,27.0428573063442,"2020"
2020-04-27,28.900000163487,"2020"
2020-04-28,30.8571431296212,"2020"
2020-04-29,32.7285720280239,"2020"
2020-04-30,34.5571433476039,"2020"
2020-05-01,36.0142860412598,"2020"
2020-05-02,37.1571431841169,"2020"
2020-05-03,38.1142856052944,"2020"
2020-05-04,38.6428571428571,"2020"
2020-05-05,38.8714283534459,"2020"
2020-05-06,38.8428568158831,"2020"
2020-05-07,38.2571427481515,"2020"
2020-05-08,37.5285715375628,"2020"
2020-05-09,36.9571429661342,"2020"
2020-05-10,36.485714503697,"2020"
2020-05-11,36.1000001089914,"2020"
2020-05-12,35.7428572518485,"2020"
2020-05-13,35.4142859322684,"2020"
2020-05-14,35.4428574698312,"2020"
2020-05-15,35.5714291163853,"2020"
2020-05-16,35.471429007394,"2020"
2020-05-17,35.2142862592425,"2020"
2020-05-18,34.8857149396624,"2020"
2020-05-19,34.5142865862165,"2020"
2020-05-20,34.0428578513009,"2020"
2020-05-21,33.0857148851667,"2020"
2020-05-22,31.9000004359654,"2020"
2020-05-23,30.7142862592425,"2020"
2020-05-24,29.5285720825195,"2020"
2020-05-25,28.3714288984026,"2020"
2020-05-26,27.3000003269741,"2020"
2020-05-27,26.3000003269741,"2020"
2020-05-28,25.3714288984026,"2020"
2020-05-29,24.4571432386126,"2020"
2020-05-30,23.5428573063442,"2020"
2020-05-31,22.6714286804199,"2020"
2020-06-01,21.8142858232771,"2020"
2020-06-02,20.9714287349156,"2020"
2020-06-03,20.1714286804199,"2020"
2020-06-04,19.4428571973528,"2020"
2020-06-05,18.8000000544957,"2020"
2020-06-06,18.3142858232771,"2020"
2020-06-07,17.9857142312186,"2020"
2020-06-08,17.7857142857143,"2020"
2020-06-09,17.6428571428571,"2020"
2020-06-10,17.5285715375628,"2020"
2020-06-11,17.4285714285714,"2020"
2020-06-12,17.3428570883615,"2020"
2020-06-13,17.1999999455043,"2020"
2020-06-14,16.9285714285714,"2020"
2020-06-15,16.5714285714286,"2020"
2020-06-16,16.185714176723,"2020"
2020-06-17,15.8857141222273,"2020"
2020-06-18,15.6571427753994,"2020"
2020-06-19,15.0714284351894,"2020"
2020-06-20,14.2142855780465,"2020"
2020-06-21,13.5285714013236,"2020"
2020-06-22,12.9714285986764,"2020"
2020-06-23,12.4857143674578,"2020"
2020-06-24,11.9428571973528,"2020"
2020-06-25,11.3571428571429,"2020"
2020-06-26,11.0999999727522,"2020"
2020-06-27,11.0999999727522,"2020"
2020-06-28,10.9299998964582,"2020"
2020-06-29,10.642857006618,"2020"
2020-06-30,10.2928570338658,"2020"
2020-07-01,9.92999989645821,"2020"
2020-07-02,9.53999996185303,"2020"
2020-07-03,9.16999994005476,"2020"
2020-07-04,8.791428565979,"2020"
2020-07-05,8.43428570883615,"2020"
2020-07-06,8.11571434565953,"2020"
2020-07-07,7.81000001089914,"2020"
2020-07-08,7.50857142039708,"2020"
2020-07-09,7.24285711560931,"2020"
2020-07-10,7.00285714013236,"2020"
2020-07-11,6.78714282172067,"2020"
2020-07-12,6.58714287621634,"2020"
2020-07-13,6.39000000272478,"2020"
2020-07-14,6.21142857415335,"2020"
2020-07-15,6.03571428571429,"2020"
2020-07-16,5.83428566796439,"2020"
2020-07-17,5.64142853873117,"2020"
2020-07-18,5.45000001362392,"2020"
2020-07-19,5.26714284079416,"2020"
2020-07-20,5.07142857142857,"2020"
2020-07-21,4.87428576605661,"2020"
2020-07-22,4.68142863682338,"2020"
2020-07-23,4.50142867224557,"2020"
2020-07-24,4.32285724367414,"2020"
2020-07-25,4.14857152530125,"2020"
2020-07-26,3.971428666796,"2020"
2020-07-27,3.81142864908491,"2020"
2020-07-28,3.66571433203561,"2020"
2020-07-29,3.53142860957554,"2020"
2020-07-30,3.3957143170493,"2020"
2020-07-31,3.26857147897993,"2020"
2020-08-01,3.1457143170493,"2020"
2020-08-02,3.04285717010498,"2020"
2020-08-03,2.93857145309448,"2020"
2020-08-04,2.83428573608398,"2020"
2020-08-05,2.73857143947056,"2020"
2020-08-06,2.65428573744638,"2020"
2020-08-07,2.56714286123003,"2020"
2020-08-08,2.48857143947056,"2020"
2020-08-09,2.40000002724784,"2020"
2020-08-10,2.32142857142857,"2020"
2020-08-11,2.24857142993382,"2020"
2020-08-12,2.17714285850525,"2020"
2020-08-13,2.11142856734139,"2020"
2020-08-14,2.05428571360452,"2020"
2020-08-15,2.00285714013236,"2020"
2020-08-16,1.96142855712346,"2020"
2020-08-17,1.97571429184505,"2020"
2020-08-18,2.38428573948996,"2020"
2020-08-19,3.13571427549635,"2020"
2020-08-20,3.94142854213714,"2020"
2020-08-21,4.7428571156093,"2020"
2020-08-22,5.51857142789023,"2020"
2020-08-23,6.26000002452305,"2020"
2020-08-24,6.91285719190325,"2020"
2020-08-25,7.1385714667184,"2020"
2020-08-26,6.98000008719308,"2020"
2020-08-27,6.7285715511867,"2020"
2020-08-28,6.45142868586949,"2020"
2020-08-29,6.16857154028756,"2020"
2020-08-30,5.89714295523507,"2020"
2020-08-31,5.63571432658604,"2020"
2020-09-01,5.3885714667184,"2020"
2020-09-02,5.16285719190325,"2020"
2020-09-03,4.95285715375628,"2020"
2020-09-04,4.74571432386126,"2020"
2020-09-05,4.54428574017116,"2020"
2020-09-06,4.34857143674578,"2020"
2020-09-07,4.16142862183707,"2020"
2020-09-08,3.98285719326564,"2020"
2020-09-09,3.81000001089914,"2020"
2020-09-10,3.64428574698312,"2020"
2020-09-11,3.49428571973528,"2020"
2020-09-12,3.38142858232771,"2020"
2020-09-13,3.29000002997262,"2020"
2020-09-14,3.22142859867641,"2020"
2020-09-15,3.16571429797581,"2020"
2020-09-16,3.11857145173209,"2020"
2020-09-17,3.07428574562073,"2020"
2020-09-18,3.027142899377,"2020"
2020-09-19,3.21571431841169,"2020"
2020-09-20,3.74571428980146,"2020"
2020-09-21,4.98000001907349,"2020"
2020-09-22,8.56714299746923,"2020"
2020-09-23,13.2400002479553,"2020"
2020-09-24,18.0285718781608,"2020"
2020-09-25,22.6471430914743,"2020"
2020-09-26,26.764285836901,"2020"
2020-09-27,30.2571428843907,"2020"
2020-09-28,32.7285714830671,"2020"
2020-09-29,32.5571428026472,"2020"
2020-09-30,31.0428570338658,"2020"
2020-10-01,29.1714281354631,"2020"
2020-10-02,27.2571427481515,"2020"
2020-10-03,25.3857143947056,"2020"
2020-10-04,23.6142858777727,"2020"
2020-10-05,21.9714287349156,"2020"
2020-10-06,20.7857145581927,"2020"
2020-10-07,20.9428574698312,"2020"
2020-10-08,21.6571431841169,"2020"
2020-10-09,23.0000002724784,"2020"
2020-10-10,25.1857144492013,"2020"
2020-10-11,28.1571431841169,"2020"
2020-10-12,31.2428575243269,"2020"
2020-10-13,34.0000002724784,"2020"
2020-10-14,35.5142857687814,"2020"
2020-10-15,36.6857144492013,"2020"
2020-10-16,37.3142858232771,"2020"
2020-10-17,37.0857146126883,"2020"
2020-10-18,35.985714503697,"2020"
2020-10-19,34.6714286804199,"2020"
2020-10-20,33.3428573608398,"2020"
2020-10-21,31.985714503697,"2020"
2020-10-22,30.4285717010498,"2020"
2020-10-23,28.800000326974,"2020"
2020-10-24,27.1857144492013,"2020"
2020-10-25,25.6714286804199,"2020"
2020-10-26,24.3000000544957,"2020"
2020-10-27,23.4857142312186,"2020"
2020-10-28,22.9428571973528,"2020"
2020-10-29,22.5285715375628,"2020"
2020-10-30,22.1714286804199,"2020"
2020-10-31,22.4857142312186,"2020"
2020-11-01,23.91428565979,"2020"
2020-11-02,27.1142856052944,"2020"
2020-11-03,30.2714282444545,"2020"
2020-11-04,33.214285169329,"2020"
2020-11-05,35.9714279174805,"2020"
2020-11-06,38.5714277539934,"2020"
2020-11-07,40.4571421486991,"2020"
2020-11-08,41.0999995640346,"2020"
2020-11-09,39.9428569248744,"2020"
2020-11-10,38.485714503697,"2020"
2020-11-11,37.0857146126883,"2020"
2020-11-12,36.2428572518485,"2020"
2020-11-13,36.0714285714286,"2020"
2020-11-14,38.1142856052944,"2020"
2020-11-15,43.2857137407575,"2020"
2020-11-16,49.1285705566406,"2020"
2020-11-17,54.7999986921038,"2020"
2020-11-18,60.3571412222726,"2020"
2020-11-19,65.0857124328613,"2020"
2020-11-20,68.8857122148786,"2020"
2020-11-21,70.471426827567,"2020"
2020-11-22,69.271427154541,"2020"
2020-11-23,67.1714275905064,"2020"
2020-11-24,65.6857130868094,"2020"
2020-11-25,65.7857137407575,"2020"
2020-11-26,66.2285717555455,"2020"
2020-11-27,68.2142862592425,"2020"
2020-11-28,70.6714286804199,"2020"
2020-11-29,72.4428569248744,"2020"
2020-11-30,73.7714276994978,"2020"
2020-12-01,73.8428562709263,"2020"
2020-12-02,71.7999986921038,"2020"
2020-12-03,69.3857127598354,"2020"
2020-12-04,66.457141331264,"2020"
2020-12-05,65.5285699026925,"2020"
2020-12-06,65.2999986921038,"2020"
2020-12-07,65.2714276994978,"2020"
2020-12-08,65.3285707746233,"2020"
2020-12-09,65.3857138497489,"2020"
2020-12-10,65.4999994550433,"2020"
2020-12-11,64.6285711015974,"2020"
2020-12-12,61.6142856052944,"2020"
2020-12-13,59.1000001089914,"2020"
2020-12-14,58.1714286804199,"2020"
2020-12-15,59.0428570338658,"2020"
2020-12-16,63.7714282444545,"2020"
2020-12-17,69.8285707746233,"2020"
2020-12-18,75.9428569248744,"2020"
2020-12-19,81.028570992606,"2020"
2020-12-20,84.4428569248744,"2020"
2020-12-21,85.7999997820173,"2020"
2020-12-22,85.3285718645368,"2020"
2020-12-23,81.7428577968052,"2020"
2020-12-24,77.5571441650391,"2020"
2020-12-25,73.5857151576451,"2020"
2020-12-26,70.0428581237793,"2020"
2020-12-27,67.9714295523507,"2020"
2020-12-28,68.0428581237793,"2020"
2020-12-29,69.8571434020996,"2020"
2020-12-30,77.0000005449567,"2020"
2020-12-31,87.2428572518485,"2020"
2021-01-01,97.0285715375628,"2021"
2021-01-02,106.628571646554,"2021"
2021-01-03,117.15714263916,"2021"
2021-01-04,125.514285496303,"2021"
2021-01-05,131.142857142857,"2021"
2021-01-06,129.714285714286,"2021"
2021-01-07,123.857142857143,"2021"
2021-01-08,121.428571428571,"2021"
2021-01-09,121.857142857143,"2021"
2021-01-10,121.714285714286,"2021"
2021-01-11,121.142857142857,"2021"
2021-01-12,120.571428571429,"2021"
2021-01-13,120,"2021"
2021-01-14,119.071428571429,"2021"
2021-01-15,114.085714067732,"2021"
2021-01-16,105.757142203195,"2021"
2021-01-17,95.6571426391602,"2021"
2021-01-18,86.2142857142857,"2021"
2021-01-19,77.6714286804199,"2021"
2021-01-20,70.1571431841169,"2021"
2021-01-21,63.6142861502511,"2021"
2021-01-22,57.971429007394,"2021"
2021-01-23,53.0857151576451,"2021"
2021-01-24,48.8714288984026,"2021"
2021-01-25,45.1714286804199,"2021"
2021-01-26,41.9571429661342,"2021"
2021-01-27,39.2571427481515,"2021"
2021-01-28,37.2999997820173,"2021"
2021-01-29,35.9428569248744,"2021"
2021-01-30,35.0571425301688,"2021"
2021-01-31,34.528570992606,"2021"
2021-02-01,34.2285712105887,"2021"
2021-02-02,34.0714280264718,"2021"
2021-02-03,33.9142851148333,"2021"
2021-02-04,33.3714280809675,"2021"
2021-02-05,32.4714281899588,"2021"
2021-02-06,31.2999997820173,"2021"
2021-02-07,29.9285714285714,"2021"
2021-02-08,28.4999997275216,"2021"
2021-02-09,27.0285712650844,"2021"
2021-02-10,25.6142856052944,"2021"
2021-02-11,24.2142854418073,"2021"
2021-02-12,22.8857141222273,"2021"
2021-02-13,21.6571426391602,"2021"
2021-02-14,20.514285496303,"2021"
2021-02-15,19.514285496303,"2021"
2021-02-16,18.6999999455043,"2021"
2021-02-17,17.8999998910087,"2021"
2021-02-18,17.2714285169329,"2021"
2021-02-19,17.41428565979,"2021"
2021-02-20,18,"2021"
2021-02-21,18.7285714830671,"2021"
2021-02-22,19.7000002179827,"2021"
2021-02-23,20.6571429116385,"2021"
2021-02-24,21.6142858777727,"2021"
2021-02-25,22.4428571973528,"2021"
2021-02-26,22.6000001089913,"2021"
2021-02-27,22.4714287349156,"2021"
2021-02-28,22.3000000544957,"2021"
2021-03-01,22,"2021"
2021-03-02,22.8000000544957,"2021"
2021-03-03,25.0857140677316,"2021"
2021-03-04,28,"2021"
2021-03-05,31.1999999455043,"2021"
2021-03-06,34.2857140132359,"2021"
2021-03-07,37.2142857142857,"2021"
2021-03-08,39.8428570883615,"2021"
2021-03-09,41.1285716465541,"2021"
2021-03-10,40.7428577968052,"2021"
2021-03-11,39.8285718645368,"2021"
2021-03-12,38.6571431841169,"2021"
2021-03-13,37.4142859322684,"2021"
2021-03-14,36.1571426391601,"2021"
2021-03-15,35.014285496303,"2021"
2021-03-16,34.528570992606,"2021"
2021-03-17,34.728570665632,"2021"
2021-03-18,35.0142849513462,"2021"
2021-03-19,35.3428562709263,"2021"
2021-03-20,35.7428567068917,"2021"
2021-03-21,36.2142857142857,"2021"
2021-03-22,36.7000002179827,"2021"
2021-03-23,36.6428571428571,"2021"
2021-03-24,36,"2021"
2021-03-25,35.5428570338658,"2021"
2021-03-26,35.3142858232771,"2021"
2021-03-27,35.1000001089913,"2021"
2021-03-28,34.8571428571429,"2021"
2021-03-29,34.5428570338658,"2021"
2021-03-30,34.2142857142857,"2021"
2021-03-31,33.9285714285714,"2021"
2021-04-01,33.2142859867641,"2021"
2021-04-02,32.0571430751256,"2021"
2021-04-03,30.7857142857143,"2021"
2021-04-04,29.5285712650844,"2021"
2021-04-05,28.3428568158831,"2021"
2021-04-06,27.2714282444545,"2021"
2021-04-07,26.3285713195801,"2021"
2021-04-08,25.4428569248745,"2021"
2021-04-09,24.5714282989502,"2021"
2021-04-10,23.7714282444545,"2021"
2021-04-11,23.014285496303,"2021"
2021-04-12,22.3285713195801,"2021"
2021-04-13,21.7428572518485,"2021"
2021-04-14,21.3285713195801,"2021"
2021-04-15,21.2857142857143,"2021"
2021-04-16,21.7142857142857,"2021"
2021-04-17,22.5142857687814,"2021"
2021-04-18,23.6142856052943,"2021"
2021-04-19,24.9571426936558,"2021"
2021-04-20,26.3285710471017,"2021"
2021-04-21,27.5285712650844,"2021"
2021-04-22,28.4428569248744,"2021"
2021-04-23,29,"2021"
2021-04-24,29.2428572518485,"2021"
2021-04-25,29.2142859867641,"2021"
2021-04-26,28.9571432386126,"2021"
2021-04-27,28.7714290618897,"2021"
2021-04-28,28.7000004904611,"2021"
2021-04-29,28.6142861502511,"2021"
2021-04-30,28.471429007394,"2021"
2021-05-01,28.3285718645369,"2021"
2021-05-02,28.1857147216797,"2021"
2021-05-03,28.071428843907,"2021"
2021-05-04,27.9428574698312,"2021"
2021-05-05,27.6571431841169,"2021"
2021-05-06,27.3000003269741,"2021"
2021-05-07,26.9285717010498,"2021"
2021-05-08,26.5571430751256,"2021"
2021-05-09,26.2571430206299,"2021"
2021-05-10,26.0285715375628,"2021"
2021-05-11,25.7714285169329,"2021"
2021-05-12,25.6714284079415,"2021"
2021-05-13,25.7857142857143,"2021"
2021-05-14,26.1571429116385,"2021"
2021-05-15,26.8857143947056,"2021"
2021-05-16,27.58571434021,"2021"
2021-05-17,28.0571430751256,"2021"
2021-05-18,28.2714287894113,"2021"
2021-05-19,28.2714287894113,"2021"
2021-05-20,28.1142858777727,"2021"
2021-05-21,27.8000000544957,"2021"
2021-05-22,27.1571429116385,"2021"
2021-05-23,26.485714503697,"2021"
2021-05-24,26.485714503697,"2021"
2021-05-25,27.0857146126883,"2021"
2021-05-26,27.7428575243269,"2021"
2021-05-27,28.3714288984026,"2021"
2021-05-28,28.9428574698312,"2021"
2021-05-29,29.5428573063442,"2021"
2021-05-30,30.2571430206299,"2021"
2021-05-31,30.4714287349156,"2021"
2021-06-01,30.1714286804199,"2021"
2021-06-02,29.91428565979,"2021"
2021-06-03,29.6571429116385,"2021"
2021-06-04,29.3285715920585,"2021"
2021-06-05,28.8714288984026,"2021"
2021-06-06,28.2142859867641,"2021"
2021-06-07,27.400000163487,"2021"
2021-06-08,26.5285715375628,"2021"
2021-06-09,25.900000163487,"2021"
2021-06-10,25.6999999455043,"2021"
2021-06-11,25.7714285169329,"2021"
2021-06-12,25.9999997275216,"2021"
2021-06-13,26.4714281899588,"2021"
2021-06-14,27.0571425301688,"2021"
2021-06-15,27.6714284079415,"2021"
2021-06-16,27.91428565979,"2021"
2021-06-17,27.6999999455043,"2021"
2021-06-18,27.2428569793701,"2021"
2021-06-19,26.6571429116385,"2021"
2021-06-20,25.8857143947056,"2021"
2021-06-21,25.0714285714286,"2021"
2021-06-22,24.3000000544957,"2021"
2021-06-23,23.6000001089914,"2021"
2021-06-24,22.9285717010498,"2021"
2021-06-25,22.3000003269741,"2021"
2021-06-26,21.6428574153355,"2021"
2021-06-27,21.0000002724784,"2021"
2021-06-28,20.3000003269741,"2021"
2021-06-29,19.5428573063442,"2021"
2021-06-30,18.7142857142857,"2021"
2021-07-01,17.8428570883615,"2021"
2021-07-02,16.91428565979,"2021"
2021-07-03,16.0285712650844,"2021"
2021-07-04,15.1142856052944,"2021"
2021-07-05,14.2428571156093,"2021"
2021-07-06,13.4285714285714,"2021"
2021-07-07,12.6571429116385,"2021"
2021-07-08,11.9357143129621,"2021"
2021-07-09,11.2685714449201,"2021"
2021-07-10,10.627142906189,"2021"
2021-07-11,10.0314286095755,"2021"
2021-07-12,9.48714283534458,"2021"
2021-07-13,8.96285717827933,"2021"
2021-07-14,8.49000004359654,"2021"
2021-07-15,8.04000009809221,"2021"
2021-07-16,7.6385714667184,"2021"
2021-07-17,7.26857151303972,"2021"
2021-07-18,6.92142861230033,"2021"
2021-07-19,6.59285722460066,"2021"
2021-07-20,6.30142859050206,"2021"
2021-07-21,6.04999998637608,"2021"
2021-07-22,5.83857141222273,"2021"
2021-07-23,5.63714286259242,"2021"
2021-07-24,5.46285711015974,"2021"
2021-07-25,5.32714285169329,"2021"
2021-07-26,5.22571427481515,"2021"
2021-07-27,5.14142860685076,"2021"
2021-07-28,5.04857151848929,"2021"
2021-07-29,4.96285717827933,"2021"
2021-07-30,4.88142858232771,"2021"
2021-07-31,4.80571433476039,"2021"
2021-08-01,4.65428573744638,"2021"
2021-08-02,4.46428574834551,"2021"
2021-08-03,4.27000001498631,"2021"
2021-08-04,4.08999998228891,"2021"
2021-08-05,3.91428572790963,"2021"
2021-08-06,3.74142861366272,"2021"
2021-08-07,3.57714288575309,"2021"
2021-08-08,3.4928571837289,"2021"
2021-08-09,3.45428575788225,"2021"
2021-08-10,3.42142861230033,"2021"
2021-08-11,3.38428575651986,"2021"
2021-08-12,3.34571433067322,"2021"
2021-08-13,3.30857147489275,"2021"
2021-08-14,3.26714290891375,"2021"
2021-08-15,3.22142859867641,"2021"
2021-08-16,3.17428571837289,"2021"
2021-08-17,3.12857144219535,"2021"
2021-08-18,3.0828571660178,"2021"
2021-08-19,3.03000000544957,"2021"
2021-08-20,2.97714284488133,"2021"
2021-08-21,2.92285711424691,"2021"
2021-08-22,2.86999998773847,"2021"
2021-08-23,2.81285715103149,"2021"
2021-08-24,2.75857142039708,"2021"
2021-08-25,2.70571425982884,"2021"
2021-08-26,2.6599999836513,"2021"
2021-08-27,2.61428570747376,"2021"
2021-08-28,2.57285714149475,"2021"
2021-08-29,2.53142857551575,"2021"
2021-08-30,2.4928571496691,"2021"
2021-08-31,2.45285715375628,"2021"
2021-09-01,2.42000000817435,"2021"
2021-09-02,2.39428571292332,"2021"
2021-09-03,2.37285712787083,"2021"
2021-09-04,2.35142854281834,"2021"
2021-09-05,2.33285709789821,"2021"
2021-09-06,2.31714279311044,"2021"
2021-09-07,2.305714232581,"2021"
2021-09-08,2.28857139178685,"2021"
2021-09-09,2.26857141086033,"2021"
2021-09-10,2.24714285986764,"2021"
2021-09-11,2.22571430887495,"2021"
2021-09-12,2.20571432794843,"2021"
2021-09-13,2.18571434702192,"2021"
2021-09-14,2.21571435247149,"2021"
2021-09-15,2.48857150759016,"2021"
2021-09-16,2.99857153211321,"2021"
2021-09-17,3.64000010490418,"2021"
2021-09-18,4.33714294433594,"2021"
2021-09-19,5.05571433476039,"2021"
2021-09-20,5.85714285714286,"2021"
2021-09-21,6.65142863137381,"2021"
2021-09-22,7.18428577695574,"2021"
2021-09-23,7.53142860957554,"2021"
2021-09-24,8.52142865317208,"2021"
2021-09-25,10.6871430533273,"2021"
2021-09-26,13.6900003296988,"2021"
2021-09-27,20.0414290428162,"2021"
2021-09-28,27.067143372127,"2021"
2021-09-29,33.8871431350708,"2021"
2021-09-30,40.6285719190325,"2021"
2021-10-01,46.2428577968053,"2021"
2021-10-02,50.4000004359654,"2021"
2021-10-03,53.6285716465541,"2021"
2021-10-04,53.1428571428571,"2021"
2021-10-05,51.6000001089913,"2021"
2021-10-06,49.971429007394,"2021"
2021-10-07,48.3857143947056,"2021"
2021-10-08,46.9142853873116,"2021"
2021-10-09,45.4857139587402,"2021"
2021-10-10,44.2285712105887,"2021"
2021-10-11,43.1142856052944,"2021"
2021-10-12,42.8999998910086,"2021"
2021-10-13,45.8571428571428,"2021"
2021-10-14,51.0285715375628,"2021"
2021-10-15,56.5714291163853,"2021"
2021-10-16,61.6571437290737,"2021"
2021-10-17,66.0571441650391,"2021"
2021-10-18,71.6142872401646,"2021"
2021-10-19,79.9142870221819,"2021"
2021-10-20,86.0714296613421,"2021"
2021-10-21,90.2857153756278,"2021"
2021-10-22,97.6571437290737,"2021"
2021-10-23,110.52857208252,"2021"
2021-10-24,124.271428789411,"2021"
2021-10-25,136,"2021"
2021-10-26,142.285714285714,"2021"
2021-10-27,145.571428571429,"2021"
2021-10-28,146.285714285714,"2021"
2021-10-29,142,"2021"
2021-10-30,131.771428789411,"2021"
2021-10-31,127.057143075126,"2021"
2021-11-01,128.628571646554,"2021"
2021-11-02,133.771428789411,"2021"
2021-11-03,140.628571646554,"2021"
2021-11-04,148.34285736084,"2021"
2021-11-05,155.914285932268,"2021"
2021-11-06,163,"2021"
2021-11-07,163,"2021"
2021-11-08,156.285714285714,"2021"
2021-11-09,147.857142857143,"2021"
2021-11-10,139.285714285714,"2021"
2021-11-11,133.857142857143,"2021"
2021-11-12,132.857142857143,"2021"
2021-11-13,133.285714285714,"2021"
2021-11-14,132.857142857143,"2021"
2021-11-15,131.857142857143,"2021"
2021-11-16,129.285714285714,"2021"
2021-11-17,125.828571864537,"2021"
2021-11-18,119.285714285714,"2021"
2021-11-19,109.099999564035,"2021"
2021-11-20,98.3428562709263,"2021"
2021-11-21,88.9714279174805,"2021"
2021-11-22,82.514285496303,"2021"
2021-11-23,79.3428573608398,"2021"
2021-11-24,78.0999995640346,"2021"
2021-11-25,80.3571428571429,"2021"
2021-11-26,84.8285718645368,"2021"
2021-11-27,90.5857151576451,"2021"
2021-11-28,99.2428577968052,"2021"
2021-11-29,107.128571646554,"2021"
2021-11-30,112.014285496303,"2021"
2021-12-01,115,"2021"
2021-12-02,114.271428789411,"2021"
2021-12-03,111.171429225377,"2021"
2021-12-04,106.285715375628,"2021"
2021-12-05,98.3571439470564,"2021"
2021-12-06,89.4714300973075,"2021"
2021-12-07,81.5142871311733,"2021"
2021-12-08,75.9000009809221,"2021"
2021-12-09,72.0428581237793,"2021"
2021-12-10,69.0000005449567,"2021"
2021-12-11,66.6142856052944,"2021"
2021-12-12,64.6285711015974,"2021"
2021-12-13,62.9714279174805,"2021"
2021-12-14,61.5142849513463,"2021"
2021-12-15,59.1714281354632,"2021"
2021-12-16,56.2714276994978,"2021"
2021-12-17,53.3571417672294,"2021"
2021-12-18,50.5857135227748,"2021"
2021-12-19,48.528570992606,"2021"
2021-12-20,47.6285711015974,"2021"
2021-12-21,47.1857141767229,"2021"
2021-12-22,46.6000001089914,"2021"
2021-12-23,46.0428575788226,"2021"
2021-12-24,45.5428575788226,"2021"
2021-12-25,45.1000001089914,"2021"
2021-12-26,44.1000001089914,"2021"
2021-12-27,42.1428571428572,"2021"
2021-12-28,39.8428573608399,"2021"
2021-12-29,37.5285715375628,"2021"
2021-12-30,36.0285715375628,"2021"
2021-12-31,35.6285716465541,"2021"
2022-01-01,35.7857148306711,"2022"
2022-01-02,36.1571431841169,"2022"
2022-01-03,36.7428572518485,"2022"
2022-01-04,37.4714284624372,"2022"
2022-01-05,38.2285712105887,"2022"
2022-01-06,38.3714283534459,"2022"
2022-01-07,37.7714282444545,"2022"
2022-01-08,38.6857136317662,"2022"
2022-01-09,42.0142849513463,"2022"
2022-01-10,48.5571419852121,"2022"
2022-01-11,56.1285705566406,"2022"
2022-01-12,63.5714280264718,"2022"
2022-01-13,70.514285496303,"2022"
2022-01-14,76.7000002179827,"2022"
2022-01-15,80.5,"2022"
2022-01-16,81.3857149396624,"2022"
2022-01-17,79.1857147216797,"2022"
2022-01-18,76.1857147216797,"2022"
2022-01-19,73.0857140677316,"2022"
2022-01-20,70.0571419852121,"2022"
2022-01-21,67.242856161935,"2022"
2022-01-22,64.5857135227748,"2022"
2022-01-23,62.0714274815151,"2022"
2022-01-24,59.0571419852121,"2022"
2022-01-25,55.5714274815151,"2022"
2022-01-26,52.1714281354632,"2022"
2022-01-27,49.6285711015974,"2022"
2022-01-28,48.3428568158831,"2022"
2022-01-29,47.4428569248744,"2022"
2022-01-30,46.7571427481515,"2022"
2022-01-31,46.1857141767229,"2022"
2022-02-01,45.8571428571428,"2022"
2022-02-02,45.9285714285714,"2022"
2022-02-03,45.5428570338658,"2022"
2022-02-04,44.2285712105887,"2022"
2022-02-05,42.8571428571429,"2022"
2022-02-06,41.5714285714286,"2022"
2022-02-07,40.4285714285714,"2022"
2022-02-08,39.2714287894113,"2022"
2022-02-09,37.8857143947057,"2022"
2022-02-10,36.4571429661342,"2022"
2022-02-11,35.0571430751256,"2022"
2022-02-12,33.6285716465542,"2022"
2022-02-13,32.1571429116386,"2022"
2022-02-14,30.6571431841169,"2022"
2022-02-15,29.1571431841169,"2022"
2022-02-16,27.7142859867641,"2022"
2022-02-17,26.3285718645368,"2022"
2022-02-18,24.985714503697,"2022"
2022-02-19,23.6857144492013,"2022"
2022-02-20,22.4714287349156,"2022"
2022-02-21,21.3285715920584,"2022"
2022-02-22,20.2428572518485,"2022"
2022-02-23,19.3000000544957,"2022"
2022-02-24,18.9571429661342,"2022"
2022-02-25,19.1714286804199,"2022"
2022-02-26,20.1999999455043,"2022"
2022-02-27,22.6999996730259,"2022"
2022-02-28,25.942856652396,"2022"
2022-03-01,29.3857138497489,"2022"
2022-03-02,32.7285712105887,"2022"
2022-03-03,35.4142853873116,"2022"
2022-03-04,37.4571424211774,"2022"
2022-03-05,38.5999995640346,"2022"
2022-03-06,38.1857141767229,"2022"
2022-03-07,36.91428565979,"2022"
2022-03-08,35.3714283534459,"2022"
2022-03-09,33.7857137407575,"2022"
2022-03-10,32.3428568158831,"2022"
2022-03-11,31.3285713195801,"2022"
2022-03-12,31.5428570338658,"2022"
2022-03-13,32.4857139587402,"2022"
2022-03-14,33.8142855507987,"2022"
2022-03-15,35.3857143947056,"2022"
2022-03-16,37.3428573608398,"2022"
2022-03-17,39.4142859322684,"2022"
2022-03-18,41.3714288984026,"2022"
2022-03-19,42.3142863682338,"2022"
2022-03-20,42.8285724094936,"2022"
2022-03-21,43.3000008719308,"2022"
2022-03-22,43.6000006539481,"2022"
2022-03-23,43.5000005449568,"2022"
2022-03-24,43.4000004359654,"2022"
2022-03-25,43.6142861502511,"2022"
2022-03-26,43.9285714285714,"2022"
2022-03-27,44.0428570338658,"2022"
2022-03-28,43.8428568158831,"2022"
2022-03-29,43.528570992606,"2022"
2022-03-30,43.1857141767229,"2022"
2022-03-31,43.6571426391602,"2022"
2022-04-01,45.2285712105887,"2022"
2022-04-02,47.6571426391602,"2022"
2022-04-03,50.0999995640346,"2022"
2022-04-04,52.3428568158831,"2022"
2022-04-05,54.6714281354632,"2022"
2022-04-06,56.9428563799177,"2022"
2022-04-07,57.9857134137835,"2022"
2022-04-08,57.1428560529436,"2022"
2022-04-09,54.9571418762207,"2022"
2022-04-10,52.4999989100865,"2022"
2022-04-11,50.0857135227748,"2022"
2022-04-12,47.4571424211774,"2022"
2022-04-13,44.7285712105887,"2022"
2022-04-14,42.0428570338658,"2022"
2022-04-15,39.6428571428571,"2022"
2022-04-16,37.5428570338658,"2022"
2022-04-17,35.6428571428571,"2022"
2022-04-18,33.9857139587402,"2022"
2022-04-19,32.5857137952532,"2022"
2022-04-20,31.3857135772705,"2022"
2022-04-21,30.4285708836147,"2022"
2022-04-22,29.8999993460519,"2022"
2022-04-23,29.7571424756731,"2022"
2022-04-24,29.8285710471017,"2022"
2022-04-25,29.928571156093,"2022"
2022-04-26,30.0285712650844,"2022"
2022-04-27,30.2285714830671,"2022"
2022-04-28,30.4714284624372,"2022"
2022-04-29,30.3999998910086,"2022"
2022-04-30,30.0571428026472,"2022"
2022-05-01,29.6428571428571,"2022"
2022-05-02,29.4714284624372,"2022"
2022-05-03,29.8285710471017,"2022"
2022-05-04,30.2857140132359,"2022"
2022-05-05,30.6999999455043,"2022"
2022-05-06,30.9857142312186,"2022"
2022-05-07,31.1142856052944,"2022"
2022-05-08,31.1857141767229,"2022"
2022-05-09,31.5714285714286,"2022"
2022-05-10,31.7000002179827,"2022"
2022-05-11,31.8285713195801,"2022"
2022-05-12,32.3428568158831,"2022"
2022-05-13,33.8714283534459,"2022"
2022-05-14,35.8714280809675,"2022"
2022-05-15,38.2999997820173,"2022"
2022-05-16,40.6857141767229,"2022"
2022-05-17,42.8571428571429,"2022"
2022-05-18,44.8142858232771,"2022"
2022-05-19,46.2857142857143,"2022"
2022-05-20,46.6571426391602,"2022"
2022-05-21,46.5571430751256,"2022"
2022-05-22,45.9285714285714,"2022"
2022-05-23,44.699999673026,"2022"
2022-05-24,43.6428565979004,"2022"
2022-05-25,43.042856488909,"2022"
2022-05-26,42.528570992606,"2022"
2022-05-27,42.014285496303,"2022"
2022-05-28,41.4714279174805,"2022"
2022-05-29,40.9428563799177,"2022"
2022-05-30,40.5571425301688,"2022"
2022-05-31,40.2285712105887,"2022"
2022-06-01,40.014285496303,"2022"
2022-06-02,41.0428570338658,"2022"
2022-06-03,42.7142857142857,"2022"
2022-06-04,44.4428574698312,"2022"
2022-06-05,46.2285717555455,"2022"
2022-06-06,48.0142860412598,"2022"
2022-06-07,49.9571429661342,"2022"
2022-06-08,51.485714503697,"2022"
2022-06-09,51.7285717555455,"2022"
2022-06-10,51.2571432931083,"2022"
2022-06-11,50.6142861502511,"2022"
2022-06-12,49.7571432931083,"2022"
2022-06-13,48.6714286804199,"2022"
2022-06-14,47.0142860412598,"2022"
2022-06-15,45.1285716465541,"2022"
2022-06-16,43.1714286804199,"2022"
2022-06-17,41.2714282444545,"2022"
2022-06-18,39.4999994550432,"2022"
2022-06-19,37.9142853873117,"2022"
2022-06-20,36.4428569248744,"2022"
2022-06-21,35.0285712650844,"2022"
2022-06-22,33.6571429116385,"2022"
2022-06-23,32.3857141222273,"2022"
2022-06-24,31.2428572518485,"2022"
2022-06-25,30.1571431841169,"2022"
2022-06-26,29.0714288439069,"2022"
2022-06-27,28.0000002724784,"2022"
2022-06-28,26.985714503697,"2022"
2022-06-29,26.0285715375628,"2022"
2022-06-30,25.0857146126883,"2022"
2022-07-01,24.2285717555455,"2022"
2022-07-02,23.5000002724784,"2022"
2022-07-03,22.8428573608398,"2022"
2022-07-04,22.2285717555455,"2022"
2022-07-05,21.6428574153355,"2022"
2022-07-06,21.071428843907,"2022"
2022-07-07,20.5000002724784,"2022"
2022-07-08,19.8285715920585,"2022"
2022-07-09,19.0571430751256,"2022"
2022-07-10,18.2714287894113,"2022"
2022-07-11,17.5000001362392,"2022"
2022-07-12,16.7428573880877,"2022"
2022-07-13,16.0857144764492,"2022"
2022-07-14,15.4714285986764,"2022"
2022-07-15,14.9000000272479,"2022"
2022-07-16,14.3428570883615,"2022"
2022-07-17,13.8285713195801,"2022"
2022-07-18,13.3285713195801,"2022"
2022-07-19,12.8714283534459,"2022"
2022-07-20,12.3714283534459,"2022"
2022-07-21,11.8857141222273,"2022"
2022-07-22,11.4142856597901,"2022"
2022-07-23,10.9785713468279,"2022"
2022-07-24,10.541428565979,"2022"
2022-07-25,10.1457142148699,"2022"
2022-07-26,9.76714284079415,"2022"
2022-07-27,9.40142863137381,"2022"
2022-07-28,9.04285717010498,"2022"
2022-07-29,8.67714282444545,"2022"
2022-07-30,8.3128570829119,"2022"
2022-07-31,7.95428562164307,"2022"
2022-08-01,7.60999992915562,"2022"
2022-08-02,7.3128570829119,"2022"
2022-08-03,7.04571417399815,"2022"
2022-08-04,6.79714277812413,"2022"
2022-08-05,6.38428565434047,"2022"
2022-08-06,5.87142852374486,"2022"
2022-08-07,5.39571424892971,"2022"
2022-08-08,4.94142855916705,"2022"
2022-08-09,4.46857139042446,"2022"
2022-08-10,4.01142856052944,"2022"
2022-08-11,3.57285714149475,"2022"
2022-08-12,3.35714285714286,"2022"
2022-08-13,3.28142857551575,"2022"
2022-08-14,3.21857142448425,"2022"
2022-08-15,3.1599999836513,"2022"
2022-08-16,3.10285714694432,"2022"
2022-08-17,3.05285716056824,"2022"
2022-08-18,3.01000002452305,"2022"
2022-08-19,2.96714285441807,"2022"
2022-08-20,2.92857142857143,"2022"
2022-08-21,2.89000000272478,"2022"
2022-08-22,2.85142857687814,"2022"
2022-08-23,2.8128571510315,"2022"
2022-08-24,2.77285715511867,"2022"
2022-08-25,2.73285712514605,"2022"
2022-08-26,2.6942856992994,"2022"
2022-08-27,2.65714284351894,"2022"
2022-08-28,2.61857141767229,"2022"
2022-08-29,2.57714285169329,"2022"
2022-08-30,2.53999999591282,"2022"
2022-08-31,2.50285714013236,"2022"
2022-09-01,2.47857144900731,"2022"
2022-09-02,2.46142860821315,"2022"
2022-09-03,2.44857147761754,"2022"
2022-09-04,2.4371429170881,"2022"
2022-09-05,2.42714292662484,"2022"
2022-09-06,2.41857147216797,"2022"
2022-09-07,2.41428572790963,"2022"
2022-09-08,2.39857142312186,"2022"
2022-09-09,2.37285712787083,"2022"
2022-09-10,2.33999998228891,"2022"
2022-09-11,2.3057142666408,"2022"
2022-09-12,2.27428569112505,"2022"
2022-09-13,2.2428571496691,"2022"
2022-09-14,2.20571429388864,"2022"
2022-09-15,2.17000000817435,"2022"
2022-09-16,2.13714286259243,"2022"
2022-09-17,2.10571428707668,"2022"
2022-09-18,2.07428571156093,"2022"
2022-09-19,2.04142856597901,"2022"
2022-09-20,2.00999997343336,"2022"
2022-09-21,1.98428569521223,"2022"
2022-09-22,1.95714284692492,"2022"
2022-09-23,2.05714285373688,"2022"
2022-09-24,2.26857142789023,"2022"
2022-09-25,2.48000000204359,"2022"
2022-09-26,2.69000000613076,"2022"
2022-09-27,2.8957142829895,"2022"
2022-09-28,3.0971428496497,"2022"
2022-09-29,3.2985714163099,"2022"
2022-09-30,3.36999998773847,"2022"
2022-10-01,3.32857142175947,"2022"
2022-10-02,3.28285714558193,"2022"
2022-10-03,3.23714283534459,"2022"
2022-10-04,3.19285712923322,"2022"
2022-10-05,3.14857142312186,"2022"
2022-10-06,3.1042857170105,"2022"
2022-10-07,3.06000001089914,"2022"
2022-10-08,3.01428573472159,"2022"
2022-10-09,2.97142856461661,"2022"
2022-10-10,2.92857142857143,"2022"
2022-10-11,2.88571429252625,"2022"
2022-10-12,2.84285715648106,"2022"
2022-10-13,2.79714288030352,"2022"
2022-10-14,2.75142857006618,"2022"
2022-10-15,2.70571425982884,"2022"
2022-10-16,2.6599999836513,"2022"
2022-10-17,2.61428570747376,"2022"
2022-10-18,2.56857143129621,"2022"
2022-10-19,2.52285715511867,"2022"
2022-10-20,2.47571427481515,"2022"
2022-10-21,2.44857144355774,"2022"
2022-10-22,2.4371428830283,"2022"
2022-10-23,2.44000002316066,"2022"
2022-10-24,2.5071428843907,"2022"
2022-10-25,2.68000003269741,"2022"
2022-10-26,2.95000004768372,"2022"
2022-10-27,3.95857153620039,"2022"
2022-10-28,5.61285723958697,"2022"
2022-10-29,7.4442858355386,"2022"
2022-10-30,9.29571441241674,"2022"
2022-10-31,11.0885715484619,"2022"
2022-11-01,12.9671428544181,"2022"
2022-11-02,15.1414285387312,"2022"
2022-11-03,16.7571428843907,"2022"
2022-11-04,17.6857143129621,"2022"
2022-11-05,18.3285713195801,"2022"
2022-11-06,18.8142855507987,"2022"
2022-11-07,19.1714284079415,"2022"
2022-11-08,19.2428569793701,"2022"
2022-11-09,18.8142855507987,"2022"
2022-11-10,18.0714282989502,"2022"
2022-11-11,17.2428568431309,"2022"
2022-11-12,16.3999997547695,"2022"
2022-11-13,15.5857140677316,"2022"
2022-11-14,14.8285711833409,"2022"
2022-11-15,14.0714284351894,"2022"
2022-11-16,13.3428569521223,"2022"
2022-11-17,12.6714284079415,"2022"
2022-11-18,12.057142666408,"2022"
2022-11-19,11.6285712378366,"2022"
2022-11-20,11.3999998910087,"2022"
2022-11-21,11.2428571156093,"2022"
2022-11-22,11.3285714558193,"2022"
2022-11-23,11.6000001089914,"2022"
2022-11-24,12.2285714830671,"2022"
2022-11-25,13.0000001362392,"2022"
2022-11-26,13.7285716193063,"2022"
2022-11-27,14.4571431023734,"2022"
2022-11-28,15.1000002452305,"2022"
2022-11-29,15.528571673802,"2022"
2022-11-30,15.8571431296212,"2022"
2022-12-01,15.8000003269741,"2022"
2022-12-02,15.5428574425834,"2022"
2022-12-03,15.1571431841169,"2022"
2022-12-04,14.6285716465541,"2022"
2022-12-05,14.3285715920585,"2022"
2022-12-06,14.1285715103149,"2022"
2022-12-07,14.2000000817435,"2022"
2022-12-08,14.4428571973528,"2022"
2022-12-09,14.7571430206299,"2022"
2022-12-10,15.1000001089913,"2022"
2022-12-11,15.400000163487,"2022"
2022-12-12,15.4714287349156,"2022"
2022-12-13,15.4285715648106,"2022"
2022-12-14,15.0285715375628,"2022"
2022-12-15,14.4857143674578,"2022"
2022-12-16,13.91428565979,"2022"
2022-12-17,13.3571428571429,"2022"
2022-12-18,12.7857142857143,"2022"
2022-12-19,12.2285714830671,"2022"
2022-12-20,11.8142858232771,"2022"
2022-12-21,12.8000001907349,"2022"
2022-12-22,16.0428575788225,"2022"
2022-12-23,23.7000008991786,"2022"
2022-12-24,35.6857147216797,"2022"
2022-12-25,48.8142860957554,"2022"
2022-12-26,61.3999998910087,"2022"
2022-12-27,73.5142860412598,"2022"
2022-12-28,84.7142857142857,"2022"
2022-12-29,92.9333330790202,"2022"
2022-12-30,98.3599990844727,"2022"
2022-12-31,99.0249996185303,"2022"
